CustomerID,Age,Gender,Education,MaritalStatus,EmploymentType, MonthlyIncome , CreditLimit ,MonthsWithBank,PaymentStatus_M1,PaymentStatus_M2,PaymentStatus_M3, BillAmount_M1 , BillAmount_M2 , BillAmount_M3 , PaymentAmount_M1 , PaymentAmount_M2 , PaymentAmount_M3 , CashAdvance_M1 ,LatePayments_6M,DefaultNextMonth,Age_Group, Average_Bill , Average_Payment ,Credit_Utilization,Credit_Utilization_Group,Credit_Utilization_Sort,Late_Payment_Category,Credit_Limit_Group
CC100001,47,Female,Bachelor,Married,Contract,13200000,58000000,98,0,0,0,28730000,30420000,31920000,7080000,5740000,16850000,1850000,1,0,40-49,30356666.67,9890000,0.523390805,High,3,Low,Medium
CC100002,54,Female,Diploma,Married,Salaried,11000000,55000000,240,3,3,3,36850000,33730000,41960000,1080000,920000,730000,7210000,4,1,50-59,37513333.33,910000,0.682060606,High,3,Moderate,Medium
CC100003,40,Female,High School,Married,Other,9300000,45000000,126,0,0,0,27230000,33340000,29680000,3460000,1440000,3260000,2910000,1,0,40-49,30083333.33,2720000,0.668518519,High,3,Low,Medium
CC100004,49,Female,Diploma,Married,Other,10900000,41000000,120,0,0,0,24480000,21140000,22890000,8120000,9490000,21170000,1790000,1,0,40-49,22836666.67,12926666.67,0.55699187,High,3,Low,Medium
CC100005,23,Male,High School,Married,Salaried,8900000,29000000,42,0,0,0,5250000,8000000,10610000,2010000,1270000,3890000,3350000,0,0,21-29,7953333.333,2390000,0.274252874,Moderate,2,No Late Payments,Low
CC100006,39,Male,Bachelor,Married,Salaried,12700000,60000000,99,0,0,0,6020000,8770000,16060000,6050000,5530000,6140000,1060000,0,0,30-39,10283333.33,5906666.667,0.171388889,Low,1,No Late Payments,High
CC100007,47,Female,Bachelor,Other,Salaried,19900000,125000000,218,0,1,0,31660000,32880000,29900000,9810000,9640000,6460000,7750000,1,1,40-49,31480000,8636666.667,0.25184,Moderate,2,Low,Very High
CC100008,47,Female,Bachelor,Single,Salaried,12800000,82000000,136,0,0,0,10200000,2740000,0,1200000,1770000,0,540000,1,0,40-49,4313333.333,990000,0.052601626,Low,1,Low,High
CC100009,38,Male,Bachelor,Single,Salaried,10500000,67000000,116,0,0,0,34240000,38810000,34290000,13180000,37530000,12550000,1910000,0,0,30-39,35780000,21086666.67,0.534029851,High,3,No Late Payments,High
CC100010,61,Female,Diploma,Married,Government,18200000,108000000,240,1,0,1,23900000,25340000,22270000,6450000,6930000,8180000,50000,2,0,60+,23836666.67,7186666.667,0.220709877,Low,1,Low,Very High
CC100011,52,Male,High School,Married,Salaried,9600000,55000000,168,0,0,0,24820000,11630000,12860000,14810000,3850000,11390000,180000,0,0,50-59,16436666.67,10016666.67,0.298848485,Moderate,2,No Late Payments,Medium
CC100012,42,Male,Bachelor,Other,Salaried,10300000,62000000,145,0,0,0,30520000,38700000,41900000,9480000,20260000,12000000,2230000,0,0,40-49,37040000,13913333.33,0.597419355,High,3,No Late Payments,High
CC100013,43,Female,Bachelor,Married,Salaried,17800000,88000000,116,0,0,0,11080000,5630000,28990000,9840000,2170000,7750000,180000,0,1,40-49,15233333.33,6586666.667,0.173106061,Low,1,No Late Payments,High
CC100014,50,Male,Postgraduate,Married,Salaried,22000000,131000000,196,0,0,0,68020000,59320000,31130000,19650000,27630000,6980000,2900000,1,0,50-59,52823333.33,18086666.67,0.403231552,Moderate,2,Low,Very High
CC100015,48,Female,Bachelor,Other,Self-employed,26000000,164000000,189,0,0,0,57070000,82630000,57840000,28440000,43350000,27410000,8410000,0,0,40-49,65846666.67,33066666.67,0.401504065,Moderate,2,No Late Payments,Very High
CC100016,21,Female,Diploma,Married,Salaried,9700000,28000000,27,0,0,0,11260000,9550000,9210000,3950000,3500000,1930000,440000,0,0,21-29,10006666.67,3126666.667,0.357380952,Moderate,2,No Late Payments,Low
CC100017,57,Female,High School,Other,Salaried,10200000,65000000,193,0,0,0,17880000,5290000,23480000,10180000,2020000,7130000,3890000,0,0,50-59,15550000,6443333.333,0.239230769,Low,1,No Late Payments,High
CC100018,21,Female,Diploma,Single,Government,5800000,21000000,3,0,0,0,12400000,8550000,6770000,4020000,2020000,1390000,1300000,0,0,21-29,9240000,2476666.667,0.44,Moderate,2,No Late Payments,Low
CC100019,27,Male,Postgraduate,Married,Salaried,12100000,52000000,56,2,0,0,25770000,24540000,24570000,4130000,2360000,7450000,4220000,2,1,21-29,24960000,4646666.667,0.48,Moderate,2,Low,Medium
CC100020,32,Female,Bachelor,Married,Self-employed,15600000,79000000,61,0,0,3,59540000,47920000,65060000,15950000,19480000,890000,6370000,2,1,30-39,57506666.67,12106666.67,0.727932489,High,3,Low,High
CC100021,43,Male,Diploma,Married,Self-employed,9400000,47000000,141,0,0,0,9720000,16560000,16350000,8600000,5910000,10100000,770000,0,0,40-49,14210000,8203333.333,0.302340426,Moderate,2,No Late Payments,Medium
CC100022,21,Female,High School,Single,Salaried,6100000,22000000,3,0,0,0,15260000,15850000,14470000,6800000,3960000,5640000,1270000,0,0,21-29,15193333.33,5466666.667,0.690606061,High,3,No Late Payments,Low
CC100023,39,Male,Diploma,Single,Contract,10100000,33000000,131,0,0,0,29060000,27420000,24630000,9840000,10900000,5330000,1290000,0,0,30-39,27036666.67,8690000,0.819292929,Very High,4,No Late Payments,Low
CC100024,41,Male,Postgraduate,Married,Salaried,20500000,95000000,113,2,0,1,88080000,89130000,89800000,4960000,5770000,24760000,5720000,2,0,40-49,89003333.33,11830000,0.936877193,Very High,4,Low,High
CC100025,41,Male,Postgraduate,Other,Salaried,14700000,61000000,116,0,0,0,16980000,4820000,8410000,3900000,2350000,3790000,1740000,1,0,40-49,10070000,3346666.667,0.165081967,Low,1,Low,High
CC100026,21,Female,High School,Single,Salaried,8500000,47000000,14,0,0,0,28270000,23460000,28250000,4120000,7740000,3660000,980000,2,0,21-29,26660000,5173333.333,0.567234043,High,3,Low,Medium
CC100027,26,Female,High School,Single,Other,5200000,28000000,22,2,3,3,23690000,23750000,22000000,1700000,500000,2310000,2190000,3,1,21-29,23146666.67,1503333.333,0.826666667,Very High,4,Moderate,Low
CC100028,32,Male,Bachelor,Single,Contract,9100000,53000000,104,3,3,0,34310000,35750000,35290000,1050000,850000,10440000,4600000,2,1,30-39,35116666.67,4113333.333,0.662578616,High,3,Low,Medium
CC100029,27,Male,Postgraduate,Single,Salaried,7900000,37000000,27,0,0,0,12220000,9650000,13870000,12020000,3620000,2990000,1910000,0,0,21-29,11913333.33,6210000,0.321981982,Moderate,2,No Late Payments,Low
CC100030,39,Male,High School,Single,Other,7100000,40000000,130,2,0,0,17440000,12440000,9540000,1790000,850000,2670000,1360000,1,1,30-39,13140000,1770000,0.3285,Moderate,2,Low,Medium
CC100031,30,Female,High School,Married,Salaried,6800000,31000000,76,0,3,3,18170000,15210000,20440000,18230000,610000,620000,2680000,3,0,30-39,17940000,6486666.667,0.578709677,High,3,Moderate,Low
CC100032,26,Female,High School,Married,Salaried,9700000,51000000,33,0,0,0,21090000,19900000,19700000,7320000,20290000,4850000,2190000,0,0,21-29,20230000,10820000,0.396666667,Moderate,2,No Late Payments,Medium
CC100033,39,Female,Bachelor,Single,Salaried,9600000,27000000,32,0,3,3,8880000,11770000,14250000,3420000,1470000,1020000,2780000,2,0,30-39,11633333.33,1970000,0.430864198,Moderate,2,Low,Low
CC100034,31,Female,Bachelor,Married,Self-employed,17700000,56000000,56,1,3,3,41050000,40290000,39160000,770000,600000,3670000,4690000,4,1,30-39,40166666.67,1680000,0.717261905,High,3,Moderate,Medium
CC100035,48,Male,Postgraduate,Married,Self-employed,31200000,78000000,62,0,0,0,67600000,62830000,47820000,8720000,51730000,17600000,5660000,1,0,40-49,59416666.67,26016666.67,0.761752137,Very High,4,Low,High
CC100036,41,Male,High School,Other,Salaried,7700000,36000000,62,0,0,0,18550000,13600000,13340000,7060000,5670000,3650000,390000,1,0,40-49,15163333.33,5460000,0.421203704,Moderate,2,Low,Low
CC100037,38,Male,High School,Single,Government,12500000,65000000,141,0,0,0,18900000,11250000,12250000,5390000,10940000,11780000,220000,1,0,30-39,14133333.33,9370000,0.217435897,Low,1,Low,High
CC100038,34,Female,Diploma,Married,Salaried,9500000,46000000,49,3,2,0,44260000,47120000,41090000,740000,4850000,22360000,3170000,2,1,30-39,44156666.67,9316666.667,0.959927536,Very High,4,Low,Medium
CC100039,29,Male,High School,Married,Salaried,5000000,20000000,46,1,3,0,11700000,8700000,12830000,1950000,220000,2780000,410000,2,0,21-29,11076666.67,1650000,0.553833333,High,3,Low,Low
CC100040,38,Male,Diploma,Single,Salaried,14200000,98000000,155,0,0,0,53310000,47150000,50730000,16280000,16990000,29100000,610000,0,0,30-39,50396666.67,20790000,0.514251701,High,3,No Late Payments,High
CC100041,44,Female,Bachelor,Married,Salaried,13800000,46000000,66,0,0,0,0,430000,6120000,0,430000,1510000,1130000,0,0,40-49,2183333.333,646666.6667,0.047463768,Low,1,No Late Payments,Medium
CC100042,26,Male,Postgraduate,Single,Salaried,14700000,46000000,43,0,0,0,14080000,17950000,21990000,5490000,7870000,12410000,3000000,0,0,21-29,18006666.67,8590000,0.391449275,Moderate,2,No Late Payments,Medium
CC100043,43,Female,Bachelor,Married,Salaried,20400000,119000000,146,3,3,2,76330000,83110000,78690000,3020000,3280000,16790000,9140000,3,1,40-49,79376666.67,7696666.667,0.667030812,High,3,Moderate,Very High
CC100044,55,Male,Diploma,Married,Contract,7700000,27000000,197,3,3,0,22440000,16460000,21730000,530000,730000,3670000,2450000,2,1,50-59,20210000,1643333.333,0.748518519,High,3,Low,Low
CC100045,48,Female,High School,Married,Self-employed,13500000,86000000,170,0,0,0,24950000,20340000,22530000,21240000,7860000,2990000,1570000,1,0,40-49,22606666.67,10696666.67,0.262868217,Moderate,2,Low,High
CC100046,37,Female,Diploma,Married,Salaried,9000000,58000000,104,0,0,0,27640000,33370000,37150000,4440000,16070000,15620000,2190000,1,0,30-39,32720000,12043333.33,0.564137931,High,3,Low,Medium
CC100047,50,Male,High School,Married,Government,23900000,116000000,126,0,0,0,57420000,42120000,41990000,25160000,34200000,17220000,8590000,1,0,50-59,47176666.67,25526666.67,0.406695402,Moderate,2,Low,Very High
CC100048,45,Male,High School,Single,Government,11500000,74000000,86,0,0,0,33690000,19300000,23970000,11230000,19500000,8910000,5960000,0,0,40-49,25653333.33,13213333.33,0.346666667,Moderate,2,No Late Payments,High
CC100049,40,Female,Bachelor,Married,Salaried,15200000,81000000,143,3,3,3,64370000,61620000,62830000,1210000,1680000,1180000,5480000,3,1,40-49,62940000,1356666.667,0.777037037,Very High,4,Moderate,High
CC100050,34,Male,Diploma,Single,Salaried,6200000,23000000,65,0,0,0,90000,1530000,3740000,90000,1370000,1340000,170000,0,0,30-39,1786666.667,933333.3333,0.077681159,Low,1,No Late Payments,Low
CC100051,47,Male,Diploma,Married,Self-employed,14400000,76000000,152,0,3,0,32950000,25690000,30880000,9830000,830000,11550000,9860000,3,0,40-49,29840000,7403333.333,0.392631579,Moderate,2,Moderate,High
CC100052,44,Male,High School,Single,Salaried,13700000,44000000,166,0,0,0,720000,5600000,4970000,720000,1710000,1300000,2916058,0,0,40-49,3763333.333,1243333.333,0.085530303,Low,1,No Late Payments,Medium
CC100053,35,Female,High School,Married,Self-employed,13300000,66000000,92,1,0,0,12930000,16280000,18690000,3040000,6690000,5850000,1850000,1,0,30-39,15966666.67,5193333.333,0.241919192,Low,1,Low,High
CC100054,21,Female,Bachelor,Single,Salaried,9900000,31000000,27,1,2,3,16210000,11680000,15390000,460000,500000,3790000,1910000,3,1,21-29,14426666.67,1583333.333,0.465376344,Moderate,2,Moderate,Low
CC100055,45,Female,Diploma,Married,Other,12800000,60000000,160,0,0,0,12760000,20530000,25080000,2720000,9100000,5390000,3470000,0,0,40-49,19456666.67,5736666.667,0.324277778,Moderate,2,No Late Payments,High
CC100056,36,Male,Diploma,Married,Government,9500000,60000000,120,0,0,0,19500000,9780000,9410000,7260000,2970000,3590000,2950000,0,0,30-39,12896666.67,4606666.667,0.214944444,Low,1,No Late Payments,High
CC100057,62,Female,Bachelor,Married,Self-employed,23000000,108000000,120,0,0,0,13250000,5550000,13250000,4570000,2870000,5280000,3060000,0,0,60+,10683333.33,4240000,0.098919753,Low,1,No Late Payments,Very High
CC100058,22,Male,Diploma,Married,Salaried,12400000,76000000,22,0,0,0,34590000,47870000,51430000,3970000,48570000,4410000,1410000,1,0,21-29,44630000,18983333.33,0.587236842,High,3,Low,High
CC100059,35,Male,Bachelor,Single,Contract,12600000,53000000,62,0,0,0,17360000,22000000,28780000,16440000,9270000,3420000,5780000,0,0,30-39,22713333.33,9710000,0.428553459,Moderate,2,No Late Payments,Medium
CC100060,34,Female,Postgraduate,Other,Self-employed,19600000,77000000,61,0,0,0,41030000,18810000,14970000,28390000,2950000,5940000,2440000,1,0,30-39,24936666.67,12426666.67,0.323852814,Moderate,2,Low,High
CC100061,47,Male,High School,Married,Salaried,10300000,64000000,171,0,0,0,19030000,23330000,28520000,830000,6730000,2640000,8450000,1,0,40-49,23626666.67,3400000,0.369166667,Moderate,2,Low,High
CC100062,42,Female,Bachelor,Married,Contract,10800000,32000000,105,2,0,0,19590000,20620000,16590000,3170000,16860000,5950000,1980000,1,1,40-49,18933333.33,8660000,0.591666667,High,3,Low,Low
CC100063,30,Male,Bachelor,Other,Self-employed,7300000,42000000,98,0,0,0,5880000,9570000,10100000,2050000,3890000,5340000,3480000,0,0,30-39,8516666.667,3760000,0.202777778,Low,1,No Late Payments,Medium
CC100064,37,Male,Diploma,Married,Government,13600000,61000000,57,1,3,2,36350000,48380000,46860000,13480000,6320000,8310000,3220000,3,1,30-39,43863333.33,9370000,0.719071038,High,3,Moderate,High
CC100065,55,Female,Postgraduate,Other,Salaried,13000000,86000000,219,0,1,1,42080000,45140000,40190000,11140000,6000000,3070000,2680000,3,0,50-59,42470000,6736666.667,0.493837209,Moderate,2,Moderate,High
CC100066,31,Female,Diploma,Other,Contract,17900000,37000000,53,0,0,1,14550000,16990000,11410000,4300000,16580000,2810000,590000,1,0,30-39,14316666.67,7896666.667,0.386936937,Moderate,2,Low,Low
CC100067,34,Male,Diploma,Married,Self-employed,8100000,29000000,82,0,0,0,10990000,11060000,14810000,5400000,10810000,15460000,1420000,1,0,30-39,12286666.67,10556666.67,0.423678161,Moderate,2,Low,Low
CC100068,21,Male,Bachelor,Married,Salaried,9800000,46000000,6,2,2,0,27990000,30810000,33780000,5800000,5280000,5680000,1780000,3,1,21-29,30860000,5586666.667,0.670869565,High,3,Moderate,Medium
CC100069,40,Male,Diploma,Married,Government,6800000,32000000,77,0,0,1,25740000,19560000,12330000,21110000,3980000,3270000,520000,1,0,40-49,19210000,9453333.333,0.6003125,High,3,Low,Low
CC100070,24,Female,Bachelor,Single,Contract,6800000,20000000,36,0,3,3,11030000,10950000,11190000,5470000,300000,330000,1390000,2,0,21-29,11056666.67,2033333.333,0.552833333,High,3,Low,Low
CC100071,25,Female,Bachelor,Married,Salaried,5500000,20000000,43,0,0,0,1990000,5800000,2710000,1610000,2470000,1530000,1470000,0,0,21-29,3500000,1870000,0.175,Low,1,No Late Payments,Low
CC100072,52,Female,Diploma,Married,Salaried,14600000,94000000,168,3,0,0,41320000,48470000,46040000,1920000,17490000,1060000,5320000,1,1,50-59,45276666.67,6823333.333,0.481666667,Moderate,2,Low,High
CC100073,58,Male,High School,Married,Government,12600000,81000000,240,0,0,0,39080000,37800000,41100000,15170000,6420000,14700000,1020000,0,0,50-59,39326666.67,12096666.67,0.485514403,Moderate,2,No Late Payments,High
CC100074,28,Male,High School,Single,Government,9100000,21000000,29,0,0,0,11730000,9150000,9900000,4390000,1890000,2550000,570000,0,0,21-29,10260000,2943333.333,0.488571429,Moderate,2,No Late Payments,Low
CC100075,30,Male,High School,Married,Salaried,7000000,34000000,42,0,0,1,14090000,11900000,17410000,5830000,10700000,4970000,350000,2,0,30-39,14466666.67,7166666.667,0.425490196,Moderate,2,Low,Low
CC100076,46,Female,Bachelor,Married,Salaried,25300000,113000000,176,0,1,0,30430000,47000000,33010000,9280000,12790000,8610000,5840000,3,0,40-49,36813333.33,10226666.67,0.325781711,Moderate,2,Moderate,Very High
CC100077,45,Male,Diploma,Single,Self-employed,17800000,76000000,179,3,3,3,59190000,57310000,69000000,840000,1570000,1700000,11500000,3,1,40-49,61833333.33,1370000,0.813596491,Very High,4,Moderate,High
CC100078,26,Female,Postgraduate,Single,Government,12800000,88000000,54,0,1,0,78260000,68760000,66460000,38620000,28700000,56230000,7350000,2,0,21-29,71160000,41183333.33,0.808636364,Very High,4,Low,High
CC100079,40,Female,High School,Married,Contract,5300000,26000000,76,0,0,0,6280000,8230000,7370000,1970000,7370000,1400000,1180000,0,0,40-49,7293333.333,3580000,0.280512821,Moderate,2,No Late Payments,Low
CC100080,44,Male,Diploma,Married,Self-employed,18700000,50000000,75,0,0,0,18440000,16590000,12940000,16620000,6230000,6840000,890000,0,0,40-49,15990000,9896666.667,0.3198,Moderate,2,No Late Payments,Medium
CC100081,47,Male,High School,Married,Salaried,6300000,22000000,94,2,3,3,9630000,12860000,10450000,320000,3240000,310000,1320000,3,1,40-49,10980000,1290000,0.499090909,Moderate,2,Moderate,Low
CC100082,35,Male,High School,Married,Contract,8100000,48000000,111,0,1,0,28290000,27710000,32640000,14490000,3880000,11200000,1160000,1,0,30-39,29546666.67,9856666.667,0.615555556,High,3,Low,Medium
CC100083,50,Female,Bachelor,Married,Contract,13200000,55000000,203,0,0,0,22620000,21580000,30430000,9370000,19140000,10590000,420000,1,0,50-59,24876666.67,13033333.33,0.45230303,Moderate,2,Low,Medium
CC100084,29,Male,Bachelor,Married,Self-employed,11300000,39000000,52,0,0,0,5040000,6700000,10350000,1490000,2480000,8830000,840000,1,0,21-29,7363333.333,4266666.667,0.188803419,Low,1,Low,Low
CC100085,38,Male,Bachelor,Married,Salaried,14500000,93000000,139,1,0,0,60410000,68490000,74340000,3320000,71870000,12960000,8810000,1,0,30-39,67746666.67,29383333.33,0.728458781,High,3,Low,High
CC100086,52,Male,High School,Married,Contract,7600000,27000000,99,2,0,0,11500000,9420000,10430000,550000,950000,2720000,790000,1,0,50-59,10450000,1406666.667,0.387037037,Moderate,2,Low,Low
CC100087,39,Male,Diploma,Married,Self-employed,17500000,86000000,96,0,0,0,31160000,39610000,31280000,5500000,15930000,9320000,760000,0,0,30-39,34016666.67,10250000,0.395542636,Moderate,2,No Late Payments,High
CC100088,47,Female,Diploma,Married,Salaried,15000000,105000000,135,0,0,0,41430000,42790000,31890000,22180000,11220000,32000000,1990000,1,0,40-49,38703333.33,21800000,0.368603175,Moderate,2,Low,Very High
CC100089,36,Male,Bachelor,Married,Other,13200000,60000000,110,0,0,0,37160000,34640000,32470000,34830000,11790000,13500000,1470000,0,0,30-39,34756666.67,20040000,0.579277778,High,3,No Late Payments,High
CC100090,23,Female,Diploma,Married,Contract,9500000,20000000,7,3,2,0,17620000,14750000,14160000,360000,330000,1040000,2440000,2,0,21-29,15510000,576666.6667,0.7755,Very High,4,Low,Low
CC100091,21,Male,High School,Single,Salaried,6200000,24000000,3,0,2,2,640000,4150000,4460000,630000,280000,920000,1270000,2,0,21-29,3083333.333,610000,0.128472222,Low,1,Low,Low
CC100092,34,Female,High School,Married,Salaried,16700000,83000000,33,1,0,0,44900000,40960000,51650000,11030000,18010000,14050000,1980000,1,0,30-39,45836666.67,14363333.33,0.552248996,High,3,Low,High
CC100093,39,Female,Diploma,Single,Salaried,5000000,21000000,48,0,0,0,3020000,270000,300000,1720000,250000,300000,870000,0,0,30-39,1196666.667,756666.6667,0.056984127,Low,1,No Late Payments,Low
CC100094,58,Female,Diploma,Married,Salaried,18400000,84000000,240,0,0,0,39620000,39540000,30830000,16710000,15180000,32020000,900000,0,0,50-59,36663333.33,21303333.33,0.436468254,Moderate,2,No Late Payments,High
CC100095,39,Male,Bachelor,Single,Salaried,12600000,59000000,118,0,0,0,17950000,4430000,14200000,6180000,1320000,6370000,60000,1,0,30-39,12193333.33,4623333.333,0.206666667,Low,1,Low,Medium
CC100096,41,Male,Bachelor,Other,Salaried,18800000,120000000,136,2,3,2,89360000,109640000,84910000,11370000,2400000,22870000,14120000,4,0,40-49,94636666.67,12213333.33,0.788638889,Very High,4,Moderate,Very High
CC100097,48,Female,Bachelor,Married,Salaried,21100000,74000000,199,2,1,2,30770000,35300000,38430000,1290000,6760000,1140000,4620000,4,1,40-49,34833333.33,3063333.333,0.470720721,Moderate,2,Moderate,High
CC100098,37,Male,Bachelor,Single,Salaried,5800000,22000000,103,0,0,0,7710000,7560000,4530000,2290000,7220000,1090000,90000,0,0,30-39,6600000,3533333.333,0.3,Moderate,2,No Late Payments,Low
CC100099,43,Male,Diploma,Married,Salaried,12100000,46000000,99,0,0,0,13390000,5990000,8890000,4410000,5100000,8400000,3940000,0,0,40-49,9423333.333,5970000,0.204855072,Low,1,No Late Payments,Medium
CC100100,58,Female,High School,Single,Contract,6800000,20000000,139,0,0,0,10960000,7850000,9250000,5590000,4470000,4540000,660000,0,0,50-59,9353333.333,4866666.667,0.467666667,Moderate,2,No Late Payments,Low
CC100101,49,Female,High School,Married,Other,11300000,57000000,191,0,0,1,19390000,22220000,38220000,6850000,2940000,5180000,3500000,2,1,40-49,26610000,4990000,0.466842105,Moderate,2,Low,Medium
CC100102,38,Female,Bachelor,Single,Salaried,13400000,55000000,49,1,0,0,14170000,21890000,28730000,1930000,1970000,12970000,260000,2,0,30-39,21596666.67,5623333.333,0.392666667,Moderate,2,Low,Medium
CC100103,42,Female,High School,Other,Salaried,15600000,81000000,119,0,0,0,41340000,48160000,48370000,12620000,25940000,14600000,590000,0,0,40-49,45956666.67,17720000,0.567366255,High,3,No Late Payments,High
CC100104,36,Male,Diploma,Married,Salaried,11700000,52000000,94,0,0,0,20390000,15530000,15680000,5450000,5020000,810000,2510000,0,0,30-39,17200000,3760000,0.330769231,Moderate,2,No Late Payments,Medium
CC100105,44,Female,High School,Married,Self-employed,7400000,32000000,179,1,0,0,4310000,7450000,9930000,1100000,1740000,5150000,2260000,2,0,40-49,7230000,2663333.333,0.2259375,Low,1,Low,Low
CC100106,46,Male,High School,Married,Government,7800000,43000000,109,0,0,0,12400000,9020000,6790000,3080000,2830000,2120000,450000,1,0,40-49,9403333.333,2676666.667,0.218682171,Low,1,Low,Medium
CC100107,51,Female,Bachelor,Married,Self-employed,13400000,54000000,117,0,1,2,23100000,12280000,16040000,13120000,5080000,3790000,450000,2,1,50-59,17140000,7330000,0.317407407,Moderate,2,Low,Medium
CC100108,47,Male,Bachelor,Married,Government,16700000,125000000,123,0,0,0,11490000,25520000,6810000,11690000,10700000,4120000,2900000,0,0,40-49,14606666.67,8836666.667,0.116853333,Low,1,No Late Payments,Very High
CC100109,36,Male,High School,Single,Government,13700000,58000000,134,0,0,0,20200000,22410000,31430000,7590000,23010000,7550000,960000,1,0,30-39,24680000,12716666.67,0.425517241,Moderate,2,Low,Medium
CC100110,34,Female,Bachelor,Married,Salaried,15200000,93000000,86,0,0,0,11560000,34980000,27960000,2470000,18930000,6490000,610000,0,0,30-39,24833333.33,9296666.667,0.26702509,Moderate,2,No Late Payments,High
CC100111,33,Female,Bachelor,Married,Salaried,14700000,74000000,38,2,0,0,16600000,24390000,29840000,1610000,2930000,4320000,1850000,1,0,30-39,23610000,2953333.333,0.319054054,Moderate,2,Low,High
CC100112,50,Male,High School,Single,Government,12900000,58000000,169,0,0,0,7980000,16940000,11680000,7740000,3810000,10870000,1330000,0,0,50-59,12200000,7473333.333,0.210344828,Low,1,No Late Payments,Medium
CC100113,35,Male,Bachelor,Married,Self-employed,17200000,58000000,38,0,0,0,33270000,24800000,22520000,13660000,11120000,4220000,20000,0,1,30-39,26863333.33,9666666.667,0.46316092,Moderate,2,No Late Payments,Medium
CC100114,27,Female,Diploma,Married,Contract,10300000,56000000,17,2,0,0,31880000,25400000,26920000,5210000,12420000,3030000,2160000,1,1,21-29,28066666.67,6886666.667,0.501190476,High,3,Low,Medium
CC100115,38,Female,Bachelor,Single,Self-employed,10900000,61000000,88,2,2,0,32000000,31870000,31780000,1570000,1830000,16590000,3430000,3,0,30-39,31883333.33,6663333.333,0.522677596,High,3,Moderate,High
CC100116,48,Female,Bachelor,Married,Salaried,18300000,92000000,90,0,0,0,38540000,38870000,49490000,11000000,15720000,17770000,1270000,1,0,40-49,42300000,14830000,0.459782609,Moderate,2,Low,High
CC100117,53,Female,Bachelor,Married,Salaried,7600000,34000000,193,0,0,0,20650000,20830000,25860000,670000,2550000,13680000,530000,1,0,50-59,22446666.67,5633333.333,0.660196078,High,3,Low,Low
CC100118,34,Female,Bachelor,Single,Salaried,12900000,64000000,41,0,0,0,27370000,31850000,45400000,11010000,15680000,36880000,1110000,0,0,30-39,34873333.33,21190000,0.544895833,High,3,No Late Payments,High
CC100119,38,Male,Bachelor,Single,Salaried,12900000,54000000,113,0,1,0,36680000,34920000,34800000,12390000,8090000,17520000,3210000,1,0,30-39,35466666.67,12666666.67,0.656790123,High,3,Low,Medium
CC100120,29,Male,Diploma,Single,Other,7600000,33000000,65,1,3,3,23910000,22290000,27690000,8610000,2120000,1180000,1980000,3,0,21-29,24630000,3970000,0.746363636,High,3,Moderate,Low
CC100121,38,Female,Bachelor,Married,Salaried,18700000,90000000,137,0,0,0,25720000,27780000,24550000,5980000,10670000,22290000,5790000,0,0,30-39,26016666.67,12980000,0.289074074,Moderate,2,No Late Payments,High
CC100122,21,Male,Diploma,Single,Salaried,9000000,42000000,40,0,0,0,18160000,20930000,14230000,6450000,17160000,5920000,2920000,1,0,21-29,17773333.33,9843333.333,0.423174603,Moderate,2,Low,Medium
CC100123,38,Male,Postgraduate,Married,Salaried,18100000,43000000,46,3,2,0,27970000,27820000,31980000,800000,1700000,29360000,2280000,2,0,30-39,29256666.67,10620000,0.680387597,High,3,Low,Medium
CC100124,34,Female,Bachelor,Married,Salaried,12400000,58000000,45,0,0,0,33860000,35770000,43340000,16360000,15220000,14880000,3080000,0,0,30-39,37656666.67,15486666.67,0.649252874,High,3,No Late Payments,Medium
CC100125,38,Male,Diploma,Married,Self-employed,17100000,101000000,114,0,0,0,19600000,36360000,42750000,8170000,12650000,13670000,950000,0,1,30-39,32903333.33,11496666.67,0.325775578,Moderate,2,No Late Payments,Very High
CC100126,34,Female,Bachelor,Single,Salaried,10200000,38000000,56,3,3,0,17940000,17330000,14260000,790000,500000,12680000,2410000,2,1,30-39,16510000,4656666.667,0.434473684,Moderate,2,Low,Low
CC100127,26,Female,Diploma,Single,Salaried,9700000,31000000,24,0,0,0,19930000,14880000,8330000,5710000,2460000,3100000,1160000,2,0,21-29,14380000,3756666.667,0.463870968,Moderate,2,Low,Low
CC100128,24,Male,Diploma,Married,Government,10300000,38000000,3,0,0,0,16330000,20270000,18630000,6400000,5750000,7310000,300000,1,0,21-29,18410000,6486666.667,0.484473684,Moderate,2,Low,Low
CC100129,28,Female,High School,Married,Salaried,7900000,27000000,35,0,0,0,10080000,13750000,13450000,2550000,12280000,11350000,1120000,0,0,21-29,12426666.67,8726666.667,0.460246914,Moderate,2,No Late Payments,Low
CC100130,39,Male,Bachelor,Married,Contract,10100000,47000000,128,0,0,0,31950000,30510000,27460000,14650000,29140000,9310000,4800000,1,0,30-39,29973333.33,17700000,0.637730496,High,3,Low,Medium
CC100131,37,Male,Bachelor,Married,Salaried,17300000,96000000,116,1,0,0,76800000,78080000,64700000,1300000,72890000,10710000,8360000,2,0,30-39,73193333.33,28300000,0.762430556,Very High,4,Low,High
CC100132,41,Female,High School,Married,Government,7700000,49000000,111,0,0,0,22020000,27620000,22760000,8130000,11570000,7760000,680000,0,0,40-49,24133333.33,9153333.333,0.492517007,Moderate,2,No Late Payments,Medium
CC100133,41,Male,High School,Married,Contract,13400000,48000000,137,1,0,2,9190000,11940000,15920000,1720000,2910000,850000,2520000,2,0,40-49,12350000,1826666.667,0.257291667,Moderate,2,Low,Medium
CC100134,27,Female,Bachelor,Single,Salaried,6600000,33000000,59,0,0,0,5900000,9760000,6240000,2940000,2770000,2050000,1230000,0,0,21-29,7300000,2586666.667,0.221212121,Low,1,No Late Payments,Low
CC100135,44,Female,Diploma,Married,Self-employed,13000000,74000000,77,1,3,0,52190000,53210000,48640000,13630000,8710000,16470000,1760000,2,0,40-49,51346666.67,12936666.67,0.693873874,High,3,Low,High
CC100136,36,Female,High School,Single,Self-employed,14000000,70000000,57,0,0,0,53070000,35410000,43270000,21770000,1260000,12310000,2040000,0,0,30-39,43916666.67,11780000,0.627380952,High,3,No Late Payments,High
CC100137,40,Female,High School,Married,Other,8600000,36000000,73,2,1,3,24000000,26290000,29120000,2560000,6090000,460000,2350000,3,1,40-49,26470000,3036666.667,0.735277778,High,3,Moderate,Low
CC100138,42,Female,Diploma,Married,Salaried,10700000,61000000,130,0,0,0,8610000,18630000,11040000,3590000,10320000,3540000,1600000,0,0,40-49,12760000,5816666.667,0.209180328,Low,1,No Late Payments,High
CC100139,35,Female,Bachelor,Married,Salaried,10200000,41000000,64,0,0,0,230000,50000,0,230000,50000,0,1460000,0,0,30-39,93333.33333,93333.33333,0.002276423,Low,1,No Late Payments,Medium
CC100140,29,Male,Bachelor,Married,Self-employed,13200000,49000000,53,0,0,0,22800000,22280000,33490000,6980000,6580000,7260000,1050000,0,0,21-29,26190000,6940000,0.534489796,High,3,No Late Payments,Medium
CC100141,24,Female,Diploma,Single,Salaried,5100000,20000000,48,0,0,0,4100000,5050000,3170000,1830000,1100000,1100000,1250000,0,0,21-29,4106666.667,1343333.333,0.205333333,Low,1,No Late Payments,Low
CC100142,42,Female,Diploma,Single,Self-employed,8200000,45000000,82,2,0,0,21690000,25180000,23830000,2990000,23830000,7050000,650000,2,0,40-49,23566666.67,11290000,0.523703704,High,3,Low,Medium
CC100143,31,Male,Bachelor,Married,Government,10200000,37000000,10,0,0,0,15530000,16410000,12950000,4080000,6810000,2630000,3550000,1,0,30-39,14963333.33,4506666.667,0.404414414,Moderate,2,Low,Low
CC100144,21,Male,Diploma,Single,Salaried,5000000,20000000,6,1,0,0,6100000,9650000,11040000,380000,2320000,2460000,1890000,1,0,21-29,8930000,1720000,0.4465,Moderate,2,Low,Low
CC100145,29,Female,Bachelor,Single,Self-employed,15000000,62000000,63,2,0,3,16970000,20540000,25470000,2860000,3840000,740000,3820000,2,0,21-29,20993333.33,2480000,0.338602151,Moderate,2,Low,High
CC100146,21,Male,Bachelor,Single,Salaried,10000000,55000000,9,0,2,3,21470000,26670000,28930000,2860000,840000,3640000,5580000,2,0,21-29,25690000,2446666.667,0.467090909,Moderate,2,Low,Medium
CC100147,43,Male,Bachelor,Married,Self-employed,17400000,37000000,143,0,1,1,2400000,3630000,6170000,670000,970000,2450000,1700000,3,0,40-49,4066666.667,1363333.333,0.10990991,Low,1,Moderate,Low
CC100148,33,Male,Bachelor,Other,Salaried,16100000,83000000,47,1,0,0,54450000,56150000,48400000,15020000,14230000,45140000,2210000,1,0,30-39,53000000,24796666.67,0.638554217,High,3,Low,High
CC100149,24,Male,Diploma,Single,Contract,5000000,21000000,26,2,3,0,13190000,13070000,15120000,1060000,430000,2930000,1230000,2,1,21-29,13793333.33,1473333.333,0.656825397,High,3,Low,Low
CC100150,52,Female,Bachelor,Married,Government,20500000,111000000,155,1,0,0,34030000,39560000,29980000,6940000,8010000,8190000,2950000,1,0,50-59,34523333.33,7713333.333,0.311021021,Moderate,2,Low,Very High
CC100151,25,Male,Bachelor,Married,Contract,7600000,20000000,71,0,0,0,9890000,7920000,8030000,2950000,2290000,2720000,1620000,1,0,21-29,8613333.333,2653333.333,0.430666667,Moderate,2,Low,Low
CC100152,45,Male,High School,Married,Salaried,9500000,48000000,129,3,3,3,19880000,20510000,30000000,600000,630000,630000,3530000,4,1,40-49,23463333.33,620000,0.488819444,Moderate,2,Moderate,Medium
CC100153,38,Female,Bachelor,Married,Self-employed,8800000,57000000,87,0,0,0,19780000,22470000,27190000,11060000,6220000,7600000,3370000,0,0,30-39,23146666.67,8293333.333,0.406081871,Moderate,2,No Late Payments,Medium
CC100154,54,Female,Postgraduate,Married,Government,17200000,106000000,159,0,1,1,12560000,30490000,35420000,3990000,4380000,11770000,6470000,2,0,50-59,26156666.67,6713333.333,0.246761006,Low,1,Low,Very High
CC100155,26,Male,Bachelor,Single,Self-employed,11300000,53000000,63,0,0,0,14330000,8630000,1410000,1790000,4050000,830000,1740000,0,0,21-29,8123333.333,2223333.333,0.15327044,Low,1,No Late Payments,Medium
CC100156,25,Male,Bachelor,Single,Contract,5000000,20000000,40,0,0,0,3610000,5060000,6630000,910000,1100000,2050000,1240000,0,0,21-29,5100000,1353333.333,0.255,Moderate,2,No Late Payments,Low
CC100157,43,Female,High School,Married,Salaried,9200000,49000000,144,2,0,0,31520000,30830000,23090000,3910000,7250000,7360000,4200000,1,1,40-49,28480000,6173333.333,0.58122449,High,3,Low,Medium
CC100158,26,Female,Diploma,Married,Self-employed,9800000,45000000,67,0,0,0,11700000,15500000,11030000,4860000,3930000,2870000,2740000,0,0,21-29,12743333.33,3886666.667,0.283185185,Moderate,2,No Late Payments,Medium
CC100159,43,Male,Postgraduate,Married,Salaried,10900000,40000000,92,1,0,0,15070000,12130000,14050000,5790000,3370000,3910000,600000,2,0,40-49,13750000,4356666.667,0.34375,Moderate,2,Low,Medium
CC100160,34,Female,Bachelor,Single,Government,16400000,91000000,36,0,0,0,34510000,39430000,32560000,12330000,12320000,1020000,180000,0,0,30-39,35500000,8556666.667,0.39010989,Moderate,2,No Late Payments,High
CC100161,34,Female,Bachelor,Single,Other,6400000,22000000,116,0,0,0,9850000,9840000,8220000,1880000,3630000,3860000,50000,0,0,30-39,9303333.333,3123333.333,0.422878788,Moderate,2,No Late Payments,Low
CC100162,31,Male,Bachelor,Other,Salaried,13000000,49000000,76,0,0,0,5550000,5370000,10200000,2400000,5090000,3340000,2230000,0,0,30-39,7040000,3610000,0.143673469,Low,1,No Late Payments,Medium
CC100163,40,Male,High School,Married,Government,12900000,55000000,60,0,0,0,36270000,38410000,35900000,11050000,12040000,35630000,1630000,0,0,40-49,36860000,19573333.33,0.670181818,High,3,No Late Payments,Medium
CC100164,39,Female,High School,Single,Salaried,12100000,65000000,133,0,0,0,8330000,16060000,23160000,8340000,13030000,12400000,3240000,1,0,30-39,15850000,11256666.67,0.243846154,Low,1,Low,High
CC100165,21,Male,Bachelor,Married,Self-employed,7300000,28000000,7,1,1,0,13280000,15970000,18860000,3240000,6560000,4480000,1010000,2,1,21-29,16036666.67,4760000,0.572738095,High,3,Low,Low
CC100166,42,Female,Diploma,Married,Salaried,9400000,49000000,148,0,0,0,340000,0,0,340000,0,0,1200000,1,0,40-49,113333.3333,113333.3333,0.002312925,Low,1,Low,Medium
CC100167,49,Female,High School,Single,Self-employed,13500000,67000000,167,0,0,1,51750000,51080000,44350000,22220000,13040000,5650000,1820000,2,0,40-49,49060000,13636666.67,0.732238806,High,3,Low,High
CC100168,40,Female,Diploma,Married,Other,11100000,52000000,116,2,3,0,21080000,20180000,10740000,850000,1130000,9840000,2210000,3,1,40-49,17333333.33,3940000,0.333333333,Moderate,2,Moderate,Medium
CC100169,38,Female,High School,Married,Other,7400000,38000000,90,0,0,0,3770000,3620000,3370000,740000,1690000,920000,2290000,0,0,30-39,3586666.667,1116666.667,0.094385965,Low,1,No Late Payments,Low
CC100170,36,Female,High School,Married,Government,11600000,62000000,123,0,0,0,8080000,2760000,6440000,1610000,1130000,4280000,3800000,0,0,30-39,5760000,2340000,0.092903226,Low,1,No Late Payments,High
CC100171,44,Male,Diploma,Other,Salaried,13200000,82000000,97,0,0,0,42360000,29330000,32950000,17400000,7600000,12120000,5750000,0,0,40-49,34880000,12373333.33,0.425365854,Moderate,2,No Late Payments,High
CC100172,29,Male,High School,Single,Salaried,7300000,27000000,36,2,1,2,7370000,7710000,6490000,3030000,1910000,450000,1460000,5,1,21-29,7190000,1796666.667,0.266296296,Moderate,2,High,Low
CC100173,44,Female,Diploma,Single,Self-employed,13700000,59000000,65,0,0,0,13300000,7390000,10440000,5090000,3670000,6120000,2320000,0,0,40-49,10376666.67,4960000,0.175875706,Low,1,No Late Payments,Medium
CC100174,25,Male,High School,Single,Other,5000000,26000000,52,0,0,2,6240000,5950000,7840000,2380000,560000,580000,3080000,1,1,21-29,6676666.667,1173333.333,0.256794872,Moderate,2,Low,Low
CC100175,31,Female,Diploma,Married,Government,11100000,22000000,41,0,2,0,10530000,12280000,10420000,2640000,390000,1370000,950000,2,0,30-39,11076666.67,1466666.667,0.503484848,High,3,Low,Low
CC100176,31,Female,High School,Single,Salaried,12200000,54000000,66,0,3,3,43240000,41070000,44990000,2310000,8900000,700000,4710000,2,0,30-39,43100000,3970000,0.798148148,Very High,4,Low,Medium
CC100177,33,Female,High School,Married,Government,9600000,48000000,40,3,3,3,37200000,30590000,26350000,1740000,800000,1320000,3450000,3,1,30-39,31380000,1286666.667,0.65375,High,3,Moderate,Medium
CC100178,25,Female,Diploma,Single,Government,7900000,51000000,61,0,0,0,32170000,20980000,34200000,7010000,8360000,34790000,4410000,0,0,21-29,29116666.67,16720000,0.570915033,High,3,No Late Payments,Medium
CC100179,55,Male,Diploma,Married,Salaried,7100000,20000000,89,2,1,2,7800000,7830000,9710000,1940000,390000,1160000,1120000,3,1,50-59,8446666.667,1163333.333,0.422333333,Moderate,2,Moderate,Low
CC100180,48,Male,Diploma,Married,Salaried,21600000,141000000,162,0,0,0,61180000,54230000,43000000,22900000,49440000,15830000,7550000,0,1,40-49,52803333.33,29390000,0.374491726,Moderate,2,No Late Payments,Very High
CC100181,42,Female,Diploma,Single,Government,10700000,38000000,77,0,0,0,12060000,17080000,17330000,4980000,3110000,8980000,760000,0,0,40-49,15490000,5690000,0.407631579,Moderate,2,No Late Payments,Low
CC100182,37,Female,High School,Married,Contract,7800000,44000000,105,0,0,0,37550000,31340000,30570000,32560000,7220000,10110000,2870000,1,0,30-39,33153333.33,16630000,0.753484848,Very High,4,Low,Medium
CC100183,40,Female,Bachelor,Single,Salaried,20000000,89000000,101,0,0,0,51830000,35630000,38910000,20510000,31460000,15820000,5370000,0,0,40-49,42123333.33,22596666.67,0.47329588,Moderate,2,No Late Payments,High
CC100184,45,Female,Bachelor,Married,Salaried,9100000,36000000,75,0,0,0,9320000,11280000,13470000,7660000,1590000,13610000,1200000,0,0,40-49,11356666.67,7620000,0.315462963,Moderate,2,No Late Payments,Low
CC100185,39,Female,Bachelor,Single,Government,16300000,67000000,120,0,0,0,13000000,12480000,18250000,6340000,5950000,5080000,1170000,0,0,30-39,14576666.67,5790000,0.217562189,Low,1,No Late Payments,High
CC100186,48,Female,High School,Married,Contract,9400000,52000000,188,0,0,1,39930000,29540000,29120000,25480000,16380000,4150000,740000,1,0,40-49,32863333.33,15336666.67,0.631987179,High,3,Low,Medium
CC100187,32,Male,Diploma,Married,Self-employed,8300000,32000000,47,0,0,0,23650000,19570000,18340000,6710000,18460000,7860000,2170000,0,0,30-39,20520000,11010000,0.64125,High,3,No Late Payments,Low
CC100188,54,Female,High School,Married,Self-employed,13500000,51000000,194,2,0,0,44310000,39570000,34310000,11510000,13520000,5750000,6080000,1,1,50-59,39396666.67,10260000,0.77248366,Very High,4,Low,Medium
CC100189,31,Female,Diploma,Married,Self-employed,11600000,55000000,52,0,0,2,13060000,12420000,20720000,3670000,7480000,980000,2640000,1,0,30-39,15400000,4043333.333,0.28,Moderate,2,Low,Medium
CC100190,51,Female,High School,Married,Government,8500000,20000000,128,0,0,0,11380000,17190000,17630000,3080000,5990000,7660000,660000,0,0,50-59,15400000,5576666.667,0.77,Very High,4,No Late Payments,Low
CC100191,39,Male,Diploma,Married,Contract,12500000,43000000,160,0,0,0,1540000,3960000,4180000,630000,4010000,1910000,1420000,1,0,30-39,3226666.667,2183333.333,0.07503876,Low,1,Low,Medium
CC100192,48,Male,High School,Other,Salaried,13000000,49000000,138,0,0,0,980000,10500000,15200000,980000,3520000,4310000,350000,0,0,40-49,8893333.333,2936666.667,0.181496599,Low,1,No Late Payments,Medium
CC100193,47,Female,Postgraduate,Single,Salaried,19200000,56000000,73,0,1,0,12080000,8950000,9750000,6190000,2760000,5310000,2540000,1,0,40-49,10260000,4753333.333,0.183214286,Low,1,Low,Medium
CC100194,39,Male,Bachelor,Married,Government,14000000,54000000,134,0,0,0,5160000,8760000,8770000,1540000,3890000,6040000,810000,0,0,30-39,7563333.333,3823333.333,0.140061728,Low,1,No Late Payments,Medium
CC100195,49,Male,Bachelor,Single,Government,18200000,103000000,87,0,0,0,43470000,28450000,28920000,9540000,13160000,11720000,5020000,1,0,40-49,33613333.33,11473333.33,0.326343042,Moderate,2,Low,Very High
CC100196,49,Male,Postgraduate,Married,Salaried,14300000,60000000,74,2,0,2,23590000,29750000,44230000,900000,25550000,2280000,2350000,3,1,40-49,32523333.33,9576666.667,0.542055556,High,3,Moderate,High
CC100197,29,Female,Bachelor,Married,Government,12700000,50000000,75,0,0,0,24440000,14020000,10120000,8540000,14690000,3810000,3420000,0,0,21-29,16193333.33,9013333.333,0.323866667,Moderate,2,No Late Payments,Medium
CC100198,26,Male,Diploma,Single,Other,6600000,22000000,43,0,0,0,18270000,13230000,10180000,5210000,6270000,5660000,310000,0,0,21-29,13893333.33,5713333.333,0.631515152,High,3,No Late Payments,Low
CC100199,26,Male,Diploma,Single,Salaried,9100000,27000000,52,2,0,0,17160000,13560000,11940000,4580000,4510000,1990000,840000,2,0,21-29,14220000,3693333.333,0.526666667,High,3,Low,Low
CC100200,28,Female,High School,Married,Contract,5800000,20000000,53,1,3,0,9200000,7660000,9210000,1510000,2340000,2770000,930000,3,1,21-29,8690000,2206666.667,0.4345,Moderate,2,Moderate,Low
CC100201,42,Female,Bachelor,Married,Salaried,20200000,66000000,139,0,0,0,36400000,5770000,13920000,11140000,5180000,12730000,880000,0,0,40-49,18696666.67,9683333.333,0.283282828,Moderate,2,No Late Payments,High
CC100202,35,Female,Diploma,Married,Contract,8700000,39000000,89,3,3,3,22730000,25970000,32540000,780000,500000,650000,3770000,4,1,30-39,27080000,643333.3333,0.694358974,High,3,Moderate,Low
CC100203,27,Female,Bachelor,Single,Contract,8800000,33000000,46,0,0,0,24360000,21120000,17720000,7140000,19880000,1940000,450000,0,0,21-29,21066666.67,9653333.333,0.638383838,High,3,No Late Payments,Low
CC100204,37,Female,Diploma,Married,Self-employed,14000000,58000000,51,0,0,0,23460000,24070000,24380000,9380000,10580000,11240000,230000,0,0,30-39,23970000,10400000,0.413275862,Moderate,2,No Late Payments,Medium
CC100205,36,Male,Bachelor,Single,Contract,11200000,23000000,50,2,2,0,16200000,14280000,16070000,2120000,250000,2420000,880000,2,1,30-39,15516666.67,1596666.667,0.674637681,High,3,Low,Low
CC100206,36,Female,Postgraduate,Married,Salaried,11000000,24000000,106,0,0,0,620000,3450000,3800000,580000,1390000,3370000,100000,0,0,30-39,2623333.333,1780000,0.109305556,Low,1,No Late Payments,Low
CC100207,36,Female,Bachelor,Married,Salaried,8600000,45000000,47,0,3,3,24800000,31370000,20880000,5750000,2780000,5260000,2560000,2,0,30-39,25683333.33,4596666.667,0.570740741,High,3,Low,Medium
CC100208,35,Female,Bachelor,Single,Contract,11200000,51000000,65,3,3,0,23890000,27030000,40580000,1640000,5320000,6310000,2680000,3,1,30-39,30500000,4423333.333,0.598039216,High,3,Moderate,Medium
CC100209,36,Female,High School,Married,Contract,7700000,43000000,66,0,0,0,21390000,14330000,15200000,7690000,4600000,7640000,830000,0,0,30-39,16973333.33,6643333.333,0.394728682,Moderate,2,No Late Payments,Medium
CC100210,45,Female,Bachelor,Married,Salaried,16800000,89000000,142,1,3,3,41720000,42880000,35100000,4120000,940000,3150000,5290000,3,1,40-49,39900000,2736666.667,0.448314607,Moderate,2,Moderate,High
CC100211,41,Female,Bachelor,Single,Government,29100000,149000000,158,0,0,0,101920000,89700000,78580000,43270000,17160000,15470000,6300000,0,0,40-49,90066666.67,25300000,0.604474273,High,3,No Late Payments,Very High
CC100212,55,Male,Diploma,Married,Contract,13000000,53000000,189,0,0,0,24420000,15880000,31860000,21600000,3630000,9650000,850000,0,0,50-59,24053333.33,11626666.67,0.453836478,Moderate,2,No Late Payments,Medium
CC100213,43,Female,Bachelor,Married,Contract,10800000,57000000,107,0,0,0,16340000,14400000,21750000,2130000,7600000,8170000,2910000,1,0,40-49,17496666.67,5966666.667,0.306959064,Moderate,2,Low,Medium
CC100214,56,Female,High School,Single,Salaried,11600000,63000000,215,0,0,0,21940000,13280000,23730000,2360000,7160000,8570000,7300000,1,0,50-59,19650000,6030000,0.311904762,Moderate,2,Low,High
CC100215,42,Male,Diploma,Married,Self-employed,10000000,35000000,188,0,0,0,15380000,8550000,11930000,3410000,1270000,6070000,230000,2,0,40-49,11953333.33,3583333.333,0.34152381,Moderate,2,Low,Low
CC100216,29,Female,High School,Married,Government,10600000,20000000,53,0,0,0,6010000,5530000,8990000,1510000,2200000,3420000,1970000,0,0,21-29,6843333.333,2376666.667,0.342166667,Moderate,2,No Late Payments,Low
CC100217,39,Male,High School,Single,Government,10000000,35000000,101,0,0,0,19660000,17630000,18300000,8230000,14550000,6170000,270000,1,0,30-39,18530000,9650000,0.529428571,High,3,Low,Low
CC100218,41,Female,Diploma,Married,Contract,8900000,34000000,111,0,0,0,15830000,11370000,8720000,7000000,10230000,3850000,1190000,0,0,40-49,11973333.33,7026666.667,0.352156863,Moderate,2,No Late Payments,Low
CC100219,43,Male,Diploma,Married,Contract,9600000,27000000,57,1,3,0,17110000,14790000,18790000,440000,1550000,3360000,790000,2,1,40-49,16896666.67,1783333.333,0.625802469,High,3,Low,Low
CC100220,33,Female,Bachelor,Married,Salaried,11700000,57000000,33,0,0,3,19770000,20110000,20130000,20180000,7750000,3570000,2360000,1,0,30-39,20003333.33,10500000,0.350935673,Moderate,2,Low,Medium
CC100221,40,Male,Bachelor,Married,Salaried,14900000,82000000,139,0,0,0,66620000,62030000,44410000,68220000,2260000,13560000,1760000,0,0,40-49,57686666.67,28013333.33,0.703495935,High,3,No Late Payments,High
CC100222,33,Female,Diploma,Single,Self-employed,13700000,56000000,27,0,0,0,23170000,30170000,34040000,9920000,11240000,13280000,3690000,1,0,30-39,29126666.67,11480000,0.520119048,High,3,Low,Medium
CC100223,25,Female,Bachelor,Single,Salaried,5200000,22000000,47,0,0,0,7940000,7780000,6570000,2940000,430000,2510000,370000,0,0,21-29,7430000,1960000,0.337727273,Moderate,2,No Late Payments,Low
CC100224,48,Female,Diploma,Other,Salaried,10500000,37000000,169,0,0,0,6470000,12130000,10430000,3630000,10670000,8430000,2380000,0,0,40-49,9676666.667,7576666.667,0.261531532,Moderate,2,No Late Payments,Low
CC100225,30,Female,Diploma,Married,Salaried,8600000,22000000,42,0,0,0,12360000,10980000,12020000,3250000,4370000,5910000,990000,1,0,30-39,11786666.67,4510000,0.535757576,High,3,Low,Low
CC100226,42,Male,Bachelor,Married,Self-employed,21800000,86000000,105,2,1,0,52930000,58920000,52030000,10390000,9270000,25660000,2730000,2,0,40-49,54626666.67,15106666.67,0.635193798,High,3,Low,High
CC100227,40,Female,Postgraduate,Single,Self-employed,15400000,113000000,131,0,0,0,4150000,10230000,30950000,2300000,9330000,17050000,7190000,0,0,40-49,15110000,9560000,0.133716814,Low,1,No Late Payments,Very High
CC100228,29,Male,High School,Single,Self-employed,7900000,47000000,47,0,0,0,37770000,27640000,25480000,17680000,13760000,22420000,1760000,0,0,21-29,30296666.67,17953333.33,0.644609929,High,3,No Late Payments,Medium
CC100229,34,Female,Bachelor,Single,Self-employed,12400000,49000000,46,0,0,0,10450000,0,3290000,3960000,0,1430000,1760000,0,0,30-39,4580000,1796666.667,0.093469388,Low,1,No Late Payments,Medium
CC100230,55,Male,Bachelor,Other,Self-employed,29800000,108000000,217,3,3,3,70640000,58370000,61550000,7890000,1980000,3550000,8350000,3,1,50-59,63520000,4473333.333,0.588148148,High,3,Moderate,Very High
CC100231,40,Male,Diploma,Married,Self-employed,10500000,53000000,119,3,3,3,51940000,57950000,50580000,5170000,1170000,2280000,4560000,3,1,40-49,53490000,2873333.333,1.009245283,Over Limit,5,Moderate,Medium
CC100232,40,Male,Diploma,Married,Contract,7300000,36000000,130,3,0,2,10500000,9670000,11770000,630000,1400000,4060000,990000,2,1,40-49,10646666.67,2030000,0.295740741,Moderate,2,Low,Low
CC100233,26,Male,Diploma,Single,Government,8000000,44000000,37,0,0,0,14790000,14680000,17210000,4780000,6840000,16430000,340000,0,0,21-29,15560000,9350000,0.353636364,Moderate,2,No Late Payments,Medium
CC100234,33,Female,Diploma,Single,Self-employed,10300000,56000000,104,0,0,0,29220000,26940000,17100000,11670000,3150000,2010000,850000,0,0,30-39,24420000,5610000,0.436071429,Moderate,2,No Late Payments,Medium
CC100235,23,Male,Postgraduate,Single,Government,10500000,45000000,23,0,0,0,25610000,20510000,18480000,22420000,19770000,8000000,1250000,1,0,21-29,21533333.33,16730000,0.478518519,Moderate,2,Low,Medium
CC100236,30,Male,High School,Married,Contract,7300000,33000000,92,0,0,0,1250000,750000,3330000,760000,560000,770000,2020000,0,0,30-39,1776666.667,696666.6667,0.053838384,Low,1,No Late Payments,Low
CC100237,36,Male,Diploma,Married,Salaried,8900000,42000000,108,0,0,0,15670000,13120000,15320000,5260000,5140000,2640000,1410000,0,0,30-39,14703333.33,4346666.667,0.350079365,Moderate,2,No Late Payments,Medium
CC100238,29,Female,Bachelor,Other,Self-employed,15400000,77000000,41,2,0,0,63090000,56720000,54890000,16510000,28430000,26090000,2060000,1,1,21-29,58233333.33,23676666.67,0.756277056,Very High,4,Low,High
CC100239,45,Male,High School,Married,Salaried,12400000,42000000,82,0,0,0,12780000,15690000,18560000,2040000,5690000,3340000,2680000,1,0,40-49,15676666.67,3690000,0.373253968,Moderate,2,Low,Medium
CC100240,57,Male,Bachelor,Married,Self-employed,14700000,95000000,186,0,0,0,30080000,12800000,27900000,8820000,4550000,17480000,2190000,0,0,50-59,23593333.33,10283333.33,0.248350877,Low,1,No Late Payments,High
CC100241,38,Female,Diploma,Single,Other,9000000,43000000,80,3,3,1,23890000,23260000,23490000,880000,960000,6170000,2290000,4,1,30-39,23546666.67,2670000,0.547596899,High,3,Moderate,Medium
CC100242,46,Female,Bachelor,Married,Contract,11900000,46000000,147,2,2,0,23330000,22320000,20430000,6440000,1010000,9490000,4130000,3,1,40-49,22026666.67,5646666.667,0.47884058,Moderate,2,Moderate,Medium
CC100243,43,Female,High School,Married,Other,5200000,20000000,140,0,0,0,7770000,8910000,9120000,2690000,3880000,3220000,990000,0,0,40-49,8600000,3263333.333,0.43,Moderate,2,No Late Payments,Low
CC100244,32,Female,Diploma,Other,Salaried,8400000,35000000,82,3,1,0,7680000,10860000,6590000,500000,4140000,2900000,3840000,2,0,30-39,8376666.667,2513333.333,0.239333333,Low,1,Low,Low
CC100245,51,Male,High School,Married,Self-employed,13100000,47000000,104,0,0,0,17900000,16310000,21110000,5230000,1830000,11120000,4690000,0,0,50-59,18440000,6060000,0.392340426,Moderate,2,No Late Payments,Medium
CC100246,35,Female,Diploma,Other,Contract,5500000,20000000,48,3,3,3,16090000,15660000,15710000,220000,1530000,330000,1790000,4,1,30-39,15820000,693333.3333,0.791,Very High,4,Moderate,Low
CC100247,27,Female,Bachelor,Married,Contract,10000000,34000000,34,1,0,0,7130000,8660000,13650000,1990000,910000,5810000,200000,1,0,21-29,9813333.333,2903333.333,0.288627451,Moderate,2,Low,Low
CC100248,47,Female,High School,Married,Self-employed,5200000,26000000,118,0,0,0,16280000,14970000,18320000,7550000,7290000,8550000,780000,0,0,40-49,16523333.33,7796666.667,0.635512821,High,3,No Late Payments,Low
CC100249,35,Male,Postgraduate,Single,Salaried,17900000,106000000,100,0,0,0,37540000,41860000,52460000,36630000,12410000,13090000,4810000,1,0,30-39,43953333.33,20710000,0.414654088,Moderate,2,Low,Very High
CC100250,37,Female,Diploma,Married,Salaried,10200000,52000000,96,0,0,0,29530000,24890000,27200000,3890000,25510000,11030000,270000,0,0,30-39,27206666.67,13476666.67,0.523205128,High,3,No Late Payments,Medium
CC100251,35,Male,Diploma,Single,Contract,9300000,40000000,54,3,3,3,36920000,33290000,34360000,450000,860000,710000,3570000,4,1,30-39,34856666.67,673333.3333,0.871416667,Very High,4,Moderate,Medium
CC100252,27,Female,Bachelor,Married,Salaried,11700000,52000000,59,3,3,0,38880000,34100000,32550000,1080000,1010000,920000,5510000,2,1,21-29,35176666.67,1003333.333,0.676474359,High,3,Low,Medium
CC100253,53,Male,Bachelor,Married,Government,18200000,91000000,117,0,0,0,27780000,10010000,12490000,7420000,3930000,3250000,5230000,0,0,50-59,16760000,4866666.667,0.184175824,Low,1,No Late Payments,High
CC100254,38,Male,Bachelor,Married,Salaried,16200000,91000000,58,0,0,0,57860000,51670000,43640000,13120000,26090000,18690000,760000,1,0,30-39,51056666.67,19300000,0.561062271,High,3,Low,High
CC100255,35,Female,Bachelor,Married,Other,7800000,21000000,25,1,0,1,10190000,6040000,6370000,2360000,2380000,1780000,750000,3,0,30-39,7533333.333,2173333.333,0.358730159,Moderate,2,Moderate,Low
CC100256,45,Male,Bachelor,Married,Contract,13300000,91000000,179,0,1,0,34070000,39250000,38650000,14260000,3510000,7790000,9520000,1,0,40-49,37323333.33,8520000,0.41014652,Moderate,2,Low,High
CC100257,32,Male,Bachelor,Married,Salaried,14900000,61000000,35,3,0,0,41140000,36760000,34390000,1000000,9890000,8150000,6840000,1,0,30-39,37430000,6346666.667,0.613606557,High,3,Low,High
CC100258,44,Female,High School,Married,Contract,6500000,27000000,122,0,0,0,14730000,14520000,17720000,4050000,5830000,7300000,1550000,0,0,40-49,15656666.67,5726666.667,0.579876543,High,3,No Late Payments,Low
CC100259,39,Male,Postgraduate,Married,Salaried,13300000,55000000,82,0,0,0,21610000,19600000,14840000,10110000,8730000,3550000,8980000,1,0,30-39,18683333.33,7463333.333,0.33969697,Moderate,2,Low,Medium
CC100260,32,Female,Bachelor,Married,Salaried,12000000,53000000,94,0,0,0,7230000,11700000,17500000,2960000,4850000,6740000,1690000,0,0,30-39,12143333.33,4850000,0.229119497,Low,1,No Late Payments,Medium
CC100261,25,Female,High School,Single,Salaried,5100000,24000000,46,1,0,2,8680000,11570000,13260000,510000,4040000,1580000,1080000,3,0,21-29,11170000,2043333.333,0.465416667,Moderate,2,Moderate,Low
CC100262,33,Male,Bachelor,Married,Self-employed,8700000,41000000,49,0,0,0,20930000,22810000,19670000,12270000,6190000,8890000,790000,0,0,30-39,21136666.67,9116666.667,0.515528455,High,3,No Late Payments,Medium
CC100263,49,Female,Bachelor,Single,Salaried,15500000,59000000,167,0,0,0,40660000,35620000,34710000,9200000,13320000,13170000,1870000,0,0,40-49,36996666.67,11896666.67,0.627062147,High,3,No Late Payments,Medium
CC100264,42,Male,Diploma,Married,Self-employed,12200000,78000000,172,1,1,0,19580000,15760000,24320000,4920000,4110000,11280000,3240000,2,0,40-49,19886666.67,6770000,0.254957265,Moderate,2,Low,High
CC100265,28,Female,Diploma,Single,Self-employed,10300000,41000000,53,0,0,0,16500000,14260000,15330000,2190000,12020000,4990000,1310000,1,0,21-29,15363333.33,6400000,0.374715447,Moderate,2,Low,Medium
CC100266,40,Male,Bachelor,Married,Self-employed,18700000,83000000,124,0,0,0,31380000,23640000,36350000,7820000,6360000,8710000,7340000,0,0,40-49,30456666.67,7630000,0.366947791,Moderate,2,No Late Payments,High
CC100267,46,Male,Diploma,Married,Contract,7300000,49000000,158,3,3,3,20750000,21210000,17280000,540000,1080000,540000,3900000,4,1,40-49,19746666.67,720000,0.402993197,Moderate,2,Moderate,Medium
CC100268,52,Female,Bachelor,Married,Self-employed,24300000,131000000,152,0,1,0,76000000,94680000,106160000,17440000,54110000,50560000,4030000,1,0,50-59,92280000,40703333.33,0.704427481,High,3,Low,Very High
CC100269,29,Female,Postgraduate,Single,Government,14300000,42000000,68,1,0,0,21800000,18490000,12590000,2960000,8350000,11140000,2910000,1,1,21-29,17626666.67,7483333.333,0.41968254,Moderate,2,Low,Medium
CC100270,54,Male,Bachelor,Married,Salaried,24000000,149000000,177,0,0,0,25380000,21220000,31590000,10090000,10330000,15760000,3810000,0,0,50-59,26063333.33,12060000,0.1749217,Low,1,No Late Payments,Very High
CC100271,38,Male,Bachelor,Single,Self-employed,9500000,50000000,71,3,3,1,15800000,21810000,27590000,4690000,1050000,9710000,2590000,3,1,30-39,21733333.33,5150000,0.434666667,Moderate,2,Moderate,Medium
CC100272,36,Male,Diploma,Married,Self-employed,11400000,53000000,76,0,3,0,26180000,22350000,30380000,3920000,2770000,11840000,1820000,2,0,30-39,26303333.33,6176666.667,0.496289308,Moderate,2,Low,Medium
CC100273,37,Female,Diploma,Single,Salaried,8400000,38000000,99,0,0,0,5540000,13210000,14240000,2700000,10710000,5690000,1220000,1,0,30-39,10996666.67,6366666.667,0.289385965,Moderate,2,Low,Low
CC100274,36,Male,High School,Married,Other,7400000,40000000,105,3,0,2,20240000,24610000,20790000,730000,7770000,550000,3230000,2,0,30-39,21880000,3016666.667,0.547,High,3,Low,Medium
CC100275,26,Female,Bachelor,Married,Salaried,8100000,36000000,16,3,2,0,32230000,26700000,28190000,670000,10700000,6960000,3000000,2,0,21-29,29040000,6110000,0.806666667,Very High,4,Low,Low
CC100276,22,Male,Bachelor,Single,Salaried,6000000,27000000,37,0,0,0,820000,390000,580000,530000,310000,580000,380000,0,0,21-29,596666.6667,473333.3333,0.022098765,Low,1,No Late Payments,Low
CC100277,51,Female,High School,Married,Contract,10400000,64000000,172,0,0,0,26640000,24780000,25850000,9720000,6630000,27030000,310000,0,0,50-59,25756666.67,14460000,0.402447917,Moderate,2,No Late Payments,High
CC100278,41,Female,Postgraduate,Married,Salaried,30900000,185000000,136,2,0,0,74380000,38950000,48110000,3680000,16910000,25260000,6760000,1,0,40-49,53813333.33,15283333.33,0.290882883,Moderate,2,Low,Very High
CC100279,22,Male,Diploma,Married,Salaried,8500000,36000000,9,0,0,0,9840000,11770000,8790000,5440000,2430000,3750000,420000,0,0,21-29,10133333.33,3873333.333,0.281481481,Moderate,2,No Late Payments,Low
CC100280,45,Male,Bachelor,Married,Salaried,10800000,60000000,104,0,0,0,37630000,42530000,38410000,32350000,17280000,38360000,720000,0,0,40-49,39523333.33,29330000,0.658722222,High,3,No Late Payments,High
CC100281,35,Female,Bachelor,Single,Salaried,9900000,43000000,81,0,0,0,25420000,25710000,21720000,12570000,15230000,8910000,2600000,1,0,30-39,24283333.33,12236666.67,0.564728682,High,3,Low,Medium
CC100282,33,Female,Bachelor,Single,Contract,11700000,43000000,35,0,3,0,11180000,17230000,15380000,5390000,1350000,5740000,2410000,2,0,30-39,14596666.67,4160000,0.339457364,Moderate,2,Low,Medium
CC100283,38,Male,High School,Married,Salaried,10000000,54000000,61,0,0,0,13150000,12320000,11840000,7940000,1140000,10520000,1690000,1,0,30-39,12436666.67,6533333.333,0.230308642,Low,1,Low,Medium
CC100284,29,Female,Diploma,Other,Contract,6200000,21000000,43,0,0,1,11040000,10020000,8670000,1710000,4200000,2720000,710000,1,0,21-29,9910000,2876666.667,0.471904762,Moderate,2,Low,Low
CC100285,21,Male,High School,Single,Salaried,5700000,22000000,7,0,0,0,5470000,3920000,5960000,1820000,1510000,5060000,170000,0,0,21-29,5116666.667,2796666.667,0.232575758,Low,1,No Late Payments,Low
CC100286,29,Male,Postgraduate,Married,Contract,15900000,29000000,53,1,0,0,8980000,11650000,15720000,3390000,4890000,6060000,20000,1,0,21-29,12116666.67,4780000,0.417816092,Moderate,2,Low,Low
CC100287,28,Female,High School,Single,Self-employed,7200000,32000000,54,0,0,0,7550000,8490000,2520000,3110000,2260000,970000,1440000,0,0,21-29,6186666.667,2113333.333,0.193333333,Low,1,No Late Payments,Low
CC100288,36,Male,Diploma,Married,Salaried,8500000,39000000,113,3,1,2,17940000,27190000,20480000,3190000,570000,1140000,1890000,3,0,30-39,21870000,1633333.333,0.560769231,High,3,Moderate,Low
CC100289,24,Female,Postgraduate,Single,Salaried,13500000,33000000,46,0,0,0,23240000,24270000,23510000,5410000,10880000,7630000,620000,0,0,21-29,23673333.33,7973333.333,0.717373737,High,3,No Late Payments,Low
CC100290,54,Female,Bachelor,Married,Self-employed,17200000,95000000,102,0,0,0,10780000,7170000,9260000,4510000,2360000,6410000,9510000,0,0,50-59,9070000,4426666.667,0.095473684,Low,1,No Late Payments,High
CC100291,31,Female,Bachelor,Married,Other,9300000,42000000,90,3,3,3,18220000,19090000,26600000,900000,640000,610000,3500000,4,1,30-39,21303333.33,716666.6667,0.507222222,High,3,Moderate,Medium
CC100292,46,Male,Bachelor,Married,Contract,22700000,119000000,150,0,0,0,15140000,1380000,38920000,5310000,1380000,14410000,8000000,0,0,40-49,18480000,7033333.333,0.155294118,Low,1,No Late Payments,Very High
CC100293,41,Male,Postgraduate,Married,Government,13600000,67000000,91,0,0,0,28130000,35910000,34090000,9390000,14230000,7830000,1710000,1,0,40-49,32710000,10483333.33,0.488208955,Moderate,2,Low,High
CC100294,41,Male,Bachelor,Married,Salaried,15900000,68000000,167,0,0,0,41870000,40230000,37520000,8010000,7090000,18400000,2640000,0,0,40-49,39873333.33,11166666.67,0.586372549,High,3,No Late Payments,High
CC100295,25,Female,Diploma,Married,Salaried,7800000,30000000,53,0,0,0,16620000,19130000,20690000,5890000,6450000,4580000,450000,0,0,21-29,18813333.33,5640000,0.627111111,High,3,No Late Payments,Low
CC100296,33,Male,High School,Married,Salaried,7700000,30000000,32,1,0,0,10920000,13450000,21330000,3620000,2970000,21350000,1640000,1,0,30-39,15233333.33,9313333.333,0.507777778,High,3,Low,Low
CC100297,45,Female,Diploma,Married,Government,8600000,39000000,80,3,0,0,40990000,38180000,29790000,560000,14070000,7220000,2930000,2,0,40-49,36320000,7283333.333,0.931282051,Very High,4,Low,Low
CC100298,48,Female,Diploma,Other,Salaried,12200000,72000000,137,2,2,2,54670000,49010000,57100000,10190000,7960000,14690000,3900000,3,1,40-49,53593333.33,10946666.67,0.744351852,High,3,Moderate,High
CC100299,32,Female,Bachelor,Other,Contract,7400000,33000000,53,3,3,0,22000000,16310000,17750000,5190000,2320000,7970000,2330000,3,1,30-39,18686666.67,5160000,0.566262626,High,3,Moderate,Low
CC100300,27,Male,Bachelor,Married,Salaried,7500000,25000000,68,0,3,0,12570000,12060000,11270000,2150000,490000,2160000,1560000,1,0,21-29,11966666.67,1600000,0.478666667,Moderate,2,Low,Low
CC100301,37,Male,Bachelor,Other,Contract,11600000,69000000,93,3,0,2,29030000,31000000,36200000,1540000,15230000,3750000,6070000,2,1,30-39,32076666.67,6840000,0.464879227,Moderate,2,Low,High
CC100302,52,Female,High School,Married,Salaried,7200000,27000000,228,0,0,0,8260000,3490000,120000,7550000,2820000,120000,950000,2,0,50-59,3956666.667,3496666.667,0.14654321,Low,1,Low,Low
CC100303,21,Male,Bachelor,Single,Contract,6300000,22000000,28,0,1,0,5030000,8220000,11830000,1980000,2400000,3580000,890000,1,0,21-29,8360000,2653333.333,0.38,Moderate,2,Low,Low
CC100304,45,Female,High School,Married,Contract,6900000,36000000,192,0,0,0,14280000,16780000,14630000,6780000,8140000,1860000,1500000,0,0,40-49,15230000,5593333.333,0.423055556,Moderate,2,No Late Payments,Low
CC100305,39,Female,Bachelor,Married,Self-employed,14800000,72000000,94,3,0,0,38930000,30840000,39710000,1050000,28210000,12130000,10200000,1,0,30-39,36493333.33,13796666.67,0.506851852,High,3,Low,High
CC100306,21,Male,High School,Single,Contract,5000000,26000000,8,1,2,0,10240000,14470000,14150000,3120000,560000,13160000,1770000,2,1,21-29,12953333.33,5613333.333,0.498205128,Moderate,2,Low,Low
CC100307,27,Female,Diploma,Single,Contract,7400000,32000000,26,2,3,0,16890000,17660000,16350000,3400000,1670000,5930000,1100000,2,0,21-29,16966666.67,3666666.667,0.530208333,High,3,Low,Low
CC100308,26,Female,Postgraduate,Single,Salaried,8200000,35000000,66,2,2,0,2260000,4700000,7670000,440000,440000,1300000,1420000,2,0,21-29,4876666.667,726666.6667,0.139333333,Low,1,Low,Low
CC100309,35,Male,Diploma,Other,Government,8100000,51000000,84,0,0,0,30090000,32030000,26170000,9090000,31930000,11210000,550000,0,0,30-39,29430000,17410000,0.577058824,High,3,No Late Payments,Medium
CC100310,47,Female,High School,Married,Contract,8100000,31000000,151,2,3,2,13010000,8330000,8100000,1930000,580000,2110000,1680000,4,1,40-49,9813333.333,1540000,0.31655914,Moderate,2,Moderate,Low
CC100311,37,Female,High School,Married,Salaried,13600000,70000000,136,0,0,0,52530000,46200000,44160000,12440000,16940000,19520000,2460000,2,0,30-39,47630000,16300000,0.680428571,High,3,Low,High
CC100312,45,Male,Diploma,Married,Government,7100000,28000000,101,0,0,0,720000,3810000,5550000,640000,760000,1370000,140000,0,0,40-49,3360000,923333.3333,0.12,Low,1,No Late Payments,Low
CC100313,49,Female,Bachelor,Married,Salaried,10600000,52000000,149,3,1,0,25360000,39160000,42250000,960000,4760000,14340000,7510000,2,1,40-49,35590000,6686666.667,0.684423077,High,3,Low,Medium
CC100314,66,Female,Diploma,Married,Self-employed,10700000,61000000,240,1,1,0,21240000,22440000,20770000,8040000,8240000,6980000,2740000,2,0,60+,21483333.33,7753333.333,0.352185792,Moderate,2,Low,High
CC100315,22,Female,High School,Single,Other,5000000,20000000,22,0,0,0,8120000,6330000,5850000,1730000,6550000,2690000,2430000,1,0,21-29,6766666.667,3656666.667,0.338333333,Moderate,2,Low,Low
CC100316,27,Female,Diploma,Married,Salaried,11400000,67000000,48,3,3,0,19230000,18520000,29900000,1310000,3110000,7410000,3250000,3,1,21-29,22550000,3943333.333,0.336567164,Moderate,2,Moderate,High
CC100317,42,Female,Bachelor,Married,Other,9500000,37000000,156,0,0,0,5830000,4110000,6190000,1630000,2540000,3560000,1270000,0,0,40-49,5376666.667,2576666.667,0.145315315,Low,1,No Late Payments,Low
CC100318,35,Female,Bachelor,Married,Salaried,8000000,44000000,58,0,0,0,12370000,19200000,20770000,4350000,11080000,5010000,1530000,0,0,30-39,17446666.67,6813333.333,0.396515152,Moderate,2,No Late Payments,Medium
CC100319,34,Female,High School,Single,Salaried,18300000,71000000,129,0,0,0,32080000,31560000,36620000,2920000,9240000,5200000,1950000,2,0,30-39,33420000,5786666.667,0.470704225,Moderate,2,Low,High
CC100320,27,Female,Bachelor,Single,Self-employed,12300000,57000000,56,0,0,0,18030000,8100000,13640000,3180000,4330000,4080000,5660000,0,0,21-29,13256666.67,3863333.333,0.232573099,Low,1,No Late Payments,Medium
CC100321,30,Female,Bachelor,Single,Salaried,12000000,49000000,44,3,0,0,26460000,20040000,29580000,520000,6240000,30730000,1840000,1,0,30-39,25360000,12496666.67,0.51755102,High,3,Low,Medium
CC100322,32,Female,Bachelor,Married,Salaried,11200000,46000000,64,2,3,3,24290000,27230000,29890000,730000,900000,980000,3190000,3,1,30-39,27136666.67,870000,0.589927536,High,3,Moderate,Medium
CC100323,36,Female,Diploma,Single,Salaried,7300000,40000000,107,0,0,0,10550000,14790000,12960000,3230000,3360000,1990000,420000,0,0,30-39,12766666.67,2860000,0.319166667,Moderate,2,No Late Payments,Medium
CC100324,30,Female,High School,Married,Self-employed,10500000,47000000,67,0,0,0,12210000,16140000,11770000,2730000,6880000,4470000,1190000,0,0,30-39,13373333.33,4693333.333,0.284539007,Moderate,2,No Late Payments,Medium
CC100325,43,Female,Postgraduate,Married,Self-employed,23100000,86000000,173,0,0,0,36590000,30360000,38970000,12350000,14480000,31860000,3400000,0,0,40-49,35306666.67,19563333.33,0.410542636,Moderate,2,No Late Payments,High
CC100326,28,Female,Diploma,Other,Salaried,9200000,36000000,42,2,2,3,20940000,19430000,15330000,4130000,5060000,850000,3330000,4,1,21-29,18566666.67,3346666.667,0.515740741,High,3,Moderate,Low
CC100327,43,Female,Diploma,Married,Self-employed,9600000,44000000,164,0,0,0,6410000,1600000,670000,4240000,880000,600000,840000,0,0,40-49,2893333.333,1906666.667,0.065757576,Low,1,No Late Payments,Medium
CC100328,48,Male,Bachelor,Married,Contract,6600000,31000000,110,0,0,0,11980000,11200000,5100000,4120000,6410000,2480000,3720000,1,0,40-49,9426666.667,4336666.667,0.304086022,Moderate,2,Low,Low
CC100329,58,Female,High School,Married,Contract,9800000,40000000,161,3,3,0,29100000,24250000,27490000,1600000,620000,7310000,2890000,3,1,50-59,26946666.67,3176666.667,0.673666667,High,3,Moderate,Medium
CC100330,31,Male,Bachelor,Married,Contract,13700000,78000000,64,0,0,0,29990000,16420000,16820000,17110000,8690000,6620000,13660000,1,0,30-39,21076666.67,10806666.67,0.270213675,Moderate,2,Low,High
CC100331,47,Female,Postgraduate,Single,Salaried,23300000,173000000,139,0,2,0,65400000,65440000,68800000,20480000,1870000,21380000,15410000,1,0,40-49,66546666.67,14576666.67,0.384662813,Moderate,2,Low,Very High
CC100332,44,Female,Bachelor,Single,Government,11400000,37000000,103,3,3,2,30050000,30940000,30860000,640000,1370000,580000,3440000,3,1,40-49,30616666.67,863333.3333,0.827477477,Very High,4,Moderate,Low
CC100333,21,Female,Diploma,Single,Salaried,5900000,30000000,15,0,0,0,19910000,18900000,14650000,8270000,6580000,4960000,2650000,1,0,21-29,17820000,6603333.333,0.594,High,3,Low,Low
CC100334,40,Male,Bachelor,Single,Government,16300000,99000000,117,0,0,0,55370000,56270000,58090000,8130000,13360000,13490000,1780000,0,0,40-49,56576666.67,11660000,0.571481481,High,3,No Late Payments,High
CC100335,28,Female,Bachelor,Single,Contract,11700000,66000000,63,0,0,0,35180000,29080000,30270000,9750000,7770000,6370000,2660000,0,0,21-29,31510000,7963333.333,0.477424242,Moderate,2,No Late Payments,High
CC100336,49,Male,Diploma,Married,Contract,8800000,44000000,141,0,0,0,6550000,11220000,15700000,2220000,3560000,4950000,1130000,1,0,40-49,11156666.67,3576666.667,0.253560606,Moderate,2,Low,Medium
CC100337,40,Female,High School,Married,Salaried,7200000,34000000,112,2,0,2,27790000,24150000,15600000,6960000,6760000,2690000,1200000,4,1,40-49,22513333.33,5470000,0.662156863,High,3,Moderate,Low
CC100338,50,Female,Bachelor,Single,Contract,14400000,71000000,165,1,0,0,37220000,16360000,25800000,8530000,8150000,12240000,2980000,1,0,50-59,26460000,9640000,0.372676056,Moderate,2,Low,High
CC100339,48,Female,Diploma,Other,Salaried,6400000,27000000,108,0,0,0,5800000,7190000,6450000,1320000,2710000,2310000,1190000,0,0,40-49,6480000,2113333.333,0.24,Low,1,No Late Payments,Low
CC100340,21,Female,Bachelor,Single,Government,8500000,20000000,3,0,0,0,4920000,3630000,2790000,2390000,1410000,1090000,50000,0,0,21-29,3780000,1630000,0.189,Low,1,No Late Payments,Low
CC100341,34,Male,Bachelor,Married,Salaried,11600000,70000000,70,0,0,0,0,2480000,10310000,0,910000,3470000,2650000,0,0,30-39,4263333.333,1460000,0.060904762,Low,1,No Late Payments,High
CC100342,45,Male,Bachelor,Married,Self-employed,11400000,71000000,138,0,0,1,25840000,31720000,30410000,4310000,9770000,1380000,4100000,1,0,40-49,29323333.33,5153333.333,0.413004695,Moderate,2,Low,High
CC100343,21,Female,Bachelor,Married,Other,8100000,20000000,23,0,0,0,11400000,13170000,11120000,2110000,4630000,9150000,330000,0,0,21-29,11896666.67,5296666.667,0.594833333,High,3,No Late Payments,Low
CC100344,24,Female,Bachelor,Single,Contract,6600000,21000000,37,0,0,0,13980000,15230000,15780000,4390000,970000,3170000,940000,0,0,21-29,14996666.67,2843333.333,0.714126984,High,3,No Late Payments,Low
CC100345,38,Female,High School,Married,Contract,8600000,34000000,143,0,1,0,11610000,10300000,14180000,2470000,2320000,2350000,790000,1,0,30-39,12030000,2380000,0.353823529,Moderate,2,Low,Low
CC100346,39,Male,Diploma,Married,Salaried,6100000,41000000,125,0,0,0,11940000,11070000,16960000,3020000,6210000,5460000,950000,1,0,30-39,13323333.33,4896666.667,0.32495935,Moderate,2,Low,Medium
CC100347,29,Female,Bachelor,Single,Contract,6700000,20000000,25,3,3,3,16860000,13450000,15430000,300000,220000,210000,1590000,5,1,21-29,15246666.67,243333.3333,0.762333333,Very High,4,High,Low
CC100348,40,Male,Diploma,Married,Government,17200000,90000000,149,0,0,0,40100000,37480000,35970000,23300000,8510000,19290000,3520000,0,0,40-49,37850000,17033333.33,0.420555556,Moderate,2,No Late Payments,High
CC100349,55,Male,High School,Other,Contract,7100000,34000000,240,0,0,0,26950000,28410000,27010000,9060000,27450000,6990000,1890000,0,0,50-59,27456666.67,14500000,0.80754902,Very High,4,No Late Payments,Low
CC100350,35,Male,Bachelor,Single,Other,8000000,25000000,65,0,0,0,6290000,8900000,6220000,3010000,4760000,2020000,1140000,0,0,30-39,7136666.667,3263333.333,0.285466667,Moderate,2,No Late Payments,Low
CC100351,34,Male,Diploma,Married,Self-employed,13800000,62000000,66,0,2,1,19440000,26250000,29010000,10530000,2150000,6150000,1770000,4,1,30-39,24900000,6276666.667,0.401612903,Moderate,2,Moderate,High
CC100352,35,Male,Bachelor,Married,Self-employed,9500000,32000000,56,2,2,0,19730000,21190000,19700000,4970000,400000,4720000,1910000,3,1,30-39,20206666.67,3363333.333,0.631458333,High,3,Moderate,Low
CC100353,41,Female,Diploma,Married,Other,6400000,21000000,92,3,3,3,9320000,10290000,9160000,300000,630000,620000,1410000,3,1,40-49,9590000,516666.6667,0.456666667,Moderate,2,Moderate,Low
CC100354,39,Male,Postgraduate,Single,Salaried,9300000,52000000,95,0,0,0,29210000,30910000,27860000,16000000,10300000,11140000,2100000,0,0,30-39,29326666.67,12480000,0.563974359,High,3,No Late Payments,Medium
CC100355,45,Male,Postgraduate,Married,Contract,14900000,56000000,45,0,1,0,25110000,27550000,27140000,5260000,8920000,7120000,4890000,1,0,40-49,26600000,7100000,0.475,Moderate,2,Low,Medium
CC100356,50,Male,High School,Married,Contract,7000000,48000000,135,1,0,1,32270000,31430000,24580000,880000,2910000,4200000,1770000,3,0,50-59,29426666.67,2663333.333,0.613055556,High,3,Moderate,Medium
CC100357,21,Male,High School,Single,Other,5000000,20000000,15,0,0,0,3090000,3990000,7990000,1130000,1180000,1620000,360000,1,0,21-29,5023333.333,1310000,0.251166667,Moderate,2,Low,Low
CC100358,33,Female,Postgraduate,Married,Self-employed,24100000,130000000,76,0,0,0,10350000,6500000,1750000,3870000,2910000,1540000,9380000,0,0,30-39,6200000,2773333.333,0.047692308,Low,1,No Late Payments,Very High
CC100359,37,Female,Bachelor,Other,Self-employed,10300000,45000000,95,0,0,0,13820000,20270000,19650000,4980000,8400000,5560000,830000,0,1,30-39,17913333.33,6313333.333,0.398074074,Moderate,2,No Late Payments,Medium
CC100360,31,Male,Diploma,Married,Government,9400000,30000000,61,0,0,0,23470000,22590000,24150000,8120000,4420000,9900000,2110000,0,0,30-39,23403333.33,7480000,0.780111111,Very High,4,No Late Payments,Low
CC100361,51,Female,Diploma,Single,Salaried,16100000,97000000,210,0,0,0,72080000,54300000,48640000,71300000,45790000,11950000,1310000,0,0,50-59,58340000,43013333.33,0.601443299,High,3,No Late Payments,High
CC100362,45,Female,Bachelor,Married,Self-employed,12100000,45000000,189,0,0,0,26200000,16430000,22420000,26400000,8750000,6160000,3690000,0,0,40-49,21683333.33,13770000,0.481851852,Moderate,2,No Late Payments,Medium
CC100363,45,Male,Diploma,Married,Government,23700000,79000000,161,1,3,3,80140000,66350000,51890000,3590000,920000,1480000,5090000,3,1,40-49,66126666.67,1996666.667,0.837046414,Very High,4,Moderate,High
CC100364,36,Female,Bachelor,Married,Self-employed,15100000,77000000,110,0,0,0,47670000,53230000,51190000,22270000,23860000,17800000,1430000,0,0,30-39,50696666.67,21310000,0.658398268,High,3,No Late Payments,High
CC100365,31,Female,Bachelor,Other,Government,10600000,43000000,25,0,0,0,11440000,6490000,10650000,6210000,6060000,3510000,1150000,1,0,30-39,9526666.667,5260000,0.221550388,Low,1,Low,Medium
CC100366,41,Male,High School,Single,Salaried,10000000,54000000,117,0,0,0,24480000,23670000,35800000,7690000,5820000,8090000,2770000,0,0,40-49,27983333.33,7200000,0.518209877,High,3,No Late Payments,Medium
CC100367,46,Male,Bachelor,Single,Salaried,11200000,74000000,185,0,0,0,29480000,38450000,28190000,11410000,13230000,11110000,3510000,0,0,40-49,32040000,11916666.67,0.432972973,Moderate,2,No Late Payments,High
CC100368,54,Female,Diploma,Married,Government,17900000,80000000,109,0,0,0,53420000,40790000,34030000,13110000,13430000,29850000,2910000,0,0,50-59,42746666.67,18796666.67,0.534333333,High,3,No Late Payments,High
CC100369,52,Male,Bachelor,Single,Salaried,13400000,48000000,202,0,0,2,31040000,34430000,30600000,16950000,13130000,5710000,3050000,1,0,50-59,32023333.33,11930000,0.667152778,High,3,Low,Medium
CC100370,32,Male,High School,Single,Salaried,6900000,32000000,98,0,0,0,6310000,13160000,10940000,3200000,5560000,2070000,3580000,2,0,30-39,10136666.67,3610000,0.316770833,Moderate,2,Low,Low
CC100371,22,Male,Bachelor,Single,Other,5900000,22000000,10,3,3,3,17050000,19400000,17840000,2410000,390000,3980000,1500000,3,1,21-29,18096666.67,2260000,0.822575758,Very High,4,Moderate,Low
CC100372,41,Female,High School,Married,Other,9000000,40000000,152,0,0,0,27160000,19030000,10020000,12730000,5520000,4170000,1910000,0,0,40-49,18736666.67,7473333.333,0.468416667,Moderate,2,No Late Payments,Medium
CC100373,47,Male,Diploma,Married,Salaried,16500000,94000000,87,0,0,0,33430000,34540000,27240000,8150000,19580000,13350000,4050000,0,0,40-49,31736666.67,13693333.33,0.337624113,Moderate,2,No Late Payments,High
CC100374,59,Female,Postgraduate,Married,Government,13300000,100000000,240,0,0,0,29280000,33200000,24280000,4570000,28370000,9190000,4400000,0,0,50-59,28920000,14043333.33,0.2892,Moderate,2,No Late Payments,Very High
CC100375,44,Male,High School,Single,Salaried,14600000,59000000,184,0,0,0,39270000,25020000,31890000,16740000,4790000,9030000,4190000,0,0,40-49,32060000,10186666.67,0.543389831,High,3,No Late Payments,Medium
CC100376,45,Female,Bachelor,Married,Salaried,12100000,70000000,131,0,0,0,41990000,43950000,41380000,7690000,12690000,19440000,2700000,0,0,40-49,42440000,13273333.33,0.606285714,High,3,No Late Payments,High
CC100377,48,Male,High School,Married,Contract,7600000,51000000,232,0,0,0,21670000,15380000,16700000,4790000,3360000,7000000,5310000,0,0,40-49,17916666.67,5050000,0.35130719,Moderate,2,No Late Payments,Medium
CC100378,28,Female,Diploma,Married,Self-employed,13800000,56000000,61,3,3,3,46360000,45410000,54190000,950000,990000,2440000,5940000,3,1,21-29,48653333.33,1460000,0.868809524,Very High,4,Moderate,Medium
CC100379,51,Male,High School,Married,Salaried,11400000,67000000,171,0,0,0,4370000,7160000,12200000,1800000,4230000,9970000,2380000,1,0,50-59,7910000,5333333.333,0.118059701,Low,1,Low,High
CC100380,38,Female,Bachelor,Married,Other,10600000,50000000,112,0,0,0,21400000,21440000,27000000,8510000,6220000,14200000,1160000,1,0,30-39,23280000,9643333.333,0.4656,Moderate,2,Low,Medium
CC100381,49,Female,Bachelor,Other,Self-employed,17900000,68000000,74,1,0,0,1680000,430000,4370000,1100000,430000,1270000,360000,1,0,40-49,2160000,933333.3333,0.031764706,Low,1,Low,High
CC100382,40,Female,Diploma,Married,Self-employed,8900000,49000000,152,0,0,0,15470000,9190000,16270000,6530000,3870000,4810000,3830000,1,0,40-49,13643333.33,5070000,0.278435374,Moderate,2,Low,Medium
CC100383,39,Female,Diploma,Other,Other,8000000,44000000,106,1,0,0,24140000,24890000,29930000,3600000,7570000,14300000,3230000,1,0,30-39,26320000,8490000,0.598181818,High,3,Low,Medium
CC100384,30,Male,Bachelor,Married,Salaried,5000000,22000000,53,0,0,0,160000,1780000,3330000,160000,410000,1000000,310000,0,0,30-39,1756666.667,523333.3333,0.079848485,Low,1,No Late Payments,Low
CC100385,40,Male,Bachelor,Married,Self-employed,18400000,62000000,120,0,0,0,5830000,5090000,950000,3650000,2690000,950000,740000,0,0,40-49,3956666.667,2430000,0.063817204,Low,1,No Late Payments,High
CC100386,29,Female,Bachelor,Married,Salaried,11200000,69000000,63,0,0,0,13380000,22780000,21320000,3880000,5030000,8810000,790000,0,0,21-29,19160000,5906666.667,0.277681159,Moderate,2,No Late Payments,High
CC100387,21,Female,Diploma,Single,Salaried,6500000,31000000,3,3,3,2,27590000,22810000,19280000,490000,640000,2100000,4260000,4,1,21-29,23226666.67,1076666.667,0.749247312,High,3,Moderate,Low
CC100388,38,Male,Diploma,Married,Salaried,8500000,28000000,64,0,0,0,8320000,12430000,15370000,3300000,4790000,6030000,2660000,0,0,30-39,12040000,4706666.667,0.43,Moderate,2,No Late Payments,Low
CC100389,41,Female,Bachelor,Single,Contract,5000000,20000000,130,3,3,3,14330000,16100000,18700000,360000,390000,3230000,1280000,5,1,40-49,16376666.67,1326666.667,0.818833333,Very High,4,High,Low
CC100390,40,Male,Bachelor,Married,Other,8900000,67000000,90,0,0,0,33590000,39560000,39040000,6790000,12810000,5510000,2370000,1,0,40-49,37396666.67,8370000,0.558159204,High,3,Low,High
CC100391,40,Male,High School,Married,Contract,8200000,43000000,99,3,3,0,12620000,10400000,10960000,2130000,690000,790000,2130000,2,1,40-49,11326666.67,1203333.333,0.263410853,Moderate,2,Low,Medium
CC100392,37,Female,Bachelor,Married,Self-employed,13400000,63000000,131,3,3,3,36200000,30780000,34700000,1080000,4080000,3950000,3210000,3,1,30-39,33893333.33,3036666.667,0.537989418,High,3,Moderate,High
CC100393,22,Female,Diploma,Single,Salaried,9700000,48000000,22,0,0,0,5440000,10630000,8030000,1460000,3060000,5070000,190000,0,0,21-29,8033333.333,3196666.667,0.167361111,Low,1,No Late Payments,Medium
CC100394,34,Female,High School,Married,Self-employed,13700000,67000000,97,1,2,0,25000000,26580000,32520000,7480000,1200000,31540000,15940000,2,1,30-39,28033333.33,13406666.67,0.41840796,Moderate,2,Low,High
CC100395,38,Female,High School,Single,Other,10800000,52000000,79,0,0,2,33110000,34880000,23400000,5820000,11700000,4040000,2560000,1,0,30-39,30463333.33,7186666.667,0.585833333,High,3,Low,Medium
CC100396,22,Male,Bachelor,Single,Contract,9700000,45000000,11,3,3,3,40830000,40220000,42940000,2420000,730000,940000,3210000,4,1,21-29,41330000,1363333.333,0.918444444,Very High,4,Moderate,Medium
CC100397,35,Male,High School,Married,Other,5200000,20000000,91,1,0,2,4940000,5780000,6690000,1160000,5500000,1890000,1810000,2,0,30-39,5803333.333,2850000,0.290166667,Moderate,2,Low,Low
CC100398,36,Male,High School,Single,Salaried,7200000,40000000,102,0,0,0,6280000,10620000,18020000,2360000,3170000,7270000,2100000,0,0,30-39,11640000,4266666.667,0.291,Moderate,2,No Late Payments,Medium
CC100399,31,Male,Postgraduate,Single,Government,11500000,31000000,77,0,0,0,10920000,9420000,11210000,3320000,5460000,4160000,850000,0,0,30-39,10516666.67,4313333.333,0.339247312,Moderate,2,No Late Payments,Low
CC100400,36,Male,Bachelor,Married,Salaried,11200000,48000000,89,0,0,0,11680000,12330000,15690000,4790000,5740000,14530000,1710000,1,0,30-39,13233333.33,8353333.333,0.275694444,Moderate,2,Low,Medium
CC100401,37,Male,High School,Single,Self-employed,7500000,26000000,70,0,0,0,7550000,4830000,2540000,7650000,2750000,1250000,1440000,0,0,30-39,4973333.333,3883333.333,0.191282051,Low,1,No Late Payments,Low
CC100402,29,Female,Diploma,Other,Salaried,8000000,30000000,42,0,0,0,19560000,17670000,18090000,3520000,5160000,9780000,760000,0,0,21-29,18440000,6153333.333,0.614666667,High,3,No Late Payments,Low
CC100403,21,Female,Postgraduate,Married,Salaried,7000000,25000000,34,3,0,3,17090000,18750000,22810000,1600000,5150000,490000,1000000,2,1,21-29,19550000,2413333.333,0.782,Very High,4,Low,Low
CC100404,47,Male,Bachelor,Married,Self-employed,21900000,134000000,68,0,0,0,22810000,26530000,44890000,21640000,8850000,5540000,4020000,0,0,40-49,31410000,12010000,0.234402985,Low,1,No Late Payments,Very High
CC100405,42,Female,Diploma,Married,Government,11000000,56000000,161,0,0,0,37500000,24630000,28850000,18130000,8290000,25440000,450000,0,0,40-49,30326666.67,17286666.67,0.541547619,High,3,No Late Payments,Medium
CC100406,33,Male,Postgraduate,Married,Self-employed,14600000,90000000,109,0,0,0,54720000,61710000,60250000,11000000,16410000,52270000,2890000,0,0,30-39,58893333.33,26560000,0.65437037,High,3,No Late Payments,High
CC100407,47,Male,Postgraduate,Married,Salaried,10000000,59000000,198,0,0,0,27910000,18380000,10830000,7930000,5760000,2390000,2510000,0,0,40-49,19040000,5360000,0.322711864,Moderate,2,No Late Payments,Medium
CC100408,33,Male,Bachelor,Single,Salaried,13700000,61000000,111,0,0,1,370000,150000,14560000,370000,150000,5720000,3020000,1,0,30-39,5026666.667,2080000,0.082404372,Low,1,Low,High
CC100409,22,Male,High School,Single,Self-employed,11400000,47000000,19,0,0,0,9020000,13450000,22380000,4240000,2770000,2970000,1110000,0,0,21-29,14950000,3326666.667,0.318085106,Moderate,2,No Late Payments,Medium
CC100410,34,Female,Bachelor,Single,Salaried,14800000,77000000,131,0,0,0,33010000,40370000,38080000,12820000,10140000,8300000,410000,0,0,30-39,37153333.33,10420000,0.482510823,Moderate,2,No Late Payments,High
CC100411,40,Male,High School,Married,Salaried,5700000,31000000,99,1,3,3,8380000,10500000,9400000,600000,780000,1220000,2370000,3,1,40-49,9426666.667,866666.6667,0.304086022,Moderate,2,Moderate,Low
CC100412,47,Male,Bachelor,Married,Self-employed,15500000,55000000,109,0,0,0,27840000,33430000,14850000,13000000,17390000,7080000,5670000,1,0,40-49,25373333.33,12490000,0.461333333,Moderate,2,Low,Medium
CC100413,45,Female,Bachelor,Married,Salaried,11200000,56000000,163,0,0,1,22940000,20210000,15630000,7990000,21170000,5170000,3910000,1,0,40-49,19593333.33,11443333.33,0.349880952,Moderate,2,Low,Medium
CC100414,42,Female,Bachelor,Married,Self-employed,10200000,52000000,171,3,3,3,170000,2470000,1780000,170000,680000,1090000,2670000,3,1,40-49,1473333.333,646666.6667,0.028333333,Low,1,Moderate,Medium
CC100415,22,Female,High School,Married,Salaried,5000000,20000000,43,0,0,0,7390000,7840000,9540000,6290000,3070000,2910000,1050000,0,0,21-29,8256666.667,4090000,0.412833333,Moderate,2,No Late Payments,Low
CC100416,40,Male,Bachelor,Single,Salaried,14200000,64000000,76,0,0,0,22580000,23540000,27400000,21760000,8660000,8660000,2160000,0,0,40-49,24506666.67,13026666.67,0.382916667,Moderate,2,No Late Payments,High
CC100417,47,Female,Diploma,Married,Government,8400000,46000000,129,0,0,0,18810000,18080000,19440000,17810000,4590000,10850000,4550000,0,0,40-49,18776666.67,11083333.33,0.408188406,Moderate,2,No Late Payments,Medium
CC100418,24,Male,Bachelor,Single,Contract,6900000,27000000,42,3,3,3,22100000,25010000,19240000,330000,1820000,440000,2100000,3,1,21-29,22116666.67,863333.3333,0.819135802,Very High,4,Moderate,Low
CC100419,43,Male,Bachelor,Single,Salaried,15300000,81000000,115,1,0,0,47360000,48150000,39870000,19020000,47580000,15270000,910000,1,0,40-49,45126666.67,27290000,0.557119342,High,3,Low,High
CC100420,32,Female,Diploma,Married,Self-employed,20400000,120000000,84,0,0,0,49300000,45300000,16730000,10440000,19790000,2850000,4260000,0,0,30-39,37110000,11026666.67,0.30925,Moderate,2,No Late Payments,Very High
CC100421,21,Female,Bachelor,Married,Government,12300000,41000000,23,0,0,0,2770000,1330000,3670000,1860000,680000,3190000,2680000,0,0,21-29,2590000,1910000,0.063170732,Low,1,No Late Payments,Medium
CC100422,50,Female,High School,Married,Salaried,9800000,36000000,86,0,0,0,6040000,7480000,9610000,1850000,5230000,5110000,580000,0,0,50-59,7710000,4063333.333,0.214166667,Low,1,No Late Payments,Low
CC100423,35,Male,Bachelor,Married,Salaried,16800000,78000000,72,0,0,0,5280000,940000,9130000,1460000,940000,5830000,2110000,0,0,30-39,5116666.667,2743333.333,0.065598291,Low,1,No Late Payments,High
CC100424,21,Male,Diploma,Single,Salaried,5000000,25000000,19,0,0,0,9240000,10220000,10280000,2530000,2210000,2290000,860000,0,0,21-29,9913333.333,2343333.333,0.396533333,Moderate,2,No Late Payments,Low
CC100425,38,Female,Bachelor,Married,Government,11000000,59000000,131,0,0,0,24950000,31970000,21230000,11390000,16540000,8380000,440000,0,0,30-39,26050000,12103333.33,0.441525424,Moderate,2,No Late Payments,Medium
CC100426,27,Male,Bachelor,Married,Government,9900000,44000000,28,0,0,0,20140000,10010000,6240000,7350000,2660000,2860000,330000,2,0,21-29,12130000,4290000,0.275681818,Moderate,2,Low,Medium
CC100427,48,Female,High School,Married,Salaried,15300000,71000000,114,0,0,0,12250000,13710000,24020000,4270000,4960000,22100000,130000,0,0,40-49,16660000,10443333.33,0.234647887,Low,1,No Late Payments,High
CC100428,21,Female,Bachelor,Single,Other,9900000,45000000,8,3,2,0,17570000,15660000,19080000,2160000,6070000,9530000,2370000,4,1,21-29,17436666.67,5920000,0.387481481,Moderate,2,Moderate,Medium
CC100429,44,Female,High School,Other,Government,10700000,77000000,175,0,0,0,14240000,13570000,16360000,7490000,6450000,17170000,5100000,0,0,40-49,14723333.33,10370000,0.191212121,Low,1,No Late Payments,High
CC100430,62,Female,Diploma,Married,Self-employed,12000000,51000000,240,0,0,0,17170000,10840000,5790000,8110000,2700000,3030000,1950000,0,1,60+,11266666.67,4613333.333,0.220915033,Low,1,No Late Payments,Medium
CC100431,55,Male,Bachelor,Married,Salaried,19600000,81000000,115,0,0,0,60080000,48440000,49760000,30280000,20360000,1200000,4980000,1,0,50-59,52760000,17280000,0.651358025,High,3,Low,High
CC100432,33,Female,Bachelor,Single,Contract,9100000,30000000,81,3,0,0,15050000,14640000,18540000,2450000,4130000,15160000,1130000,1,1,30-39,16076666.67,7246666.667,0.535888889,High,3,Low,Low
CC100433,31,Female,Diploma,Single,Salaried,11700000,37000000,61,0,0,0,28530000,26320000,25850000,6980000,6640000,11920000,2930000,1,0,30-39,26900000,8513333.333,0.727027027,High,3,Low,Low
CC100434,47,Female,High School,Married,Government,15900000,81000000,55,0,0,0,38330000,26500000,25390000,10680000,5270000,7920000,2610000,0,0,40-49,30073333.33,7956666.667,0.37127572,Moderate,2,No Late Payments,High
CC100435,42,Female,Diploma,Other,Other,8200000,48000000,150,0,0,0,16790000,15190000,18890000,14510000,6040000,6680000,1650000,1,0,40-49,16956666.67,9076666.667,0.353263889,Moderate,2,Low,Medium
CC100436,25,Male,Bachelor,Single,Self-employed,13400000,51000000,39,3,0,0,38040000,40090000,23220000,960000,10580000,8760000,3060000,2,0,21-29,33783333.33,6766666.667,0.662418301,High,3,Low,Medium
CC100437,32,Female,Bachelor,Married,Salaried,12700000,37000000,65,0,0,0,14230000,16610000,13890000,13340000,16620000,4480000,2760000,0,0,30-39,14910000,11480000,0.402972973,Moderate,2,No Late Payments,Low
CC100438,51,Female,High School,Married,Self-employed,12600000,57000000,181,0,0,0,20500000,19900000,18810000,11840000,10750000,7930000,2080000,1,0,50-59,19736666.67,10173333.33,0.34625731,Moderate,2,Low,Medium
CC100439,31,Female,Bachelor,Married,Government,14600000,95000000,66,0,0,0,92110000,89240000,83100000,22530000,85440000,27120000,10300000,1,0,30-39,88150000,45030000,0.927894737,Very High,4,Low,High
CC100440,50,Female,Bachelor,Single,Government,13600000,60000000,158,0,0,0,10850000,2890000,5580000,3550000,1790000,2720000,710000,0,0,50-59,6440000,2686666.667,0.107333333,Low,1,No Late Payments,High
CC100441,34,Female,Bachelor,Married,Contract,8600000,25000000,62,0,0,0,6280000,5620000,8020000,1990000,1900000,2700000,200000,0,0,30-39,6640000,2196666.667,0.2656,Moderate,2,No Late Payments,Low
CC100442,31,Female,Diploma,Single,Self-employed,11900000,46000000,67,0,0,0,1480000,5720000,8200000,690000,1850000,2420000,640000,0,0,30-39,5133333.333,1653333.333,0.111594203,Low,1,No Late Payments,Medium
CC100443,55,Female,Bachelor,Other,Government,23200000,116000000,143,0,0,0,7000000,5490000,0,1610000,4660000,0,3870000,0,0,50-59,4163333.333,2090000,0.035890805,Low,1,No Late Payments,Very High
CC100444,40,Female,Diploma,Married,Salaried,14000000,78000000,121,0,0,0,12300000,7950000,8290000,4130000,960000,8680000,1890000,0,0,40-49,9513333.333,4590000,0.121965812,Low,1,No Late Payments,High
CC100445,47,Female,High School,Married,Self-employed,12000000,52000000,204,0,0,0,20080000,16670000,13640000,4600000,7830000,3620000,1740000,0,0,40-49,16796666.67,5350000,0.323012821,Moderate,2,No Late Payments,Medium
CC100446,32,Female,Bachelor,Single,Other,10600000,31000000,55,0,0,0,13060000,8990000,14380000,4610000,2410000,3580000,420000,0,1,30-39,12143333.33,3533333.333,0.39172043,Moderate,2,No Late Payments,Low
CC100447,36,Male,Bachelor,Married,Government,9800000,69000000,136,0,0,0,7020000,13060000,15070000,2640000,2570000,750000,550000,0,0,30-39,11716666.67,1986666.667,0.169806763,Low,1,No Late Payments,High
CC100448,36,Male,Diploma,Married,Salaried,9900000,60000000,87,1,0,0,14910000,20200000,23370000,8010000,7920000,23970000,4430000,1,0,30-39,19493333.33,13300000,0.324888889,Moderate,2,Low,High
CC100449,31,Female,Postgraduate,Married,Self-employed,21800000,81000000,84,0,0,0,11610000,12310000,24770000,6090000,6430000,9500000,3040000,0,0,30-39,16230000,7340000,0.20037037,Low,1,No Late Payments,High
CC100450,36,Male,High School,Married,Government,9900000,55000000,61,0,0,0,27810000,28100000,24470000,23920000,2870000,7380000,1090000,1,0,30-39,26793333.33,11390000,0.487151515,Moderate,2,Low,Medium
CC100451,47,Male,High School,Single,Salaried,12600000,69000000,76,0,0,0,7200000,13580000,12630000,4300000,2840000,3200000,2710000,0,0,40-49,11136666.67,3446666.667,0.161400966,Low,1,No Late Payments,High
CC100452,41,Female,Postgraduate,Single,Contract,14900000,45000000,69,3,1,3,13310000,19410000,20400000,1010000,2700000,580000,3950000,3,1,40-49,17706666.67,1430000,0.393481481,Moderate,2,Moderate,Medium
CC100453,35,Female,High School,Married,Self-employed,11600000,68000000,63,0,0,0,33460000,36840000,38790000,15460000,38210000,19060000,1790000,0,0,30-39,36363333.33,24243333.33,0.534754902,High,3,No Late Payments,High
CC100454,33,Female,Diploma,Married,Self-employed,10900000,59000000,94,0,0,0,39120000,40800000,39530000,32500000,35080000,17030000,1850000,0,0,30-39,39816666.67,28203333.33,0.674858757,High,3,No Late Payments,Medium
CC100455,25,Female,Diploma,Single,Government,5000000,25000000,29,0,0,0,8800000,12020000,12260000,2730000,3940000,3340000,1440000,1,0,21-29,11026666.67,3336666.667,0.441066667,Moderate,2,Low,Low
CC100456,41,Female,High School,Married,Salaried,6300000,33000000,96,0,0,0,4050000,2740000,3150000,2470000,850000,1250000,40000,0,0,40-49,3313333.333,1523333.333,0.10040404,Low,1,No Late Payments,Low
CC100457,21,Male,High School,Single,Government,10900000,21000000,6,0,0,0,8890000,2420000,260000,3650000,2090000,260000,1780000,0,0,21-29,3856666.667,2000000,0.183650794,Low,1,No Late Payments,Low
CC100458,27,Male,Bachelor,Single,Self-employed,11400000,52000000,41,0,0,0,3220000,2830000,6990000,1360000,1730000,1580000,130000,0,0,21-29,4346666.667,1556666.667,0.083589744,Low,1,No Late Payments,Medium
CC100459,33,Male,Diploma,Married,Self-employed,5900000,20000000,47,0,0,0,3270000,5720000,5320000,1840000,1110000,2200000,290000,0,0,30-39,4770000,1716666.667,0.2385,Low,1,No Late Payments,Low
CC100460,39,Male,High School,Single,Self-employed,23200000,106000000,103,0,0,0,35890000,30960000,14090000,17190000,6620000,5850000,2520000,0,0,30-39,26980000,9886666.667,0.254528302,Moderate,2,No Late Payments,Very High
CC100461,41,Male,Diploma,Single,Contract,7400000,24000000,76,3,3,0,7860000,9320000,10800000,1190000,520000,2700000,3710000,2,1,40-49,9326666.667,1470000,0.388611111,Moderate,2,Low,Low
CC100462,35,Female,Bachelor,Single,Government,12400000,59000000,61,2,0,2,32700000,27630000,24390000,10960000,14010000,5100000,1430000,2,1,30-39,28240000,10023333.33,0.478644068,Moderate,2,Low,Medium
CC100463,29,Female,Diploma,Married,Salaried,15000000,70000000,82,0,0,0,24890000,24830000,23250000,12680000,10050000,11000000,5930000,0,1,21-29,24323333.33,11243333.33,0.34747619,Moderate,2,No Late Payments,High
CC100464,39,Male,Bachelor,Married,Self-employed,11200000,55000000,116,0,0,0,5650000,3380000,7590000,1940000,850000,7660000,2630000,1,0,30-39,5540000,3483333.333,0.100727273,Low,1,Low,Medium
CC100465,48,Male,Bachelor,Married,Other,10400000,69000000,97,1,0,0,38750000,35130000,47980000,13600000,12700000,15350000,4140000,2,0,40-49,40620000,13883333.33,0.588695652,High,3,Low,High
CC100466,49,Female,Diploma,Married,Salaried,15100000,93000000,221,3,3,3,33090000,51580000,49620000,1250000,2970000,5800000,7820000,3,1,40-49,44763333.33,3340000,0.481326165,Moderate,2,Moderate,High
CC100467,23,Male,Bachelor,Single,Salaried,6800000,28000000,25,0,0,0,5490000,9220000,5880000,900000,3700000,4840000,590000,1,0,21-29,6863333.333,3146666.667,0.245119048,Low,1,Low,Low
CC100468,30,Female,Bachelor,Married,Salaried,12400000,78000000,57,0,0,0,50030000,47620000,46170000,45290000,22590000,16420000,2710000,0,0,30-39,47940000,28100000,0.614615385,High,3,No Late Payments,High
CC100469,52,Male,Bachelor,Married,Self-employed,9600000,72000000,176,2,0,3,50000000,47000000,45520000,890000,4220000,13940000,4920000,2,1,50-59,47506666.67,6350000,0.659814815,High,3,Low,High
CC100470,27,Female,Bachelor,Married,Government,7800000,32000000,38,0,0,0,12920000,3450000,11220000,4640000,1360000,5060000,1360000,0,0,21-29,9196666.667,3686666.667,0.287395833,Moderate,2,No Late Payments,Low
CC100471,28,Female,High School,Married,Salaried,7500000,35000000,39,1,3,3,24670000,23900000,23770000,9340000,710000,3760000,4430000,4,0,21-29,24113333.33,4603333.333,0.688952381,High,3,Moderate,Low
CC100472,33,Male,Diploma,Married,Contract,10000000,39000000,74,0,0,0,5530000,4780000,4950000,2210000,1780000,4380000,1490000,0,0,30-39,5086666.667,2790000,0.13042735,Low,1,No Late Payments,Low
CC100473,38,Male,Bachelor,Married,Salaried,17800000,38000000,44,0,0,0,14500000,11740000,12990000,4230000,5120000,6860000,4660000,0,0,30-39,13076666.67,5403333.333,0.344122807,Moderate,2,No Late Payments,Low
CC100474,38,Female,Diploma,Single,Salaried,7900000,33000000,118,0,0,0,3580000,4530000,2150000,780000,1590000,500000,360000,0,0,30-39,3420000,956666.6667,0.103636364,Low,1,No Late Payments,Low
CC100475,34,Female,Diploma,Married,Contract,10600000,48000000,78,0,0,0,0,12150000,15260000,0,10510000,5740000,1110000,2,0,30-39,9136666.667,5416666.667,0.190347222,Low,1,Low,Medium
CC100476,42,Male,High School,Married,Government,7800000,27000000,90,0,0,0,6300000,6370000,3010000,2210000,2870000,1120000,150000,1,0,40-49,5226666.667,2066666.667,0.193580247,Low,1,Low,Low
CC100477,44,Male,Bachelor,Other,Self-employed,14300000,72000000,73,0,0,0,20660000,25590000,16460000,18130000,26600000,4430000,2140000,1,0,40-49,20903333.33,16386666.67,0.290324074,Moderate,2,Low,High
CC100478,28,Female,Bachelor,Single,Contract,7400000,30000000,58,2,0,0,2980000,2340000,1560000,340000,820000,670000,1950000,3,0,21-29,2293333.333,610000,0.076444444,Low,1,Moderate,Low
CC100479,40,Female,Bachelor,Married,Salaried,10900000,38000000,73,0,0,0,1220000,3800000,4980000,1170000,2020000,1890000,400000,0,0,40-49,3333333.333,1693333.333,0.087719298,Low,1,No Late Payments,Low
CC100480,36,Male,Bachelor,Single,Government,10300000,55000000,115,0,1,0,14190000,9550000,7750000,11450000,3120000,1930000,2030000,1,0,30-39,10496666.67,5500000,0.190848485,Low,1,Low,Medium
CC100481,40,Female,Bachelor,Married,Salaried,12600000,53000000,38,0,0,0,36320000,29280000,31810000,9770000,4630000,4420000,2070000,3,1,40-49,32470000,6273333.333,0.612641509,High,3,Moderate,Medium
CC100482,33,Female,High School,Married,Self-employed,7600000,35000000,31,0,0,0,37080000,33990000,21720000,13320000,17290000,6170000,3490000,0,0,30-39,30930000,12260000,0.883714286,Very High,4,No Late Payments,Low
CC100483,43,Female,Diploma,Married,Salaried,8000000,49000000,171,0,0,0,35240000,30990000,43630000,10360000,2690000,7250000,3270000,0,1,40-49,36620000,6766666.667,0.747346939,High,3,No Late Payments,Medium
CC100484,38,Female,Bachelor,Single,Government,15100000,59000000,60,1,2,3,38950000,35490000,40390000,13110000,3280000,1260000,3280000,3,1,30-39,38276666.67,5883333.333,0.648757062,High,3,Moderate,Medium
CC100485,41,Male,Bachelor,Married,Salaried,11200000,39000000,166,0,0,0,16500000,14310000,15970000,5890000,5850000,10120000,2310000,0,0,40-49,15593333.33,7286666.667,0.39982906,Moderate,2,No Late Payments,Low
CC100486,58,Male,High School,Other,Salaried,21500000,118000000,216,0,0,0,30100000,31780000,32700000,12330000,10920000,13300000,4270000,2,0,50-59,31526666.67,12183333.33,0.267175141,Moderate,2,Low,Very High
CC100487,34,Male,Diploma,Married,Government,6800000,26000000,103,3,0,0,21800000,23110000,19720000,840000,3520000,5070000,1950000,1,1,30-39,21543333.33,3143333.333,0.828589744,Very High,4,Low,Low
CC100488,34,Male,Diploma,Married,Salaried,9000000,32000000,52,0,1,0,14050000,15920000,13480000,360000,640000,3470000,1700000,1,0,30-39,14483333.33,1490000,0.452604167,Moderate,2,Low,Low
CC100489,41,Female,High School,Married,Self-employed,13400000,57000000,57,0,0,0,9580000,17740000,17230000,8520000,7250000,8760000,150000,1,0,40-49,14850000,8176666.667,0.260526316,Moderate,2,Low,Medium
CC100490,49,Male,Diploma,Married,Salaried,11800000,60000000,169,0,0,0,40960000,32850000,47060000,11170000,7530000,6020000,1790000,0,0,40-49,40290000,8240000,0.6715,High,3,No Late Payments,High
CC100491,29,Female,Diploma,Married,Salaried,11100000,34000000,52,0,0,0,10630000,8460000,6220000,4310000,2470000,2890000,1930000,1,0,21-29,8436666.667,3223333.333,0.248137255,Low,1,Low,Low
CC100492,43,Male,Bachelor,Married,Salaried,20700000,135000000,159,0,0,0,15530000,28210000,11830000,4750000,15600000,11770000,7410000,0,0,40-49,18523333.33,10706666.67,0.137209877,Low,1,No Late Payments,Very High
CC100493,58,Female,High School,Other,Salaried,9300000,51000000,152,0,0,0,31750000,27930000,39110000,8840000,9350000,10820000,1510000,1,0,50-59,32930000,9670000,0.645686275,High,3,Low,Medium
CC100494,35,Female,High School,Married,Salaried,8500000,44000000,73,0,0,0,15480000,11550000,17480000,6780000,4380000,8980000,290000,1,0,30-39,14836666.67,6713333.333,0.33719697,Moderate,2,Low,Medium
CC100495,34,Female,Bachelor,Married,Contract,11800000,40000000,55,0,0,0,13170000,11110000,13370000,12700000,3440000,7440000,1640000,0,0,30-39,12550000,7860000,0.31375,Moderate,2,No Late Payments,Medium
CC100496,43,Female,High School,Married,Contract,7400000,37000000,161,0,0,0,13510000,13360000,18050000,5980000,5120000,9890000,120000,1,0,40-49,14973333.33,6996666.667,0.404684685,Moderate,2,Low,Low
CC100497,36,Female,High School,Single,Self-employed,6800000,37000000,107,0,0,0,11780000,14130000,15880000,5660000,6130000,7020000,610000,0,0,30-39,13930000,6270000,0.376486486,Moderate,2,No Late Payments,Low
CC100498,31,Male,High School,Married,Contract,10600000,31000000,28,0,0,1,9150000,11990000,10150000,4290000,4230000,3250000,460000,2,0,30-39,10430000,3923333.333,0.336451613,Moderate,2,Low,Low
CC100499,41,Male,High School,Married,Contract,5800000,22000000,147,2,2,2,18260000,19020000,14770000,3880000,1280000,1650000,3170000,4,1,40-49,17350000,2270000,0.788636364,Very High,4,Moderate,Low
CC100500,37,Female,Bachelor,Married,Self-employed,12300000,46000000,37,0,0,0,10470000,8600000,4190000,3260000,2590000,1260000,1030000,0,0,30-39,7753333.333,2370000,0.168550725,Low,1,No Late Payments,Medium
CC100501,40,Female,Bachelor,Married,Self-employed,11800000,78000000,133,0,0,0,28220000,16690000,9440000,23930000,6280000,3050000,5040000,1,0,40-49,18116666.67,11086666.67,0.232264957,Low,1,Low,High
CC100502,37,Male,Bachelor,Married,Salaried,14500000,80000000,79,1,0,0,55600000,55820000,42990000,21500000,23820000,16690000,1660000,1,1,30-39,51470000,20670000,0.643375,High,3,Low,High
CC100503,35,Female,Bachelor,Married,Self-employed,11900000,34000000,19,0,0,0,5610000,6960000,9710000,2620000,6070000,4990000,4470000,0,0,30-39,7426666.667,4560000,0.218431373,Low,1,No Late Payments,Low
CC100504,27,Male,Postgraduate,Married,Salaried,12600000,85000000,17,0,1,2,54090000,57590000,56580000,25280000,10020000,4720000,4910000,2,0,21-29,56086666.67,13340000,0.659843137,High,3,Low,High
CC100505,27,Female,Bachelor,Single,Government,14100000,88000000,66,0,0,0,35450000,34060000,33100000,16890000,15270000,11630000,40000,1,0,21-29,34203333.33,14596666.67,0.388674242,Moderate,2,Low,High
CC100506,48,Female,Diploma,Married,Salaried,9500000,50000000,177,0,3,1,25290000,20160000,18740000,24380000,750000,560000,3810000,2,0,40-49,21396666.67,8563333.333,0.427933333,Moderate,2,Low,Medium
CC100507,39,Male,Diploma,Married,Other,5000000,20000000,149,0,0,3,6260000,7720000,5670000,640000,2240000,1150000,1710000,2,0,30-39,6550000,1343333.333,0.3275,Moderate,2,Low,Low
CC100508,24,Female,Bachelor,Single,Salaried,8000000,41000000,30,0,0,1,11210000,16370000,18310000,2960000,8760000,6170000,970000,1,0,21-29,15296666.67,5963333.333,0.373089431,Moderate,2,Low,Medium
CC100509,34,Female,Bachelor,Married,Salaried,11700000,43000000,65,0,0,1,21040000,20260000,15580000,7660000,10140000,2470000,2140000,2,0,30-39,18960000,6756666.667,0.440930233,Moderate,2,Low,Medium
CC100510,46,Female,Bachelor,Married,Other,8200000,27000000,101,0,0,0,5890000,3400000,3430000,2290000,1140000,1080000,220000,0,0,40-49,4240000,1503333.333,0.157037037,Low,1,No Late Payments,Low
CC100511,25,Male,Bachelor,Single,Salaried,9200000,40000000,30,2,0,0,6360000,12450000,7400000,640000,3470000,2850000,2160000,1,0,21-29,8736666.667,2320000,0.218416667,Low,1,Low,Medium
CC100512,39,Female,Diploma,Married,Self-employed,23800000,80000000,53,0,0,0,47310000,47250000,36980000,16450000,16890000,10630000,3500000,0,0,30-39,43846666.67,14656666.67,0.548083333,High,3,No Late Payments,High
CC100513,48,Female,Bachelor,Married,Government,10200000,70000000,157,0,0,0,28610000,24900000,18470000,10950000,7800000,18210000,1770000,0,0,40-49,23993333.33,12320000,0.342761905,Moderate,2,No Late Payments,High
CC100514,22,Female,Diploma,Single,Salaried,5200000,24000000,16,0,1,0,15230000,15690000,13100000,6410000,5240000,7120000,1300000,2,1,21-29,14673333.33,6256666.667,0.611388889,High,3,Low,Low
CC100515,23,Male,Diploma,Single,Salaried,7000000,28000000,42,3,3,3,26260000,26100000,25450000,330000,480000,470000,4990000,3,1,21-29,25936666.67,426666.6667,0.926309524,Very High,4,Moderate,Low
CC100516,38,Female,Diploma,Married,Self-employed,11500000,54000000,126,0,0,0,17660000,19350000,22730000,5900000,9740000,5570000,130000,1,0,30-39,19913333.33,7070000,0.368765432,Moderate,2,Low,Medium
CC100517,60,Male,High School,Other,Salaried,7900000,47000000,226,0,3,0,37210000,40500000,31700000,30160000,3100000,8740000,1770000,1,0,60+,36470000,14000000,0.775957447,Very High,4,Low,Medium
CC100518,43,Male,Postgraduate,Single,Self-employed,13600000,87000000,102,0,0,0,0,0,3630000,0,0,1330000,1110000,0,0,40-49,1210000,443333.3333,0.013908046,Low,1,No Late Payments,High
CC100519,33,Male,Diploma,Single,Contract,6200000,20000000,57,3,3,3,18230000,17600000,14690000,390000,220000,300000,2610000,5,1,30-39,16840000,303333.3333,0.842,Very High,4,High,Low
CC100520,32,Male,Postgraduate,Single,Salaried,12700000,67000000,71,3,2,3,28800000,36610000,40830000,1000000,810000,880000,5540000,4,1,30-39,35413333.33,896666.6667,0.528557214,High,3,Moderate,High
CC100521,37,Female,Bachelor,Married,Contract,8500000,40000000,51,0,0,0,8250000,6840000,4360000,3070000,2420000,2730000,430000,0,0,30-39,6483333.333,2740000,0.162083333,Low,1,No Late Payments,Medium
CC100522,29,Female,Bachelor,Married,Self-employed,11800000,69000000,80,0,0,0,32950000,31920000,31670000,9530000,3780000,26510000,3340000,0,0,21-29,32180000,13273333.33,0.466376812,Moderate,2,No Late Payments,High
CC100523,43,Female,Diploma,Married,Salaried,18200000,49000000,79,0,0,0,8340000,13810000,8860000,4500000,6310000,2230000,5400000,0,0,40-49,10336666.67,4346666.667,0.210952381,Low,1,No Late Payments,Medium
CC100524,27,Male,Bachelor,Single,Salaried,7300000,36000000,54,0,1,0,25070000,30210000,28320000,4780000,5890000,28970000,920000,1,0,21-29,27866666.67,13213333.33,0.774074074,Very High,4,Low,Low
CC100525,44,Female,Diploma,Married,Other,5800000,32000000,150,0,0,0,24540000,23420000,20510000,6750000,23510000,6540000,1190000,1,0,40-49,22823333.33,12266666.67,0.713229167,High,3,Low,Low
CC100526,42,Female,Bachelor,Single,Self-employed,11600000,44000000,71,3,3,3,33520000,29430000,21270000,950000,650000,680000,3010000,5,1,40-49,28073333.33,760000,0.638030303,High,3,High,Medium
CC100527,28,Male,Bachelor,Married,Salaried,11900000,39000000,43,0,0,0,18290000,16120000,14260000,5300000,4640000,3200000,1480000,0,0,21-29,16223333.33,4380000,0.415982906,Moderate,2,No Late Payments,Low
CC100528,38,Male,Bachelor,Single,Self-employed,12600000,50000000,106,0,0,0,22180000,22340000,14330000,9570000,22980000,5280000,1820000,0,0,30-39,19616666.67,12610000,0.392333333,Moderate,2,No Late Payments,Medium
CC100529,43,Female,Diploma,Married,Contract,10400000,56000000,147,3,2,2,27320000,27740000,32930000,800000,9320000,4380000,3050000,3,1,40-49,29330000,4833333.333,0.52375,High,3,Moderate,Medium
CC100530,46,Male,Diploma,Married,Self-employed,15000000,59000000,82,0,0,0,2900000,1600000,400000,1240000,1300000,400000,930000,0,0,40-49,1633333.333,980000,0.027683616,Low,1,No Late Payments,Medium
CC100531,43,Female,Bachelor,Married,Salaried,14300000,100000000,141,0,0,0,41400000,62430000,61620000,23690000,63600000,27640000,710000,0,0,40-49,55150000,38310000,0.5515,High,3,No Late Payments,Very High
CC100532,25,Female,Bachelor,Single,Other,12300000,64000000,46,0,1,3,61920000,56580000,57570000,3200000,14610000,1300000,4960000,3,0,21-29,58690000,6370000,0.91703125,Very High,4,Moderate,High
CC100533,50,Female,Postgraduate,Married,Contract,12700000,53000000,66,0,3,2,25100000,19480000,31460000,1320000,1000000,3810000,2950000,2,0,50-59,25346666.67,2043333.333,0.478238994,Moderate,2,Low,Medium
CC100534,41,Male,Diploma,Married,Contract,8100000,31000000,90,2,3,3,28580000,23710000,19630000,6530000,4800000,390000,2920000,3,1,40-49,23973333.33,3906666.667,0.773333333,Very High,4,Moderate,Low
CC100535,55,Male,Diploma,Married,Self-employed,10100000,46000000,197,0,0,1,28940000,25110000,26170000,10770000,10020000,10870000,2840000,1,0,50-59,26740000,10553333.33,0.581304348,High,3,Low,Medium
CC100536,31,Female,Bachelor,Other,Salaried,11300000,45000000,58,0,0,0,27640000,20570000,23930000,16380000,7990000,8940000,850000,0,0,30-39,24046666.67,11103333.33,0.53437037,High,3,No Late Payments,Medium
CC100537,29,Female,Bachelor,Single,Salaried,19200000,94000000,53,0,0,0,80750000,69160000,65370000,73890000,23770000,21680000,5140000,1,0,21-29,71760000,39780000,0.763404255,Very High,4,Low,High
CC100538,21,Male,High School,Single,Self-employed,8800000,33000000,36,0,0,0,14210000,21400000,21180000,6690000,9740000,8950000,310000,0,0,21-29,18930000,8460000,0.573636364,High,3,No Late Payments,Low
CC100539,46,Male,Bachelor,Married,Other,8800000,45000000,171,3,2,2,18810000,9260000,11400000,870000,1760000,2780000,1320000,3,1,40-49,13156666.67,1803333.333,0.29237037,Moderate,2,Moderate,Medium
CC100540,21,Male,Bachelor,Other,Self-employed,9500000,49000000,18,0,0,0,19580000,24140000,17940000,9600000,19970000,8710000,5450000,0,0,21-29,20553333.33,12760000,0.419455782,Moderate,2,No Late Payments,Medium
CC100541,37,Female,Postgraduate,Married,Salaried,12200000,45000000,73,0,0,0,24630000,28790000,26230000,10540000,11060000,10050000,2890000,1,0,30-39,26550000,10550000,0.59,High,3,Low,Medium
CC100542,37,Female,Diploma,Single,Salaried,8100000,26000000,112,1,0,3,21420000,19180000,15940000,3160000,3150000,510000,2930000,3,1,30-39,18846666.67,2273333.333,0.724871795,High,3,Moderate,Low
CC100543,38,Male,Bachelor,Married,Salaried,15000000,64000000,96,0,0,0,39150000,33600000,38100000,13860000,13000000,7180000,3490000,1,0,30-39,36950000,11346666.67,0.57734375,High,3,Low,High
CC100544,34,Male,High School,Married,Other,5100000,20000000,74,3,3,3,11090000,9460000,9930000,270000,400000,260000,4200000,4,1,30-39,10160000,310000,0.508,High,3,Moderate,Low
CC100545,42,Female,High School,Other,Salaried,13400000,88000000,105,0,0,0,35830000,32570000,39740000,14380000,7710000,6260000,1480000,0,0,40-49,36046666.67,9450000,0.409621212,Moderate,2,No Late Payments,High
CC100546,39,Male,High School,Married,Salaried,5000000,25000000,108,0,0,0,4830000,2160000,2160000,1020000,760000,900000,130000,0,0,30-39,3050000,893333.3333,0.122,Low,1,No Late Payments,Low
CC100547,27,Female,Bachelor,Married,Salaried,11500000,40000000,65,0,0,0,4420000,5790000,4310000,1280000,1740000,1670000,340000,0,0,21-29,4840000,1563333.333,0.121,Low,1,No Late Payments,Medium
CC100548,51,Male,Diploma,Other,Salaried,15700000,59000000,112,0,0,0,34610000,46320000,37660000,3370000,14680000,33470000,860000,0,0,50-59,39530000,17173333.33,0.67,High,3,No Late Payments,Medium
CC100549,48,Male,Bachelor,Single,Contract,12000000,47000000,79,3,0,1,18590000,22500000,20520000,700000,18600000,1680000,1280000,2,1,40-49,20536666.67,6993333.333,0.436950355,Moderate,2,Low,Medium
CC100550,28,Male,Diploma,Single,Salaried,7400000,38000000,46,0,0,0,6730000,740000,10280000,5700000,470000,5270000,2260000,0,0,21-29,5916666.667,3813333.333,0.155701754,Low,1,No Late Payments,Low
CC100551,38,Female,Bachelor,Married,Contract,13600000,67000000,125,0,0,0,12370000,18230000,17600000,11820000,8870000,5550000,4800000,0,0,30-39,16066666.67,8746666.667,0.239800995,Low,1,No Late Payments,High
CC100552,39,Female,Diploma,Married,Salaried,14900000,60000000,93,0,0,0,2090000,8170000,7820000,1000000,2950000,2990000,5091132,0,0,30-39,6026666.667,2313333.333,0.100444444,Low,1,No Late Payments,High
CC100553,58,Male,Bachelor,Married,Self-employed,29600000,188000000,240,0,0,0,63340000,81670000,35840000,27090000,24720000,18330000,9860000,1,0,50-59,60283333.33,23380000,0.320656028,Moderate,2,Low,Very High
CC100554,32,Male,Bachelor,Married,Salaried,11600000,61000000,73,3,3,0,14330000,17840000,35290000,1150000,1760000,13670000,6000000,2,1,30-39,22486666.67,5526666.667,0.36863388,Moderate,2,Low,High
CC100555,49,Male,Bachelor,Married,Government,18600000,106000000,143,0,1,0,56900000,45330000,70850000,11810000,12690000,14900000,1530000,2,0,40-49,57693333.33,13133333.33,0.54427673,High,3,Low,Very High
CC100556,44,Female,Postgraduate,Married,Salaried,20100000,90000000,62,0,0,0,19260000,25990000,35600000,11430000,6880000,30060000,2280000,1,0,40-49,26950000,16123333.33,0.299444444,Moderate,2,Low,High
CC100557,42,Female,Postgraduate,Married,Government,16100000,61000000,88,3,3,3,32800000,37790000,38030000,700000,1250000,1430000,4520000,3,1,40-49,36206666.67,1126666.667,0.593551913,High,3,Moderate,High
CC100558,44,Male,Postgraduate,Married,Government,11600000,63000000,174,0,0,0,39860000,34300000,28920000,17020000,15630000,12590000,3920000,0,0,40-49,34360000,15080000,0.545396825,High,3,No Late Payments,High
CC100559,32,Female,Bachelor,Other,Salaried,14100000,82000000,40,0,0,0,41840000,39980000,23100000,35700000,16090000,12930000,2160000,0,0,30-39,34973333.33,21573333.33,0.426504065,Moderate,2,No Late Payments,High
CC100560,41,Male,Postgraduate,Married,Government,24500000,164000000,135,0,0,0,40030000,57390000,73350000,23150000,58400000,60130000,3510000,0,0,40-49,56923333.33,47226666.67,0.347093496,Moderate,2,No Late Payments,Very High
CC100561,45,Male,High School,Married,Government,6700000,37000000,105,0,0,0,7460000,14380000,15760000,2350000,3810000,4320000,490000,0,0,40-49,12533333.33,3493333.333,0.338738739,Moderate,2,No Late Payments,Low
CC100562,47,Male,Diploma,Other,Salaried,10700000,53000000,98,1,2,1,20290000,24650000,22390000,4340000,5540000,3180000,2960000,3,0,40-49,22443333.33,4353333.333,0.423459119,Moderate,2,Moderate,Medium
CC100563,40,Male,Bachelor,Married,Salaried,8200000,40000000,136,3,3,3,32740000,24820000,24910000,7800000,440000,440000,2350000,3,1,40-49,27490000,2893333.333,0.68725,High,3,Moderate,Medium
CC100564,54,Female,Postgraduate,Married,Salaried,14900000,64000000,110,0,0,0,34550000,23970000,24450000,9870000,19310000,5240000,4140000,0,0,50-59,27656666.67,11473333.33,0.432135417,Moderate,2,No Late Payments,High
CC100565,46,Male,Bachelor,Married,Salaried,19700000,78000000,64,0,0,0,47940000,53040000,46120000,2370000,11730000,20210000,730000,0,1,40-49,49033333.33,11436666.67,0.628632479,High,3,No Late Payments,High
CC100566,48,Female,Diploma,Married,Salaried,11800000,70000000,191,0,0,0,22690000,13110000,28500000,20620000,5840000,11080000,1780000,1,0,40-49,21433333.33,12513333.33,0.306190476,Moderate,2,Low,High
CC100567,54,Female,Diploma,Married,Salaried,8600000,52000000,132,0,0,0,17630000,22030000,13350000,1540000,22750000,5470000,1740000,0,0,50-59,17670000,9920000,0.339807692,Moderate,2,No Late Payments,Medium
CC100568,38,Female,Bachelor,Married,Government,17300000,101000000,114,0,0,0,2580000,4850000,1270000,1430000,1310000,1210000,2360000,0,0,30-39,2900000,1316666.667,0.028712871,Low,1,No Late Payments,Very High
CC100569,28,Female,Bachelor,Married,Salaried,16100000,58000000,38,2,2,0,13830000,16090000,24050000,2620000,1050000,7380000,3730000,2,1,21-29,17990000,3683333.333,0.310172414,Moderate,2,Low,Medium
CC100570,56,Male,High School,Married,Salaried,8000000,34000000,147,0,1,0,4890000,9650000,12940000,980000,3850000,6050000,2250000,1,0,50-59,9160000,3626666.667,0.269411765,Moderate,2,Low,Low
CC100571,37,Female,Diploma,Married,Government,12300000,51000000,75,0,0,0,19370000,12420000,13520000,5980000,1430000,7150000,4150000,0,0,30-39,15103333.33,4853333.333,0.296143791,Moderate,2,No Late Payments,Medium
CC100572,23,Female,Bachelor,Single,Salaried,6500000,32000000,47,1,0,0,10200000,8810000,9840000,3410000,2180000,3290000,1130000,1,0,21-29,9616666.667,2960000,0.300520833,Moderate,2,Low,Low
CC100573,42,Male,Postgraduate,Married,Self-employed,17800000,104000000,133,3,1,0,0,22340000,28930000,0,3980000,27420000,5200000,2,0,40-49,17090000,10466666.67,0.164326923,Low,1,Low,Very High
CC100574,30,Male,Bachelor,Married,Contract,7900000,37000000,47,1,2,0,26730000,24600000,20180000,8390000,6250000,6110000,1770000,2,0,30-39,23836666.67,6916666.667,0.644234234,High,3,Low,Low
CC100575,43,Female,Postgraduate,Single,Salaried,15300000,48000000,179,0,0,0,27590000,21530000,22660000,8370000,19390000,2040000,950000,0,0,40-49,23926666.67,9933333.333,0.498472222,Moderate,2,No Late Payments,Medium
CC100576,41,Female,Diploma,Single,Other,5000000,20000000,89,0,1,0,15170000,11060000,14920000,2770000,1520000,15310000,610000,1,0,40-49,13716666.67,6533333.333,0.685833333,High,3,Low,Low
CC100577,31,Female,Bachelor,Married,Salaried,10000000,34000000,36,0,0,0,6340000,4560000,8100000,1850000,1890000,3130000,1680000,0,0,30-39,6333333.333,2290000,0.18627451,Low,1,No Late Payments,Low
CC100578,59,Female,Postgraduate,Other,Salaried,16900000,99000000,158,1,0,0,55650000,55700000,37230000,14480000,52180000,9010000,2490000,2,0,50-59,49526666.67,25223333.33,0.50026936,High,3,Low,High
CC100579,37,Male,Bachelor,Married,Salaried,10900000,64000000,110,0,0,0,13450000,19800000,19370000,6440000,7820000,15600000,4040000,1,0,30-39,17540000,9953333.333,0.2740625,Moderate,2,Low,High
CC100580,45,Male,Diploma,Other,Salaried,10700000,51000000,163,1,0,0,39080000,33060000,28880000,4040000,6010000,3040000,5540000,2,1,40-49,33673333.33,4363333.333,0.660261438,High,3,Low,Medium
CC100581,34,Male,Diploma,Married,Salaried,9900000,57000000,80,0,0,1,17880000,8970000,16590000,3310000,2650000,10820000,1280000,2,0,30-39,14480000,5593333.333,0.254035088,Moderate,2,Low,Medium
CC100582,35,Female,Bachelor,Married,Government,10900000,39000000,82,0,0,0,6290000,9560000,4670000,2870000,3590000,2810000,1770000,0,0,30-39,6840000,3090000,0.175384615,Low,1,No Late Payments,Low
CC100583,59,Female,Bachelor,Married,Government,18900000,109000000,180,0,0,0,23580000,27720000,36570000,9810000,7330000,36800000,1050000,1,0,50-59,29290000,17980000,0.268715596,Moderate,2,Low,Very High
CC100584,38,Female,Postgraduate,Married,Salaried,10600000,59000000,117,0,0,0,31040000,31430000,27460000,10900000,9230000,3170000,1650000,1,0,30-39,29976666.67,7766666.667,0.508079096,High,3,Low,Medium
CC100585,21,Male,Bachelor,Single,Salaried,10100000,39000000,14,1,0,0,6480000,3970000,9310000,2390000,1320000,8380000,3060000,3,0,21-29,6586666.667,4030000,0.168888889,Low,1,Moderate,Low
CC100586,32,Female,Bachelor,Married,Self-employed,11200000,57000000,93,0,0,0,27140000,27740000,30030000,5550000,5280000,8100000,5650000,1,0,30-39,28303333.33,6310000,0.496549708,Moderate,2,Low,Medium
CC100587,37,Male,High School,Married,Self-employed,8500000,32000000,85,0,0,2,20170000,25920000,19890000,8780000,6760000,340000,2110000,1,0,30-39,21993333.33,5293333.333,0.687291667,High,3,Low,Low
CC100588,21,Male,Bachelor,Single,Government,8700000,34000000,3,3,3,0,25750000,25600000,27090000,400000,630000,7500000,2760000,3,1,21-29,26146666.67,2843333.333,0.769019608,Very High,4,Moderate,Low
CC100589,43,Female,Diploma,Other,Contract,7600000,22000000,74,3,3,3,12170000,11040000,9340000,240000,420000,1940000,1420000,3,1,40-49,10850000,866666.6667,0.493181818,Moderate,2,Moderate,Low
CC100590,28,Male,Bachelor,Other,Salaried,7500000,50000000,67,3,3,3,41350000,52570000,53240000,820000,8930000,950000,4500000,4,1,21-29,49053333.33,3566666.667,0.981066667,Very High,4,Moderate,Medium
CC100591,21,Female,High School,Single,Other,5000000,23000000,30,2,1,0,8120000,6990000,3660000,1970000,2360000,790000,700000,3,1,21-29,6256666.667,1706666.667,0.272028986,Moderate,2,Moderate,Low
CC100592,30,Female,High School,Married,Salaried,9800000,40000000,71,0,1,3,31770000,29640000,34840000,2870000,4000000,810000,3860000,2,0,30-39,32083333.33,2560000,0.802083333,Very High,4,Low,Medium
CC100593,29,Female,Bachelor,Married,Government,9900000,48000000,54,2,1,3,28060000,37240000,29410000,890000,2750000,3060000,4450000,3,1,21-29,31570000,2233333.333,0.657708333,High,3,Moderate,Medium
CC100594,39,Male,High School,Single,Self-employed,11300000,37000000,58,0,0,0,17840000,19320000,18140000,8370000,18150000,7030000,4650000,1,0,30-39,18433333.33,11183333.33,0.498198198,Moderate,2,Low,Low
CC100595,43,Male,Bachelor,Married,Salaried,15800000,85000000,150,3,3,0,72840000,78040000,56230000,6050000,1810000,20410000,9780000,3,1,40-49,69036666.67,9423333.333,0.812196078,Very High,4,Moderate,High
CC100596,43,Male,Diploma,Married,Salaried,7900000,25000000,56,0,0,0,4340000,2000000,3300000,1440000,940000,760000,1490000,2,0,40-49,3213333.333,1046666.667,0.128533333,Low,1,Low,Low
CC100597,45,Female,Diploma,Single,Salaried,10000000,55000000,146,0,1,0,34480000,21510000,21150000,780000,5250000,8090000,2360000,1,0,40-49,25713333.33,4706666.667,0.467515152,Moderate,2,Low,Medium
CC100598,60,Female,Diploma,Married,Government,8500000,44000000,88,0,0,0,25290000,24800000,16270000,8460000,21690000,7690000,3270000,0,0,60+,22120000,12613333.33,0.502727273,High,3,No Late Payments,Medium
CC100599,48,Male,Postgraduate,Married,Government,18900000,102000000,220,0,0,0,31200000,21850000,14530000,30070000,18070000,6350000,3250000,0,0,40-49,22526666.67,18163333.33,0.220849673,Low,1,No Late Payments,Very High
CC100600,29,Female,Bachelor,Married,Salaried,12400000,50000000,20,0,0,0,34450000,35980000,34380000,11340000,12580000,18490000,2600000,0,0,21-29,34936666.67,14136666.67,0.698733333,High,3,No Late Payments,Medium
CC100601,34,Male,Postgraduate,Married,Salaried,13600000,75000000,60,0,0,0,50270000,46350000,42500000,18280000,44220000,8070000,3700000,0,0,30-39,46373333.33,23523333.33,0.618311111,High,3,No Late Payments,High
CC100602,41,Male,Bachelor,Married,Salaried,8800000,33000000,101,0,0,0,21330000,17940000,14650000,7730000,4980000,4410000,1450000,0,0,40-49,17973333.33,5706666.667,0.544646465,High,3,No Late Payments,Low
CC100603,24,Male,Bachelor,Single,Contract,6700000,30000000,39,1,2,3,18830000,15370000,21940000,3480000,1780000,1080000,1130000,3,1,21-29,18713333.33,2113333.333,0.623777778,High,3,Moderate,Low
CC100604,36,Male,High School,Married,Self-employed,11600000,59000000,79,0,0,0,59530000,48800000,43220000,22520000,16610000,37660000,4890000,0,0,30-39,50516666.67,25596666.67,0.856214689,Very High,4,No Late Payments,Medium
CC100605,43,Male,Bachelor,Married,Salaried,18400000,101000000,88,0,0,0,69970000,61970000,70730000,15590000,24810000,35360000,460000,0,0,40-49,67556666.67,25253333.33,0.668877888,High,3,No Late Payments,Very High
CC100606,33,Female,Bachelor,Other,Self-employed,8600000,44000000,63,0,0,0,1200000,1730000,2640000,940000,860000,1070000,3402306,0,0,30-39,1856666.667,956666.6667,0.04219697,Low,1,No Late Payments,Medium
CC100607,27,Male,Bachelor,Married,Salaried,11900000,21000000,21,0,0,0,6660000,4570000,5330000,2020000,3730000,1430000,400000,0,0,21-29,5520000,2393333.333,0.262857143,Moderate,2,No Late Payments,Low
CC100608,32,Male,Bachelor,Single,Salaried,8500000,27000000,81,0,0,0,13500000,12760000,13400000,4780000,10240000,6490000,40000,0,0,30-39,13220000,7170000,0.48962963,Moderate,2,No Late Payments,Low
CC100609,44,Female,Diploma,Married,Salaried,13000000,38000000,166,3,3,2,4540000,10020000,15780000,950000,670000,4380000,1670000,3,0,40-49,10113333.33,2000000,0.266140351,Moderate,2,Moderate,Low
CC100610,46,Female,High School,Married,Other,5700000,28000000,176,0,0,0,6050000,6160000,5260000,5200000,2400000,4230000,390000,1,0,40-49,5823333.333,3943333.333,0.20797619,Low,1,Low,Low
CC100611,32,Female,High School,Single,Contract,6000000,20000000,61,0,0,0,4870000,6840000,7340000,3930000,1420000,1770000,840000,0,0,30-39,6350000,2373333.333,0.3175,Moderate,2,No Late Payments,Low
CC100612,45,Male,Bachelor,Married,Salaried,21200000,105000000,125,0,0,0,43510000,48620000,39140000,9290000,13220000,37940000,3130000,1,0,40-49,43756666.67,20150000,0.416730159,Moderate,2,Low,Very High
CC100613,41,Male,Diploma,Married,Other,8800000,41000000,85,1,0,0,21050000,19810000,11480000,3280000,3690000,10150000,4460000,1,0,40-49,17446666.67,5706666.667,0.425528455,Moderate,2,Low,Medium
CC100614,33,Male,Postgraduate,Single,Self-employed,21900000,115000000,36,0,0,0,33190000,53820000,81380000,1610000,13710000,45540000,4320000,1,0,30-39,56130000,20286666.67,0.488086957,Moderate,2,Low,Very High
CC100615,61,Female,Bachelor,Other,Salaried,22000000,83000000,223,0,0,0,33320000,30500000,24000000,7110000,10930000,6280000,1910000,1,0,60+,29273333.33,8106666.667,0.352690763,Moderate,2,Low,High
CC100616,40,Male,Bachelor,Married,Salaried,10200000,41000000,153,3,3,3,25730000,22640000,24600000,850000,900000,740000,3160000,3,1,40-49,24323333.33,830000,0.593252033,High,3,Moderate,Medium
CC100617,48,Male,Bachelor,Married,Self-employed,21500000,95000000,194,1,0,0,28860000,24930000,35660000,8760000,8320000,35100000,890000,1,0,40-49,29816666.67,17393333.33,0.313859649,Moderate,2,Low,High
CC100618,45,Female,Diploma,Married,Self-employed,10700000,37000000,123,3,3,3,15390000,19490000,21530000,720000,3820000,610000,2330000,4,1,40-49,18803333.33,1716666.667,0.508198198,High,3,Moderate,Low
CC100619,42,Male,Bachelor,Married,Salaried,6000000,20000000,109,1,0,0,870000,2440000,1530000,310000,490000,1230000,430000,1,0,40-49,1613333.333,676666.6667,0.080666667,Low,1,Low,Low
CC100620,26,Female,High School,Single,Salaried,7000000,20000000,26,0,0,0,3610000,2930000,4870000,1630000,1390000,1950000,30000,0,0,21-29,3803333.333,1656666.667,0.190166667,Low,1,No Late Payments,Low
CC100621,36,Female,Bachelor,Single,Contract,9200000,20000000,68,0,0,0,4830000,6010000,6940000,1230000,3280000,2320000,740000,0,0,30-39,5926666.667,2276666.667,0.296333333,Moderate,2,No Late Payments,Low
CC100622,37,Male,Diploma,Single,Government,11000000,53000000,58,2,3,2,9960000,6360000,11280000,620000,960000,2110000,5010000,3,1,30-39,9200000,1230000,0.173584906,Low,1,Moderate,Medium
CC100623,21,Female,Bachelor,Married,Government,8100000,21000000,33,0,0,0,9570000,7000000,9480000,7850000,3880000,8660000,2070000,0,0,21-29,8683333.333,6796666.667,0.413492063,Moderate,2,No Late Payments,Low
CC100624,40,Male,Diploma,Married,Contract,5700000,27000000,154,0,1,0,11230000,12440000,7030000,5140000,4660000,2790000,2160000,2,0,40-49,10233333.33,4196666.667,0.379012346,Moderate,2,Low,Low
CC100625,52,Female,Diploma,Married,Salaried,11900000,73000000,151,0,0,0,16960000,27340000,21750000,8960000,9400000,7970000,820000,0,0,50-59,22016666.67,8776666.667,0.301598174,Moderate,2,No Late Payments,High
CC100626,21,Male,Bachelor,Single,Government,11100000,64000000,31,0,0,0,12670000,14040000,6120000,10270000,4690000,2480000,10000,0,0,21-29,10943333.33,5813333.333,0.170989583,Low,1,No Late Payments,High
CC100627,40,Female,High School,Married,Salaried,10200000,49000000,103,0,0,0,16470000,20470000,25680000,7980000,5210000,7960000,210000,1,0,40-49,20873333.33,7050000,0.425986395,Moderate,2,Low,Medium
CC100628,38,Male,Postgraduate,Married,Self-employed,16900000,78000000,115,0,0,0,25290000,22140000,15280000,25780000,10130000,6710000,1110000,0,0,30-39,20903333.33,14206666.67,0.267991453,Moderate,2,No Late Payments,High
CC100629,25,Female,Diploma,Single,Self-employed,7400000,28000000,35,0,0,0,9510000,10920000,13330000,2660000,3780000,7190000,1230000,1,0,21-29,11253333.33,4543333.333,0.401904762,Moderate,2,Low,Low
CC100630,37,Male,Bachelor,Married,Salaried,13800000,68000000,84,0,0,0,25120000,28990000,13610000,10690000,6480000,11730000,5990000,0,1,30-39,22573333.33,9633333.333,0.331960784,Moderate,2,No Late Payments,High
CC100631,46,Female,High School,Married,Government,5000000,37000000,186,0,0,0,7830000,16560000,15020000,3150000,11800000,4200000,1450000,1,0,40-49,13136666.67,6383333.333,0.355045045,Moderate,2,Low,Low
CC100632,52,Female,Bachelor,Married,Salaried,12600000,68000000,159,0,0,0,24290000,4660000,15580000,8070000,4620000,5680000,20000,0,0,50-59,14843333.33,6123333.333,0.218284314,Low,1,No Late Payments,High
CC100633,27,Female,Postgraduate,Married,Salaried,11100000,45000000,46,0,0,0,18840000,27360000,25640000,4880000,5850000,1610000,770000,0,0,21-29,23946666.67,4113333.333,0.532148148,High,3,No Late Payments,Medium
CC100634,35,Male,Diploma,Married,Salaried,14100000,34000000,61,0,0,0,15470000,14970000,14180000,4830000,12040000,3380000,940000,0,0,30-39,14873333.33,6750000,0.43745098,Moderate,2,No Late Payments,Low
CC100635,48,Male,Bachelor,Married,Salaried,15100000,70000000,161,0,0,0,5510000,17180000,17730000,2070000,15070000,9180000,1280000,1,0,40-49,13473333.33,8773333.333,0.19247619,Low,1,Low,High
CC100636,38,Male,Bachelor,Single,Self-employed,17600000,96000000,63,0,0,0,4600000,22200000,15100000,4480000,4830000,8070000,4130000,1,0,30-39,13966666.67,5793333.333,0.145486111,Low,1,Low,High
CC100637,30,Male,Bachelor,Married,Salaried,10000000,44000000,60,0,0,0,6460000,2060000,9600000,1870000,770000,1740000,1980000,1,1,30-39,6040000,1460000,0.137272727,Low,1,Low,Medium
CC100638,35,Male,Bachelor,Single,Salaried,8600000,41000000,78,3,3,3,30930000,32310000,41660000,790000,460000,680000,3170000,3,1,30-39,34966666.67,643333.3333,0.852845528,Very High,4,Moderate,Medium
CC100639,52,Female,Bachelor,Other,Salaried,12400000,53000000,213,2,2,3,0,780000,11970000,0,780000,2140000,2650000,4,1,50-59,4250000,973333.3333,0.080188679,Low,1,Moderate,Medium
CC100640,44,Male,High School,Single,Salaried,7800000,26000000,143,0,0,1,18120000,13640000,15150000,2500000,2640000,5180000,2440000,2,0,40-49,15636666.67,3440000,0.601410256,High,3,Low,Low
CC100641,26,Male,High School,Married,Salaried,5000000,24000000,73,3,0,0,16000000,16660000,18330000,250000,2610000,1410000,1660000,1,0,21-29,16996666.67,1423333.333,0.708194444,High,3,Low,Low
CC100642,35,Male,High School,Married,Salaried,7500000,40000000,91,3,3,0,33170000,35930000,27300000,830000,440000,7060000,5190000,2,1,30-39,32133333.33,2776666.667,0.803333333,Very High,4,Low,Medium
CC100643,21,Male,Bachelor,Married,Salaried,15700000,53000000,3,0,0,0,11610000,7610000,14660000,4450000,2430000,13710000,1870000,0,0,21-29,11293333.33,6863333.333,0.213081761,Low,1,No Late Payments,Medium
CC100644,43,Male,High School,Married,Government,10000000,67000000,116,0,0,0,20930000,25290000,23960000,11600000,5510000,11640000,1330000,0,0,40-49,23393333.33,9583333.333,0.349154229,Moderate,2,No Late Payments,High
CC100645,33,Female,Postgraduate,Married,Salaried,12200000,36000000,87,0,0,0,11550000,12890000,21360000,2180000,12010000,7240000,920000,0,0,30-39,15266666.67,7143333.333,0.424074074,Moderate,2,No Late Payments,Low
CC100646,39,Female,High School,Married,Salaried,10900000,68000000,88,3,0,0,67330000,44470000,46740000,27070000,36970000,17670000,5000000,2,0,30-39,52846666.67,27236666.67,0.777156863,Very High,4,Low,High
CC100647,24,Male,High School,Single,Salaried,6200000,27000000,24,0,0,0,13770000,12260000,8730000,3150000,2310000,5340000,870000,0,0,21-29,11586666.67,3600000,0.429135802,Moderate,2,No Late Payments,Low
CC100648,22,Male,Diploma,Single,Contract,5800000,20000000,10,0,0,0,4430000,3210000,4080000,1850000,3210000,1710000,1590000,0,0,21-29,3906666.667,2256666.667,0.195333333,Low,1,No Late Payments,Low
CC100649,37,Male,Bachelor,Married,Government,11700000,64000000,111,1,0,0,38890000,31420000,36260000,6090000,10160000,5900000,3120000,3,0,30-39,35523333.33,7383333.333,0.555052083,High,3,Moderate,High
CC100650,31,Male,High School,Single,Government,9900000,74000000,93,0,0,0,0,5780000,2190000,0,2890000,1320000,3700000,0,0,30-39,2656666.667,1403333.333,0.035900901,Low,1,No Late Payments,High
CC100651,30,Male,Bachelor,Single,Contract,8500000,33000000,40,0,0,0,13220000,10300000,9160000,12860000,2600000,4150000,90000,0,0,30-39,10893333.33,6536666.667,0.33010101,Moderate,2,No Late Payments,Low
CC100652,68,Male,High School,Other,Self-employed,8700000,65000000,116,0,0,1,50380000,42710000,45660000,13900000,6360000,8800000,3240000,2,0,60+,46250000,9686666.667,0.711538462,High,3,Low,High
CC100653,21,Male,Bachelor,Single,Other,7500000,35000000,20,0,3,2,20250000,16590000,15320000,6790000,4080000,1980000,1470000,3,0,21-29,17386666.67,4283333.333,0.496761905,Moderate,2,Moderate,Low
CC100654,43,Female,High School,Married,Self-employed,9000000,53000000,156,0,0,1,23050000,20260000,19210000,5650000,2860000,1440000,1260000,1,0,40-49,20840000,3316666.667,0.393207547,Moderate,2,Low,Medium
CC100655,53,Male,Bachelor,Married,Salaried,21900000,117000000,210,0,0,0,1540000,27720000,26720000,1250000,25600000,7990000,4910000,0,0,50-59,18660000,11613333.33,0.159487179,Low,1,No Late Payments,Very High
CC100656,39,Female,Postgraduate,Married,Salaried,15100000,60000000,54,2,0,0,27010000,31510000,31220000,6630000,11360000,6320000,470000,1,0,30-39,29913333.33,8103333.333,0.498555556,Moderate,2,Low,High
CC100657,34,Male,Diploma,Other,Self-employed,11200000,43000000,58,3,3,2,21060000,18030000,22300000,560000,920000,4930000,3580000,3,1,30-39,20463333.33,2136666.667,0.475891473,Moderate,2,Moderate,Medium
CC100658,34,Female,Diploma,Other,Government,5500000,32000000,102,0,0,0,5990000,4840000,7830000,5600000,790000,2050000,50000,0,0,30-39,6220000,2813333.333,0.194375,Low,1,No Late Payments,Low
CC100659,31,Male,Bachelor,Married,Salaried,10400000,43000000,88,0,0,0,3130000,8490000,8210000,2580000,3290000,3070000,160000,1,0,30-39,6610000,2980000,0.15372093,Low,1,Low,Medium
CC100660,29,Female,Bachelor,Other,Self-employed,9600000,45000000,98,0,2,0,36580000,35550000,34730000,35740000,7720000,14310000,2550000,1,1,21-29,35620000,19256666.67,0.791555556,Very High,4,Low,Medium
CC100661,57,Female,Bachelor,Married,Contract,9200000,44000000,240,0,0,0,19450000,12970000,11380000,7460000,2940000,3860000,630000,0,0,50-59,14600000,4753333.333,0.331818182,Moderate,2,No Late Payments,Medium
CC100662,23,Female,High School,Single,Self-employed,5100000,20000000,28,0,0,0,10020000,5930000,8130000,9250000,1790000,7580000,430000,0,0,21-29,8026666.667,6206666.667,0.401333333,Moderate,2,No Late Payments,Low
CC100663,32,Female,High School,Married,Self-employed,10300000,35000000,37,0,1,0,7130000,9060000,7150000,2540000,1890000,3730000,2510000,2,0,30-39,7780000,2720000,0.222285714,Low,1,Low,Low
CC100664,43,Female,Bachelor,Married,Contract,10500000,49000000,101,2,0,0,20400000,20110000,25240000,1050000,7330000,8340000,2660000,1,1,40-49,21916666.67,5573333.333,0.447278912,Moderate,2,Low,Medium
CC100665,46,Female,Diploma,Married,Other,7400000,50000000,180,0,0,0,710000,12450000,6270000,690000,4480000,1650000,630000,0,0,40-49,6476666.667,2273333.333,0.129533333,Low,1,No Late Payments,Medium
CC100666,49,Male,Bachelor,Married,Salaried,11200000,73000000,123,3,0,0,16160000,9300000,15660000,2450000,3470000,6750000,3530000,2,0,40-49,13706666.67,4223333.333,0.187762557,Low,1,Low,High
CC100667,48,Female,Diploma,Married,Government,12400000,57000000,212,0,1,0,27310000,22340000,20690000,10530000,3930000,3790000,1280000,1,1,40-49,23446666.67,6083333.333,0.411345029,Moderate,2,Low,Medium
CC100668,41,Female,High School,Married,Government,7700000,44000000,51,2,0,0,15210000,17580000,21070000,3460000,4330000,5590000,440000,3,0,40-49,17953333.33,4460000,0.408030303,Moderate,2,Moderate,Medium
CC100669,44,Male,Bachelor,Married,Self-employed,17000000,71000000,124,3,2,3,24600000,19800000,25250000,1400000,3880000,840000,7370000,4,1,40-49,23216666.67,2040000,0.326995305,Moderate,2,Moderate,High
CC100670,25,Male,Postgraduate,Single,Government,17600000,103000000,52,0,0,0,67200000,43790000,44750000,20180000,44980000,9680000,340000,1,0,21-29,51913333.33,24946666.67,0.504012945,High,3,Low,Very High
CC100671,36,Female,Bachelor,Single,Government,14300000,80000000,58,1,0,0,62250000,73700000,64550000,24400000,68090000,32940000,4340000,2,0,30-39,66833333.33,41810000,0.835416667,Very High,4,Low,High
CC100672,41,Female,High School,Single,Salaried,5700000,30000000,90,2,0,0,21710000,22620000,22630000,1600000,9810000,3730000,1400000,1,0,40-49,22320000,5046666.667,0.744,High,3,Low,Low
CC100673,21,Female,Diploma,Single,Self-employed,6500000,32000000,18,0,0,0,13250000,14630000,16800000,5700000,4660000,3620000,270000,0,0,21-29,14893333.33,4660000,0.465416667,Moderate,2,No Late Payments,Low
CC100674,24,Male,Bachelor,Single,Government,8200000,31000000,3,1,0,0,10010000,14650000,11230000,4820000,2020000,1650000,2740000,1,0,21-29,11963333.33,2830000,0.385913978,Moderate,2,Low,Low
CC100675,31,Female,Diploma,Married,Salaried,9400000,46000000,35,0,0,1,30540000,30650000,23020000,6280000,12950000,11090000,1780000,1,0,30-39,28070000,10106666.67,0.610217391,High,3,Low,Medium
CC100676,39,Female,Diploma,Married,Contract,11300000,44000000,111,3,3,3,21750000,24070000,11680000,480000,620000,760000,4580000,3,1,30-39,19166666.67,620000,0.435606061,Moderate,2,Moderate,Medium
CC100677,49,Male,Bachelor,Married,Contract,15600000,58000000,166,0,0,0,19550000,11580000,22700000,7100000,2950000,11760000,4230000,0,0,40-49,17943333.33,7270000,0.309367816,Moderate,2,No Late Payments,Medium
CC100678,43,Female,High School,Other,Other,5600000,20000000,86,0,0,1,14410000,15210000,11880000,14990000,12670000,4110000,400000,1,0,40-49,13833333.33,10590000,0.691666667,High,3,Low,Low
CC100679,48,Male,Diploma,Married,Contract,12200000,55000000,161,0,0,0,26120000,25440000,22680000,13220000,15650000,4770000,550000,0,0,40-49,24746666.67,11213333.33,0.449939394,Moderate,2,No Late Payments,Medium
CC100680,37,Female,Diploma,Single,Salaried,6400000,33000000,89,0,0,0,5020000,7860000,9210000,3220000,3220000,3070000,490000,0,0,30-39,7363333.333,3170000,0.223131313,Low,1,No Late Payments,Low
CC100681,37,Male,Diploma,Single,Contract,8900000,27000000,93,0,0,0,10520000,11880000,10060000,4080000,5010000,1910000,1410000,1,0,30-39,10820000,3666666.667,0.400740741,Moderate,2,Low,Low
CC100682,40,Male,Diploma,Married,Salaried,8600000,42000000,92,0,0,0,18440000,23350000,21500000,5590000,13460000,3020000,1870000,0,0,40-49,21096666.67,7356666.667,0.502301587,High,3,No Late Payments,Medium
CC100683,31,Female,Bachelor,Married,Salaried,6300000,26000000,58,2,0,0,2850000,2840000,4410000,560000,1140000,2330000,2120000,2,0,30-39,3366666.667,1343333.333,0.129487179,Low,1,Low,Low
CC100684,36,Male,Diploma,Married,Salaried,7600000,46000000,112,2,3,3,15270000,20550000,17030000,1000000,870000,1200000,3750000,3,1,30-39,17616666.67,1023333.333,0.382971014,Moderate,2,Moderate,Medium
CC100685,30,Male,Bachelor,Married,Self-employed,9300000,52000000,47,0,0,0,27490000,26660000,14870000,12750000,26400000,3250000,1350000,0,0,30-39,23006666.67,14133333.33,0.442435897,Moderate,2,No Late Payments,Medium
CC100686,42,Female,Bachelor,Married,Self-employed,10300000,52000000,133,0,0,0,13440000,9540000,11240000,11470000,8560000,10790000,1680000,0,0,40-49,11406666.67,10273333.33,0.219358974,Low,1,No Late Payments,Medium
CC100687,41,Female,Diploma,Married,Salaried,16000000,79000000,122,0,0,0,28400000,37240000,37920000,8770000,11590000,17850000,5730000,0,0,40-49,34520000,12736666.67,0.436962025,Moderate,2,No Late Payments,High
CC100688,36,Male,Bachelor,Other,Self-employed,11100000,33000000,30,2,0,0,20760000,12350000,10250000,1120000,3770000,2080000,1400000,1,0,30-39,14453333.33,2323333.333,0.437979798,Moderate,2,Low,Low
CC100689,30,Female,Bachelor,Married,Contract,7500000,32000000,68,0,0,0,16080000,13890000,13990000,7990000,2730000,6030000,520000,0,0,30-39,14653333.33,5583333.333,0.457916667,Moderate,2,No Late Payments,Low
CC100690,30,Female,Bachelor,Single,Contract,8300000,37000000,77,2,0,0,23600000,26310000,19750000,3970000,24430000,8290000,2420000,1,0,30-39,23220000,12230000,0.627567568,High,3,Low,Low
CC100691,35,Male,Postgraduate,Single,Salaried,18700000,88000000,102,0,0,0,39450000,35940000,36720000,11820000,11350000,16420000,5240000,1,0,30-39,37370000,13196666.67,0.424659091,Moderate,2,Low,High
CC100692,61,Female,Diploma,Other,Self-employed,14200000,62000000,74,0,0,0,22430000,12390000,14420000,9230000,2710000,5450000,2310000,0,0,60+,16413333.33,5796666.667,0.264731183,Moderate,2,No Late Payments,High
CC100693,41,Female,Bachelor,Married,Salaried,11100000,41000000,83,0,0,0,11620000,14040000,15930000,3760000,6210000,16720000,110000,0,0,40-49,13863333.33,8896666.667,0.338130081,Moderate,2,No Late Payments,Medium
CC100694,36,Female,High School,Married,Other,5800000,20000000,81,0,0,0,2620000,5290000,8420000,1320000,1520000,3810000,690000,0,0,30-39,5443333.333,2216666.667,0.272166667,Moderate,2,No Late Payments,Low
CC100695,37,Male,Bachelor,Other,Government,18100000,115000000,107,0,0,0,44460000,33630000,46430000,14670000,16030000,21710000,7480000,1,0,30-39,41506666.67,17470000,0.360927536,Moderate,2,Low,Very High
CC100696,43,Male,Bachelor,Married,Salaried,16900000,96000000,137,0,1,0,4000000,2540000,1790000,1800000,1860000,1490000,600000,1,0,40-49,2776666.667,1716666.667,0.028923611,Low,1,Low,High
CC100697,36,Male,High School,Married,Self-employed,7700000,27000000,88,3,1,0,12520000,15160000,10530000,2540000,2670000,3080000,1580000,2,0,30-39,12736666.67,2763333.333,0.471728395,Moderate,2,Low,Low
CC100698,44,Female,Postgraduate,Married,Government,22900000,99000000,152,0,0,0,40580000,43560000,31480000,3310000,19310000,14890000,1470000,0,0,40-49,38540000,12503333.33,0.389292929,Moderate,2,No Late Payments,High
CC100699,29,Male,Diploma,Single,Salaried,9400000,30000000,18,0,0,0,14140000,15010000,15690000,5430000,6310000,6060000,650000,0,0,21-29,14946666.67,5933333.333,0.498222222,Moderate,2,No Late Payments,Low
CC100700,38,Female,Bachelor,Married,Self-employed,11900000,51000000,102,0,0,0,13820000,12250000,20520000,13740000,6030000,4040000,870000,0,0,30-39,15530000,7936666.667,0.304509804,Moderate,2,No Late Payments,Medium
CC100701,30,Male,Bachelor,Married,Salaried,7300000,26000000,55,2,2,0,10260000,11220000,9920000,1920000,2290000,2210000,460000,2,0,30-39,10466666.67,2140000,0.402564103,Moderate,2,Low,Low
CC100702,26,Female,High School,Married,Salaried,7300000,48000000,69,3,0,0,27670000,40510000,34980000,850000,19520000,8720000,3500000,3,1,21-29,34386666.67,9696666.667,0.716388889,High,3,Moderate,Medium
CC100703,33,Female,Diploma,Married,Salaried,11200000,58000000,82,0,0,0,29390000,24360000,21350000,7300000,24310000,2870000,3580000,0,0,30-39,25033333.33,11493333.33,0.431609195,Moderate,2,No Late Payments,Medium
CC100704,47,Male,Diploma,Single,Other,8000000,39000000,137,1,0,0,4870000,10940000,16690000,430000,800000,4940000,1560000,2,0,40-49,10833333.33,2056666.667,0.277777778,Moderate,2,Low,Low
CC100705,42,Male,Postgraduate,Married,Salaried,20800000,85000000,79,0,0,0,2560000,7390000,15110000,1340000,3770000,3280000,2020000,0,0,40-49,8353333.333,2796666.667,0.09827451,Low,1,No Late Payments,High
CC100706,24,Male,Diploma,Single,Salaried,9300000,53000000,38,3,3,3,31390000,36510000,36780000,1110000,930000,3490000,4490000,4,1,21-29,34893333.33,1843333.333,0.65836478,High,3,Moderate,Medium
CC100707,38,Male,Diploma,Married,Self-employed,10200000,45000000,54,2,0,0,37540000,34850000,34370000,3670000,12630000,13040000,1450000,1,0,30-39,35586666.67,9780000,0.790814815,Very High,4,Low,Medium
CC100708,54,Male,Diploma,Married,Salaried,21200000,83000000,124,0,0,0,46840000,59370000,47920000,19290000,14270000,23650000,270000,0,0,50-59,51376666.67,19070000,0.618995984,High,3,No Late Payments,High
CC100709,53,Female,High School,Married,Contract,12700000,54000000,146,1,0,0,12580000,15140000,5480000,2570000,15220000,1680000,1400000,1,1,50-59,11066666.67,6490000,0.204938272,Low,1,Low,Medium
CC100710,46,Female,Bachelor,Single,Government,11900000,42000000,138,0,0,0,7030000,4940000,3430000,1280000,2990000,1390000,1780000,1,1,40-49,5133333.333,1886666.667,0.122222222,Low,1,Low,Medium
CC100711,26,Female,Bachelor,Single,Contract,7500000,33000000,48,2,0,0,25710000,23690000,18680000,2140000,7700000,6340000,1460000,2,0,21-29,22693333.33,5393333.333,0.687676768,High,3,Low,Low
CC100712,34,Female,Bachelor,Married,Salaried,10800000,55000000,82,0,2,2,17800000,21360000,23750000,2080000,1730000,1880000,6950000,3,0,30-39,20970000,1896666.667,0.381272727,Moderate,2,Moderate,Medium
CC100713,24,Male,Diploma,Single,Salaried,8400000,39000000,20,2,2,0,14570000,15970000,14290000,2550000,2610000,3150000,1380000,3,1,21-29,14943333.33,2770000,0.383162393,Moderate,2,Moderate,Low
CC100714,34,Female,Bachelor,Married,Salaried,9700000,29000000,100,2,0,0,5500000,4750000,10040000,1310000,4870000,8520000,600000,2,0,30-39,6763333.333,4900000,0.233218391,Low,1,Low,Low
CC100715,36,Female,High School,Single,Contract,7000000,21000000,75,0,0,0,8040000,7380000,10990000,3430000,2970000,10210000,770000,0,0,30-39,8803333.333,5536666.667,0.419206349,Moderate,2,No Late Payments,Low
CC100716,34,Male,High School,Married,Salaried,13600000,91000000,112,0,0,0,48810000,27020000,29530000,2560000,9780000,8500000,4400000,0,0,30-39,35120000,6946666.667,0.385934066,Moderate,2,No Late Payments,High
CC100717,53,Male,High School,Other,Salaried,11900000,49000000,182,0,0,0,8110000,13240000,17030000,2070000,4510000,6270000,1150000,0,0,50-59,12793333.33,4283333.333,0.261088435,Moderate,2,No Late Payments,Medium
CC100718,64,Female,High School,Married,Salaried,14100000,79000000,240,0,0,0,20110000,25480000,35510000,7950000,14440000,11990000,5270000,1,0,60+,27033333.33,11460000,0.342194093,Moderate,2,Low,High
CC100719,45,Male,Diploma,Single,Self-employed,13300000,59000000,147,2,2,1,21390000,21200000,26700000,4410000,6220000,3160000,6940000,3,1,40-49,23096666.67,4596666.667,0.391468927,Moderate,2,Moderate,Medium
CC100720,31,Female,Bachelor,Married,Contract,8700000,31000000,3,0,0,0,18180000,11280000,18970000,6220000,9490000,17420000,1360000,0,0,30-39,16143333.33,11043333.33,0.520752688,High,3,No Late Payments,Low
CC100721,37,Male,Postgraduate,Married,Salaried,11500000,36000000,121,0,1,0,23510000,22150000,20830000,7800000,6530000,5040000,1700000,1,1,30-39,22163333.33,6456666.667,0.615648148,High,3,Low,Low
CC100722,57,Female,High School,Other,Government,12500000,75000000,164,0,0,0,18850000,24020000,18150000,16600000,12090000,17590000,7340000,0,0,50-59,20340000,15426666.67,0.2712,Moderate,2,No Late Payments,High
CC100723,36,Female,Diploma,Single,Salaried,8000000,31000000,105,0,0,0,6130000,3470000,1910000,2070000,1360000,600000,180000,0,0,30-39,3836666.667,1343333.333,0.123763441,Low,1,No Late Payments,Low
CC100724,31,Male,Bachelor,Married,Government,16500000,88000000,44,0,0,0,42220000,37460000,37180000,34810000,10250000,16970000,4180000,0,0,30-39,38953333.33,20676666.67,0.442651515,Moderate,2,No Late Payments,High
CC100725,29,Female,Bachelor,Married,Government,10300000,32000000,45,0,0,0,6200000,2010000,1260000,6480000,650000,560000,4010000,0,0,21-29,3156666.667,2563333.333,0.098645833,Low,1,No Late Payments,Low
CC100726,45,Male,Bachelor,Single,Self-employed,17000000,108000000,140,1,0,0,104330000,88280000,86670000,6620000,26070000,40610000,4860000,2,0,40-49,93093333.33,24433333.33,0.861975309,Very High,4,Low,Very High
CC100727,38,Female,Bachelor,Single,Salaried,12400000,40000000,139,0,0,0,22830000,25420000,20240000,10420000,25340000,6230000,1400000,1,0,30-39,22830000,13996666.67,0.57075,High,3,Low,Medium
CC100728,39,Female,Bachelor,Married,Contract,13200000,43000000,71,1,2,1,7990000,19210000,17740000,1260000,2760000,4630000,3480000,3,1,30-39,14980000,2883333.333,0.348372093,Moderate,2,Moderate,Medium
CC100729,49,Male,Diploma,Married,Self-employed,13800000,68000000,116,0,0,0,30460000,20450000,5270000,15240000,18370000,2050000,1540000,0,0,40-49,18726666.67,11886666.67,0.275392157,Moderate,2,No Late Payments,High
CC100730,30,Male,Diploma,Single,Salaried,10300000,43000000,77,0,0,0,20880000,25580000,27960000,10210000,9810000,17210000,1270000,0,0,30-39,24806666.67,12410000,0.576899225,High,3,No Late Payments,Medium
CC100731,40,Female,Bachelor,Married,Government,15500000,72000000,87,0,0,0,0,19770000,18400000,0,9350000,8230000,2890000,0,0,40-49,12723333.33,5860000,0.176712963,Low,1,No Late Payments,High
CC100732,33,Female,Bachelor,Married,Salaried,15100000,92000000,90,0,1,0,43170000,37410000,56630000,11170000,3290000,25370000,1900000,2,0,30-39,45736666.67,13276666.67,0.497137681,Moderate,2,Low,High
CC100733,43,Male,Bachelor,Single,Other,8100000,55000000,169,3,3,2,39530000,48710000,41280000,2120000,830000,1000000,6070000,3,1,40-49,43173333.33,1316666.667,0.784969697,Very High,4,Moderate,Medium
CC100734,56,Male,Bachelor,Married,Salaried,21700000,95000000,139,0,0,0,1330000,16580000,13830000,1330000,6180000,4900000,6080070,1,0,50-59,10580000,4136666.667,0.111368421,Low,1,Low,High
CC100735,36,Female,Diploma,Married,Salaried,18100000,63000000,91,2,2,0,38430000,31660000,24840000,1110000,4480000,23750000,2580000,3,1,30-39,31643333.33,9780000,0.502275132,High,3,Moderate,High
CC100736,35,Male,Diploma,Married,Salaried,12500000,53000000,110,0,0,0,26970000,24440000,25010000,10530000,3140000,8890000,410000,0,0,30-39,25473333.33,7520000,0.480628931,Moderate,2,No Late Payments,Medium
CC100737,31,Female,Postgraduate,Married,Salaried,13100000,48000000,65,0,0,0,23710000,25970000,26650000,2990000,4970000,9700000,1590000,0,0,30-39,25443333.33,5886666.667,0.530069444,High,3,No Late Payments,Medium
CC100738,50,Female,Bachelor,Married,Salaried,19000000,137000000,214,0,0,0,56790000,48270000,24960000,15210000,19460000,8680000,2460000,0,0,50-59,43340000,14450000,0.316350365,Moderate,2,No Late Payments,Very High
CC100739,35,Male,Diploma,Single,Self-employed,15300000,83000000,80,0,0,0,52980000,46140000,54860000,1590000,4010000,27080000,1730000,0,0,30-39,51326666.67,10893333.33,0.618393574,High,3,No Late Payments,High
CC100740,34,Male,Bachelor,Married,Other,8400000,36000000,77,0,0,0,3710000,5890000,7970000,1330000,2420000,3090000,2190000,0,0,30-39,5856666.667,2280000,0.162685185,Low,1,No Late Payments,Low
CC100741,35,Female,Bachelor,Married,Salaried,12900000,53000000,72,2,0,0,25200000,26580000,33160000,1680000,8920000,5140000,5710000,4,0,30-39,28313333.33,5246666.667,0.534213836,High,3,Moderate,Medium
CC100742,43,Female,Diploma,Married,Government,12200000,48000000,74,0,0,0,24500000,15420000,22510000,4720000,2290000,1010000,3010000,0,0,40-49,20810000,2673333.333,0.433541667,Moderate,2,No Late Payments,Medium
CC100743,50,Male,Bachelor,Married,Salaried,15000000,81000000,189,0,0,0,4280000,9920000,8700000,1160000,1750000,2010000,900000,0,0,50-59,7633333.333,1640000,0.094238683,Low,1,No Late Payments,High
CC100744,30,Male,Bachelor,Single,Salaried,11400000,37000000,69,0,0,0,17770000,13720000,22590000,9570000,3880000,8370000,1940000,1,0,30-39,18026666.67,7273333.333,0.487207207,Moderate,2,Low,Low
CC100745,55,Female,High School,Other,Government,7900000,39000000,205,0,0,0,4130000,8190000,11350000,770000,8110000,1630000,880000,1,0,50-59,7890000,3503333.333,0.202307692,Low,1,Low,Low
CC100746,29,Male,High School,Single,Self-employed,6500000,34000000,50,2,1,3,26710000,26670000,23550000,2620000,4760000,720000,6910000,3,1,21-29,25643333.33,2700000,0.754215686,Very High,4,Moderate,Low
CC100747,26,Male,Bachelor,Single,Salaried,9400000,37000000,49,0,0,0,18020000,18340000,11900000,6770000,8360000,2820000,990000,0,0,21-29,16086666.67,5983333.333,0.434774775,Moderate,2,No Late Payments,Low
CC100748,39,Male,Diploma,Married,Salaried,8500000,40000000,79,1,0,0,3640000,8530000,8950000,790000,3320000,3930000,800000,1,0,30-39,7040000,2680000,0.176,Low,1,Low,Medium
CC100749,37,Female,Bachelor,Single,Salaried,11300000,51000000,69,0,0,0,27920000,26910000,26660000,10090000,22760000,9200000,1740000,2,0,30-39,27163333.33,14016666.67,0.532614379,High,3,Low,Medium
CC100750,39,Female,Bachelor,Married,Salaried,15900000,79000000,107,0,0,1,30830000,31540000,38050000,8770000,8210000,13270000,4110000,1,0,30-39,33473333.33,10083333.33,0.42371308,Moderate,2,Low,High
CC100751,30,Female,Bachelor,Married,Government,10100000,49000000,68,1,0,0,18710000,25670000,30180000,3150000,7900000,29190000,2480000,1,1,30-39,24853333.33,13413333.33,0.507210884,High,3,Low,Medium
CC100752,38,Male,Diploma,Single,Salaried,8500000,45000000,146,3,3,3,33120000,36560000,36570000,650000,580000,1000000,3600000,4,1,30-39,35416666.67,743333.3333,0.787037037,Very High,4,Moderate,Medium
CC100753,39,Male,High School,Single,Contract,6900000,20000000,33,0,0,0,2070000,740000,2050000,860000,450000,1020000,1370000,0,0,30-39,1620000,776666.6667,0.081,Low,1,No Late Payments,Low
CC100754,46,Female,Bachelor,Married,Salaried,13500000,66000000,83,0,0,0,16250000,18900000,27820000,6890000,5490000,28330000,1520000,0,0,40-49,20990000,13570000,0.318030303,Moderate,2,No Late Payments,High
CC100755,48,Male,Postgraduate,Married,Government,20700000,124000000,147,0,0,1,102900000,97010000,95860000,41430000,81120000,25140000,8090000,1,0,40-49,98590000,49230000,0.795080645,Very High,4,Low,Very High
CC100756,24,Female,High School,Single,Government,5200000,27000000,18,0,0,0,9240000,8450000,10050000,2070000,2240000,3210000,870000,0,0,21-29,9246666.667,2506666.667,0.342469136,Moderate,2,No Late Payments,Low
CC100757,37,Female,Postgraduate,Single,Salaried,14000000,42000000,37,0,0,1,14900000,15590000,12120000,2540000,5640000,2940000,1230000,1,0,30-39,14203333.33,3706666.667,0.338174603,Moderate,2,Low,Medium
CC100758,37,Female,Diploma,Married,Government,12700000,89000000,108,0,0,0,39700000,35150000,38670000,16690000,11060000,10300000,580000,0,0,30-39,37840000,12683333.33,0.425168539,Moderate,2,No Late Payments,High
CC100759,50,Female,High School,Single,Contract,6600000,27000000,106,0,1,0,3950000,8070000,8370000,3510000,2200000,1430000,490000,2,0,50-59,6796666.667,2380000,0.251728395,Moderate,2,Low,Low
CC100760,35,Male,Bachelor,Single,Salaried,7800000,41000000,120,3,2,0,20370000,22610000,23420000,850000,5140000,23160000,3560000,2,1,30-39,22133333.33,9716666.667,0.539837398,High,3,Low,Medium
CC100761,31,Male,Bachelor,Single,Salaried,12900000,61000000,76,3,0,0,31840000,21970000,20930000,900000,9760000,3430000,7180000,1,1,30-39,24913333.33,4696666.667,0.408415301,Moderate,2,Low,High
CC100762,38,Female,Postgraduate,Married,Contract,12200000,50000000,78,0,0,0,21010000,20500000,19200000,10120000,11730000,18780000,1450000,0,0,30-39,20236666.67,13543333.33,0.404733333,Moderate,2,No Late Payments,Medium
CC100763,34,Male,Bachelor,Married,Salaried,7700000,31000000,92,0,0,0,8870000,10300000,11550000,3880000,3260000,2050000,200000,0,0,30-39,10240000,3063333.333,0.330322581,Moderate,2,No Late Payments,Low
CC100764,42,Male,Bachelor,Married,Contract,8800000,42000000,162,0,0,0,16130000,33160000,29380000,3310000,10560000,29670000,2510000,1,0,40-49,26223333.33,14513333.33,0.624365079,High,3,Low,Medium
CC100765,57,Female,Bachelor,Married,Government,20500000,116000000,204,0,0,0,87990000,86370000,97000000,24960000,69210000,19260000,3810000,1,0,50-59,90453333.33,37810000,0.779770115,Very High,4,Low,Very High
CC100766,40,Male,High School,Married,Self-employed,9500000,50000000,113,0,0,0,13170000,21670000,7970000,4750000,5760000,1350000,4210000,0,0,40-49,14270000,3953333.333,0.2854,Moderate,2,No Late Payments,Medium
CC100767,42,Male,Diploma,Married,Salaried,11500000,67000000,77,0,0,0,1590000,15980000,14050000,1160000,15460000,7920000,4740000,0,0,40-49,10540000,8180000,0.157313433,Low,1,No Late Payments,High
CC100768,52,Female,Postgraduate,Married,Salaried,14200000,84000000,126,0,0,0,26760000,37880000,26460000,11310000,32310000,6860000,4000000,0,0,50-59,30366666.67,16826666.67,0.361507937,Moderate,2,No Late Payments,High
CC100769,37,Male,Bachelor,Single,Salaried,11300000,44000000,56,0,0,0,11960000,11320000,13490000,5850000,3980000,5600000,650000,0,0,30-39,12256666.67,5143333.333,0.278560606,Moderate,2,No Late Payments,Medium
CC100770,38,Male,Bachelor,Single,Salaried,17600000,45000000,70,0,0,0,6800000,8150000,4340000,2330000,2330000,1980000,1030000,0,0,30-39,6430000,2213333.333,0.142888889,Low,1,No Late Payments,Medium
CC100771,30,Female,Bachelor,Single,Salaried,10600000,37000000,40,2,0,0,22300000,20360000,22240000,740000,7290000,9440000,3970000,1,1,30-39,21633333.33,5823333.333,0.584684685,High,3,Low,Low
CC100772,28,Female,High School,Married,Salaried,6600000,24000000,38,0,0,0,6060000,10920000,12610000,2260000,3860000,2330000,2120000,0,0,21-29,9863333.333,2816666.667,0.410972222,Moderate,2,No Late Payments,Low
CC100773,30,Female,Diploma,Married,Salaried,9400000,31000000,34,0,0,0,19810000,17230000,16400000,2700000,15280000,4070000,2890000,0,0,30-39,17813333.33,7350000,0.574623656,High,3,No Late Payments,Low
CC100774,30,Female,Bachelor,Single,Self-employed,14400000,70000000,72,0,0,0,31700000,26170000,26850000,15220000,16750000,11110000,2670000,0,0,30-39,28240000,14360000,0.403428571,Moderate,2,No Late Payments,High
CC100775,35,Male,Postgraduate,Married,Self-employed,14600000,83000000,50,1,0,0,46470000,44920000,52800000,12560000,7230000,5660000,5250000,2,0,30-39,48063333.33,8483333.333,0.579076305,High,3,Low,High
CC100776,24,Male,High School,Single,Government,5000000,27000000,35,0,0,0,220000,0,590000,220000,0,580000,620000,1,0,21-29,270000,266666.6667,0.01,Low,1,Low,Low
CC100777,64,Male,Bachelor,Married,Self-employed,20300000,114000000,201,0,0,0,22730000,18760000,25620000,8940000,4780000,8000000,5050000,0,0,60+,22370000,7240000,0.19622807,Low,1,No Late Payments,Very High
CC100778,40,Male,High School,Married,Government,14800000,73000000,111,2,0,0,65650000,51260000,50380000,10490000,13430000,13610000,3550000,1,1,40-49,55763333.33,12510000,0.763881279,Very High,4,Low,High
CC100779,30,Female,Diploma,Married,Self-employed,9500000,33000000,92,0,0,3,19960000,14760000,13980000,7920000,6520000,1510000,1830000,1,0,30-39,16233333.33,5316666.667,0.491919192,Moderate,2,Low,Low
CC100780,28,Male,Bachelor,Single,Salaried,8600000,27000000,47,0,0,1,680000,5190000,6620000,440000,3310000,2140000,570000,1,0,21-29,4163333.333,1963333.333,0.154197531,Low,1,Low,Low
CC100781,35,Male,High School,Single,Contract,7800000,39000000,86,2,0,0,18900000,14780000,3600000,6900000,3440000,2040000,1060000,1,1,30-39,12426666.67,4126666.667,0.318632479,Moderate,2,Low,Low
CC100782,24,Male,Bachelor,Single,Salaried,7000000,24000000,22,0,0,0,6590000,9670000,8390000,3260000,4410000,4390000,240000,0,0,21-29,8216666.667,4020000,0.342361111,Moderate,2,No Late Payments,Low
CC100783,27,Female,Diploma,Married,Self-employed,10500000,46000000,67,2,0,0,17070000,20430000,21930000,3580000,18260000,8530000,2430000,1,0,21-29,19810000,10123333.33,0.430652174,Moderate,2,Low,Medium
CC100784,36,Female,Diploma,Single,Self-employed,11500000,48000000,55,1,2,1,13920000,14760000,25620000,2610000,5260000,11550000,1880000,3,1,30-39,18100000,6473333.333,0.377083333,Moderate,2,Moderate,Medium
CC100785,32,Female,Diploma,Single,Self-employed,7100000,20000000,65,0,0,0,10760000,5690000,8270000,2090000,5360000,3120000,630000,0,0,30-39,8240000,3523333.333,0.412,Moderate,2,No Late Payments,Low
CC100786,43,Male,High School,Married,Salaried,8900000,36000000,106,3,2,0,18670000,17870000,19520000,780000,510000,7200000,3210000,3,1,40-49,18686666.67,2830000,0.519074074,High,3,Moderate,Low
CC100787,37,Female,Bachelor,Married,Other,11000000,56000000,91,0,0,0,21090000,13470000,17200000,7410000,4830000,6310000,970000,0,0,30-39,17253333.33,6183333.333,0.308095238,Moderate,2,No Late Payments,Medium
CC100788,31,Female,Postgraduate,Single,Salaried,13800000,47000000,28,0,0,0,18650000,23180000,12190000,1050000,23880000,3850000,2060000,0,0,30-39,18006666.67,9593333.333,0.383120567,Moderate,2,No Late Payments,Medium
CC100789,36,Female,Bachelor,Married,Salaried,11300000,40000000,55,0,0,0,13650000,14610000,13600000,4150000,7810000,5340000,750000,1,0,30-39,13953333.33,5766666.667,0.348833333,Moderate,2,Low,Medium
CC100790,34,Female,Bachelor,Married,Salaried,15200000,97000000,95,0,0,0,30220000,49250000,43180000,7530000,43750000,14010000,2610000,0,0,30-39,40883333.33,21763333.33,0.421477663,Moderate,2,No Late Payments,High
CC100791,45,Female,Bachelor,Single,Salaried,15700000,69000000,200,0,0,0,46920000,38220000,29350000,20110000,15070000,3000000,3920000,0,0,40-49,38163333.33,12726666.67,0.553091787,High,3,No Late Payments,High
CC100792,36,Female,High School,Married,Self-employed,16100000,71000000,78,0,0,0,30610000,21650000,31630000,9770000,7050000,10380000,3000000,0,0,30-39,27963333.33,9066666.667,0.393849765,Moderate,2,No Late Payments,High
CC100793,37,Female,Diploma,Other,Self-employed,7300000,36000000,94,1,3,2,26310000,26040000,30280000,3450000,800000,4380000,3260000,3,1,30-39,27543333.33,2876666.667,0.765092593,Very High,4,Moderate,Low
CC100794,43,Female,Diploma,Married,Government,7300000,41000000,107,3,3,3,33030000,30300000,29520000,480000,740000,780000,2150000,3,1,40-49,30950000,666666.6667,0.754878049,Very High,4,Moderate,Medium
CC100795,39,Male,Bachelor,Married,Salaried,13400000,30000000,107,0,0,1,13160000,7860000,11550000,6090000,3170000,4160000,1300000,1,0,30-39,10856666.67,4473333.333,0.361888889,Moderate,2,Low,Low
CC100796,41,Male,Bachelor,Other,Salaried,23800000,156000000,145,0,0,0,132770000,100270000,97890000,35570000,35700000,30410000,7370000,0,1,40-49,110310000,33893333.33,0.707115385,High,3,No Late Payments,Very High
CC100797,41,Male,Postgraduate,Married,Self-employed,15300000,64000000,123,3,0,0,42570000,36880000,29080000,1370000,15180000,6410000,4600000,1,0,40-49,36176666.67,7653333.333,0.565260417,High,3,Low,High
CC100798,39,Male,High School,Single,Salaried,5100000,29000000,111,0,2,3,13760000,8890000,10440000,1730000,1260000,1020000,920000,3,1,30-39,11030000,1336666.667,0.380344828,Moderate,2,Moderate,Low
CC100799,32,Female,Bachelor,Married,Contract,11500000,48000000,58,0,0,0,15810000,19370000,18670000,7920000,10210000,7140000,1040000,0,0,30-39,17950000,8423333.333,0.373958333,Moderate,2,No Late Payments,Medium
CC100800,25,Male,Bachelor,Single,Salaried,11800000,58000000,19,0,0,0,9790000,11000000,5310000,3650000,3570000,5440000,1170000,1,1,21-29,8700000,4220000,0.15,Low,1,Low,Medium
CC100801,31,Male,Bachelor,Single,Salaried,14500000,26000000,82,3,2,3,18910000,23140000,19490000,2020000,460000,1040000,1630000,3,1,30-39,20513333.33,1173333.333,0.788974359,Very High,4,Moderate,Low
CC100802,36,Female,High School,Single,Salaried,7000000,20000000,100,0,0,0,9180000,10920000,9720000,1440000,5420000,5380000,100000,1,1,30-39,9940000,4080000,0.497,Moderate,2,Low,Low
CC100803,38,Female,Postgraduate,Single,Self-employed,19600000,89000000,130,3,0,1,61070000,70440000,67870000,1410000,19920000,14200000,2740000,2,0,30-39,66460000,11843333.33,0.746741573,High,3,Low,High
CC100804,35,Male,Bachelor,Single,Contract,8300000,48000000,76,1,0,1,25090000,31980000,24470000,8510000,18640000,7400000,770000,3,0,30-39,27180000,11516666.67,0.56625,High,3,Moderate,Medium
CC100805,31,Male,Bachelor,Married,Salaried,13300000,62000000,106,0,0,0,6950000,11130000,5570000,4630000,5080000,3290000,3240000,0,0,30-39,7883333.333,4333333.333,0.127150538,Low,1,No Late Payments,High
CC100806,32,Male,Postgraduate,Other,Salaried,23800000,109000000,87,0,0,0,16200000,19370000,24880000,4160000,8470000,9140000,7150000,0,0,30-39,20150000,7256666.667,0.184862385,Low,1,No Late Payments,Very High
CC100807,43,Male,Diploma,Other,Self-employed,18000000,59000000,174,0,0,0,13650000,20470000,22370000,11450000,10480000,6190000,4450000,0,0,40-49,18830000,9373333.333,0.319152542,Moderate,2,No Late Payments,Medium
CC100808,25,Male,Diploma,Single,Self-employed,6800000,25000000,6,0,0,1,7290000,15180000,13650000,3460000,14840000,3500000,3720000,1,0,21-29,12040000,7266666.667,0.4816,Moderate,2,Low,Low
CC100809,47,Female,Bachelor,Married,Self-employed,16300000,45000000,131,0,0,0,31520000,27190000,27760000,13190000,12510000,8650000,1920000,0,0,40-49,28823333.33,11450000,0.640518519,High,3,No Late Payments,Medium
CC100810,42,Male,Diploma,Married,Other,8200000,60000000,52,0,0,0,28290000,24780000,21260000,12090000,10140000,19550000,3050000,2,0,40-49,24776666.67,13926666.67,0.412944444,Moderate,2,Low,High
CC100811,61,Female,Diploma,Other,Salaried,22900000,115000000,219,0,0,0,19200000,24420000,52560000,9150000,8670000,13710000,8630000,0,0,60+,32060000,10510000,0.278782609,Moderate,2,No Late Payments,Very High
CC100812,46,Male,Diploma,Married,Self-employed,17100000,90000000,96,0,0,0,53850000,45950000,58690000,33950000,24250000,19320000,3990000,1,0,40-49,52830000,25840000,0.587,High,3,Low,High
CC100813,59,Female,Diploma,Married,Contract,7800000,41000000,131,3,3,0,11750000,13750000,19440000,750000,520000,3470000,2170000,3,1,50-59,14980000,1580000,0.365365854,Moderate,2,Moderate,Medium
CC100814,34,Male,High School,Single,Salaried,7400000,34000000,100,0,0,0,19120000,16130000,14280000,3630000,6420000,14830000,1100000,1,0,30-39,16510000,8293333.333,0.485588235,Moderate,2,Low,Low
CC100815,37,Male,Bachelor,Married,Other,10600000,30000000,122,0,0,0,8530000,5610000,10880000,2330000,1250000,11030000,4390000,0,0,30-39,8340000,4870000,0.278,Moderate,2,No Late Payments,Low
CC100816,48,Male,Diploma,Married,Other,6100000,30000000,55,0,0,0,6920000,4060000,6400000,2680000,1360000,5390000,2110000,0,0,40-49,5793333.333,3143333.333,0.193111111,Low,1,No Late Payments,Low
CC100817,36,Male,Bachelor,Married,Contract,11700000,43000000,106,3,3,3,29410000,31120000,33140000,740000,710000,4330000,3810000,3,1,30-39,31223333.33,1926666.667,0.726124031,High,3,Moderate,Medium
CC100818,36,Male,Bachelor,Single,Contract,9600000,27000000,62,0,0,1,12440000,7070000,6880000,2990000,2210000,1350000,1360000,2,0,30-39,8796666.667,2183333.333,0.325802469,Moderate,2,Low,Low
CC100819,36,Male,Bachelor,Single,Other,12100000,60000000,73,3,3,0,46690000,41820000,43260000,1340000,1070000,42370000,8350000,4,1,30-39,43923333.33,14926666.67,0.732055556,High,3,Moderate,High
CC100820,26,Female,Bachelor,Single,Salaried,11100000,32000000,39,0,0,0,16300000,17210000,16190000,13800000,5010000,13970000,490000,1,0,21-29,16566666.67,10926666.67,0.517708333,High,3,Low,Low
CC100821,21,Male,Postgraduate,Single,Government,7700000,46000000,20,0,0,0,1650000,930000,910000,930000,910000,870000,1310000,0,0,21-29,1163333.333,903333.3333,0.025289855,Low,1,No Late Payments,Medium
CC100822,27,Male,Diploma,Married,Contract,5400000,21000000,39,0,0,0,9540000,9350000,11200000,3810000,2090000,2780000,1890000,0,0,21-29,10030000,2893333.333,0.477619048,Moderate,2,No Late Payments,Low
CC100823,32,Female,Bachelor,Single,Contract,11900000,67000000,94,2,0,0,34560000,34180000,29430000,740000,9080000,9690000,4730000,1,1,30-39,32723333.33,6503333.333,0.48840796,Moderate,2,Low,High
CC100824,31,Female,Bachelor,Single,Contract,9800000,23000000,58,0,0,0,3640000,7100000,5520000,3620000,2450000,630000,630000,0,0,30-39,5420000,2233333.333,0.235652174,Low,1,No Late Payments,Low
CC100825,57,Female,High School,Married,Government,13600000,77000000,186,0,1,0,34230000,27820000,28630000,1600000,1430000,8060000,2780000,2,1,50-59,30226666.67,3696666.667,0.392554113,Moderate,2,Low,High
CC100826,22,Male,Diploma,Single,Salaried,7300000,25000000,26,0,0,0,7690000,5870000,3200000,2660000,1530000,1250000,1070000,0,0,21-29,5586666.667,1813333.333,0.223466667,Low,1,No Late Payments,Low
CC100827,31,Male,Diploma,Single,Salaried,9200000,41000000,40,0,0,0,25760000,26010000,28830000,11170000,6070000,10760000,3560000,0,0,30-39,26866666.67,9333333.333,0.655284553,High,3,No Late Payments,Medium
CC100828,32,Female,Postgraduate,Married,Self-employed,14700000,58000000,33,0,0,2,12590000,7120000,14470000,2440000,2730000,1390000,4370000,1,0,30-39,11393333.33,2186666.667,0.196436782,Low,1,Low,Medium
CC100829,50,Female,Bachelor,Single,Salaried,26100000,115000000,118,0,0,0,48520000,32980000,22000000,17240000,5510000,8530000,4130000,0,0,50-59,34500000,10426666.67,0.3,Moderate,2,No Late Payments,Very High
CC100830,44,Male,Bachelor,Other,Salaried,18900000,102000000,96,3,3,2,48810000,44930000,54560000,2550000,1160000,9580000,8760000,3,1,40-49,49433333.33,4430000,0.484640523,Moderate,2,Moderate,Very High
CC100831,42,Female,Bachelor,Single,Self-employed,12600000,40000000,72,1,0,0,32510000,30530000,32610000,14790000,10000000,13480000,1240000,1,0,40-49,31883333.33,12756666.67,0.797083333,Very High,4,Low,Medium
CC100832,32,Female,High School,Married,Government,7100000,26000000,54,3,1,3,19230000,20800000,17810000,420000,8880000,430000,1940000,3,1,30-39,19280000,3243333.333,0.741538462,High,3,Moderate,Low
CC100833,21,Female,High School,Single,Salaried,5000000,25000000,41,0,0,0,810000,0,2850000,660000,0,2750000,740000,0,0,21-29,1220000,1136666.667,0.0488,Low,1,No Late Payments,Low
CC100834,46,Male,High School,Married,Government,6800000,21000000,191,0,0,3,11410000,11780000,14340000,11310000,3230000,670000,630000,1,1,40-49,12510000,5070000,0.595714286,High,3,Low,Low
CC100835,33,Female,Bachelor,Married,Salaried,10700000,38000000,92,0,0,0,38460000,33170000,26840000,14190000,12740000,10440000,3350000,1,0,30-39,32823333.33,12456666.67,0.86377193,Very High,4,Low,Low
CC100836,39,Male,Bachelor,Married,Self-employed,14400000,92000000,68,1,0,0,83490000,79830000,85880000,26710000,15030000,26220000,5750000,1,0,30-39,83066666.67,22653333.33,0.902898551,Very High,4,Low,High
CC100837,58,Male,Bachelor,Married,Contract,11600000,59000000,151,0,0,0,6540000,3700000,20420000,2500000,1300000,7470000,3490000,1,0,50-59,10220000,3756666.667,0.173220339,Low,1,Low,Medium
CC100838,53,Male,Diploma,Married,Government,18300000,67000000,155,0,1,0,38650000,34010000,30640000,38680000,6370000,8480000,2330000,1,0,50-59,34433333.33,17843333.33,0.513930348,High,3,Low,High
CC100839,54,Female,Bachelor,Married,Salaried,14300000,76000000,219,2,0,0,33400000,42560000,33510000,1000000,16240000,13580000,7750000,1,0,50-59,36490000,10273333.33,0.480131579,Moderate,2,Low,High
CC100840,40,Male,Bachelor,Married,Salaried,16000000,76000000,54,0,0,3,25290000,28350000,27650000,12970000,10170000,2240000,7340000,1,0,40-49,27096666.67,8460000,0.356535088,Moderate,2,Low,High
CC100841,22,Male,Bachelor,Single,Contract,6500000,29000000,15,0,0,2,16070000,14480000,13170000,3950000,4660000,3660000,2060000,3,0,21-29,14573333.33,4090000,0.502528736,High,3,Moderate,Low
CC100842,48,Female,Diploma,Married,Self-employed,8000000,38000000,88,3,0,2,31510000,28680000,31800000,3820000,8760000,440000,3190000,2,1,40-49,30663333.33,4340000,0.806929825,Very High,4,Low,Low
CC100843,50,Male,Bachelor,Other,Contract,15900000,53000000,170,0,0,0,15320000,27910000,30350000,3350000,16230000,10660000,130000,0,0,50-59,24526666.67,10080000,0.462767296,Moderate,2,No Late Payments,Medium
CC100844,49,Male,Diploma,Single,Salaried,10000000,53000000,103,3,1,0,12010000,16430000,10950000,580000,5000000,2420000,1820000,3,1,40-49,13130000,2666666.667,0.247735849,Low,1,Moderate,Medium
CC100845,41,Male,Bachelor,Married,Self-employed,14200000,45000000,59,0,0,0,16110000,5050000,5770000,6100000,1620000,5260000,580000,0,0,40-49,8976666.667,4326666.667,0.199481481,Low,1,No Late Payments,Medium
CC100846,21,Female,Diploma,Single,Other,5000000,20000000,20,1,0,1,7330000,12620000,13000000,2690000,1980000,1860000,700000,2,0,21-29,10983333.33,2176666.667,0.549166667,High,3,Low,Low
CC100847,35,Male,Diploma,Married,Salaried,8600000,30000000,53,0,0,0,12280000,15090000,15300000,4490000,6950000,7200000,910000,2,0,30-39,14223333.33,6213333.333,0.474111111,Moderate,2,Low,Low
CC100848,21,Male,High School,Single,Contract,5000000,20000000,23,1,3,3,10110000,13370000,9100000,2700000,350000,330000,950000,3,1,21-29,10860000,1126666.667,0.543,High,3,Moderate,Low
CC100849,22,Female,Bachelor,Single,Self-employed,11000000,28000000,26,0,0,0,10010000,12160000,12850000,2890000,11980000,7350000,280000,0,0,21-29,11673333.33,7406666.667,0.416904762,Moderate,2,No Late Payments,Low
CC100850,46,Female,High School,Married,Government,14900000,80000000,125,0,0,1,34160000,29620000,21290000,9900000,8710000,1510000,1650000,1,0,40-49,28356666.67,6706666.667,0.354458333,Moderate,2,Low,High
CC100851,41,Male,Diploma,Single,Salaried,9100000,27000000,51,0,0,0,6450000,2840000,0,3860000,1440000,0,790000,1,0,40-49,3096666.667,1766666.667,0.114691358,Low,1,Low,Low
CC100852,34,Male,Bachelor,Married,Self-employed,17000000,47000000,68,0,0,0,25400000,19630000,15580000,25670000,8290000,10950000,2360000,1,0,30-39,20203333.33,14970000,0.429858156,Moderate,2,Low,Medium
CC100853,27,Male,Bachelor,Married,Contract,9800000,47000000,54,0,1,0,35600000,32240000,21210000,11110000,10110000,8530000,210000,1,0,21-29,29683333.33,9916666.667,0.631560284,High,3,Low,Medium
CC100854,39,Female,Bachelor,Married,Salaried,11000000,48000000,109,0,0,0,8320000,5230000,5340000,4050000,2260000,2390000,2230000,0,0,30-39,6296666.667,2900000,0.131180556,Low,1,No Late Payments,Medium
CC100855,42,Male,Bachelor,Married,Government,13800000,68000000,153,0,0,0,53890000,49870000,53370000,48440000,14870000,17820000,7860000,0,0,40-49,52376666.67,27043333.33,0.770245098,Very High,4,No Late Payments,High
CC100856,47,Male,Bachelor,Single,Contract,9900000,37000000,186,0,0,1,12500000,9160000,9970000,6670000,3610000,700000,360000,1,0,40-49,10543333.33,3660000,0.284954955,Moderate,2,Low,Low
CC100857,38,Male,Bachelor,Married,Contract,8300000,53000000,105,0,0,0,24900000,15320000,11980000,7780000,5200000,3740000,1090000,0,0,30-39,17400000,5573333.333,0.328301887,Moderate,2,No Late Payments,Medium
CC100858,22,Male,High School,Married,Salaried,8200000,20000000,24,0,1,1,12010000,12910000,13130000,5590000,5580000,3340000,200000,2,0,21-29,12683333.33,4836666.667,0.634166667,High,3,Low,Low
CC100859,31,Female,Diploma,Single,Other,9700000,44000000,48,0,0,0,19540000,13010000,11680000,6840000,3920000,2560000,400000,0,0,30-39,14743333.33,4440000,0.335075758,Moderate,2,No Late Payments,Medium
CC100860,54,Female,Diploma,Single,Other,9100000,68000000,204,0,0,0,57330000,63070000,57330000,20960000,35450000,28890000,1230000,1,0,50-59,59243333.33,28433333.33,0.87122549,Very High,4,Low,High
CC100861,28,Male,Bachelor,Married,Salaried,10600000,38000000,51,0,0,0,11930000,17830000,17300000,10480000,9290000,5990000,1850000,0,0,21-29,15686666.67,8586666.667,0.412807018,Moderate,2,No Late Payments,Low
CC100862,31,Male,Bachelor,Married,Salaried,19000000,56000000,52,1,0,0,26680000,34700000,28410000,4770000,9490000,11740000,6980000,2,0,30-39,29930000,8666666.667,0.534464286,High,3,Low,Medium
CC100863,42,Female,High School,Single,Other,6000000,28000000,77,0,0,0,5390000,6800000,5130000,1150000,6490000,1270000,760000,0,0,40-49,5773333.333,2970000,0.206190476,Low,1,No Late Payments,Low
CC100864,34,Male,Bachelor,Other,Government,6100000,23000000,63,0,0,0,3140000,3930000,2050000,910000,1310000,880000,1390000,0,1,30-39,3040000,1033333.333,0.132173913,Low,1,No Late Payments,Low
CC100865,67,Female,High School,Married,Government,9100000,48000000,194,0,0,0,17100000,17520000,14950000,3310000,3950000,3270000,4910000,0,0,60+,16523333.33,3510000,0.344236111,Moderate,2,No Late Payments,Medium
CC100866,26,Female,Diploma,Married,Government,8600000,41000000,42,0,0,0,12990000,15610000,15760000,5880000,3190000,2840000,3470000,0,0,21-29,14786666.67,3970000,0.360650407,Moderate,2,No Late Payments,Medium
CC100867,21,Female,Bachelor,Single,Contract,5000000,20000000,10,1,2,2,8480000,6880000,8420000,2720000,1460000,1210000,430000,4,1,21-29,7926666.667,1796666.667,0.396333333,Moderate,2,Moderate,Low
CC100868,43,Female,Diploma,Married,Self-employed,9400000,34000000,189,2,1,0,19060000,19110000,18570000,810000,8060000,4110000,800000,2,1,40-49,18913333.33,4326666.667,0.55627451,High,3,Low,Low
CC100869,32,Male,High School,Married,Salaried,6600000,21000000,78,0,0,0,4820000,5660000,4010000,880000,2540000,730000,2480000,1,0,30-39,4830000,1383333.333,0.23,Low,1,Low,Low
CC100870,35,Male,Postgraduate,Married,Government,13200000,59000000,119,0,0,0,52640000,47340000,41410000,16330000,42370000,6480000,2090000,0,0,30-39,47130000,21726666.67,0.798813559,Very High,4,No Late Payments,Medium
CC100871,39,Female,High School,Married,Government,15100000,86000000,113,0,0,0,63010000,64650000,75720000,23890000,32650000,24890000,2840000,0,0,30-39,67793333.33,27143333.33,0.788294574,Very High,4,No Late Payments,High
CC100872,35,Male,Postgraduate,Married,Salaried,15100000,72000000,47,0,0,0,32850000,38100000,42360000,13120000,35860000,19340000,3970000,0,0,30-39,37770000,22773333.33,0.524583333,High,3,No Late Payments,High
CC100873,29,Female,Bachelor,Single,Salaried,8300000,37000000,87,0,0,1,16600000,17820000,20130000,6870000,9300000,2420000,4710000,1,0,21-29,18183333.33,6196666.667,0.491441441,Moderate,2,Low,Low
CC100874,40,Male,Diploma,Other,Self-employed,12700000,82000000,103,0,0,0,21090000,14670000,19410000,8070000,7730000,7680000,870000,1,0,40-49,18390000,7826666.667,0.224268293,Low,1,Low,High
CC100875,30,Male,Diploma,Married,Self-employed,7000000,35000000,54,0,0,0,12190000,9810000,7590000,2770000,3880000,5600000,2350000,0,0,30-39,9863333.333,4083333.333,0.281809524,Moderate,2,No Late Payments,Low
CC100876,40,Male,Diploma,Married,Salaried,8000000,48000000,80,3,0,2,40360000,36830000,40640000,910000,6470000,4780000,3880000,2,1,40-49,39276666.67,4053333.333,0.818263889,Very High,4,Low,Medium
CC100877,34,Female,Bachelor,Other,Self-employed,8900000,47000000,93,2,0,0,23840000,17740000,13580000,6270000,8150000,12200000,570000,2,1,30-39,18386666.67,8873333.333,0.391205674,Moderate,2,Low,Medium
CC100878,46,Female,Postgraduate,Married,Self-employed,22100000,111000000,175,0,0,0,9080000,25290000,39050000,8010000,7270000,6270000,1530000,0,0,40-49,24473333.33,7183333.333,0.22048048,Low,1,No Late Payments,Very High
CC100879,42,Male,Postgraduate,Married,Government,18300000,95000000,72,0,0,0,3320000,4040000,22550000,2080000,1910000,7220000,530000,0,0,40-49,9970000,3736666.667,0.104947368,Low,1,No Late Payments,High
CC100880,37,Female,High School,Married,Salaried,9600000,48000000,120,0,0,0,29640000,29940000,21660000,26560000,10280000,6750000,3410000,0,0,30-39,27080000,14530000,0.564166667,High,3,No Late Payments,Medium
CC100881,24,Male,Bachelor,Single,Salaried,7000000,23000000,51,0,0,0,4420000,8580000,6460000,2350000,1500000,3830000,470000,0,0,21-29,6486666.667,2560000,0.282028986,Moderate,2,No Late Payments,Low
CC100882,30,Male,Diploma,Married,Salaried,6900000,20000000,56,0,0,0,5700000,2800000,3590000,3320000,1100000,480000,3250000,0,0,30-39,4030000,1633333.333,0.2015,Low,1,No Late Payments,Low
CC100883,39,Male,Diploma,Married,Self-employed,18000000,80000000,40,3,3,2,42190000,42360000,46690000,1260000,5370000,17820000,6850000,4,1,30-39,43746666.67,8150000,0.546833333,High,3,Moderate,High
CC100884,25,Male,Bachelor,Single,Salaried,8900000,32000000,23,0,0,1,16230000,11240000,8100000,4740000,1350000,2130000,2440000,1,0,21-29,11856666.67,2740000,0.370520833,Moderate,2,Low,Low
CC100885,34,Male,Bachelor,Married,Salaried,8300000,44000000,104,0,0,0,13990000,18240000,10080000,7440000,6020000,4220000,660000,0,0,30-39,14103333.33,5893333.333,0.320530303,Moderate,2,No Late Payments,Medium
CC100886,33,Female,Bachelor,Other,Salaried,15800000,62000000,80,0,0,0,29400000,24830000,19580000,14950000,12980000,17460000,520000,1,0,30-39,24603333.33,15130000,0.396827957,Moderate,2,Low,High
CC100887,40,Female,Bachelor,Married,Government,13600000,72000000,109,0,0,0,28240000,37940000,34690000,7470000,14120000,10840000,3480000,0,0,40-49,33623333.33,10810000,0.466990741,Moderate,2,No Late Payments,High
CC100888,43,Female,Diploma,Single,Salaried,10500000,62000000,83,0,0,0,10220000,14940000,20100000,5020000,7380000,8910000,1230000,0,0,40-49,15086666.67,7103333.333,0.243333333,Low,1,No Late Payments,High
CC100889,51,Female,Bachelor,Other,Government,12000000,70000000,174,0,0,1,32650000,48430000,34570000,18950000,17900000,8790000,1120000,1,0,50-59,38550000,15213333.33,0.550714286,High,3,Low,High
CC100890,36,Female,Bachelor,Married,Salaried,17300000,99000000,124,0,0,0,32500000,23540000,37070000,15500000,12370000,10870000,1550000,0,0,30-39,31036666.67,12913333.33,0.313501684,Moderate,2,No Late Payments,High
CC100891,24,Female,Bachelor,Married,Government,9900000,51000000,33,0,3,3,23800000,31300000,32170000,8430000,850000,710000,2610000,2,1,21-29,29090000,3330000,0.570392157,High,3,Low,Medium
CC100892,38,Male,Bachelor,Single,Salaried,13000000,42000000,135,0,0,0,22890000,26000000,21420000,8060000,22660000,8210000,770000,0,0,30-39,23436666.67,12976666.67,0.558015873,High,3,No Late Payments,Medium
CC100893,30,Male,High School,Single,Salaried,10900000,31000000,29,0,0,0,21480000,12410000,9920000,8890000,5930000,3580000,10000,0,0,30-39,14603333.33,6133333.333,0.471075269,Moderate,2,No Late Payments,Low
CC100894,41,Female,Diploma,Married,Government,11400000,58000000,71,0,0,0,1380000,7910000,7120000,910000,2430000,2460000,110000,0,0,40-49,5470000,1933333.333,0.094310345,Low,1,No Late Payments,Medium
CC100895,51,Male,High School,Married,Salaried,7900000,36000000,169,0,0,1,5650000,7050000,12510000,2400000,2050000,3470000,440000,2,0,50-59,8403333.333,2640000,0.233425926,Low,1,Low,Low
CC100896,44,Male,High School,Married,Self-employed,12700000,64000000,107,3,2,3,37460000,31060000,37250000,970000,1060000,900000,4240000,3,1,40-49,35256666.67,976666.6667,0.550885417,High,3,Moderate,High
CC100897,44,Female,Diploma,Married,Contract,10000000,46000000,60,0,0,0,13050000,9370000,10500000,3710000,7590000,10360000,410000,0,0,40-49,10973333.33,7220000,0.238550725,Low,1,No Late Payments,Medium
CC100898,45,Male,High School,Married,Salaried,9700000,42000000,133,0,0,0,17570000,14910000,14710000,5230000,7010000,4780000,1600000,0,0,40-49,15730000,5673333.333,0.37452381,Moderate,2,No Late Payments,Medium
CC100899,43,Female,Bachelor,Married,Contract,14000000,71000000,148,0,0,0,48080000,37610000,38760000,7970000,10910000,13610000,1670000,1,0,40-49,41483333.33,10830000,0.5842723,High,3,Low,High
CC100900,28,Female,Bachelor,Married,Salaried,16600000,67000000,78,0,0,0,19700000,2690000,0,15930000,2150000,0,3480000,0,0,21-29,7463333.333,6026666.667,0.111393035,Low,1,No Late Payments,High
CC100901,23,Female,Bachelor,Single,Self-employed,12400000,56000000,9,0,1,1,21630000,17720000,21650000,17860000,8800000,4800000,5140000,2,0,21-29,20333333.33,10486666.67,0.363095238,Moderate,2,Low,Medium
CC100902,24,Male,High School,Married,Salaried,7700000,24000000,7,0,0,0,12350000,12040000,9240000,6310000,3490000,3880000,470000,1,0,21-29,11210000,4560000,0.467083333,Moderate,2,Low,Low
CC100903,29,Female,Postgraduate,Married,Salaried,17600000,53000000,51,3,3,0,30890000,33230000,38820000,910000,1130000,3450000,5690000,2,1,21-29,34313333.33,1830000,0.647421384,High,3,Low,Medium
CC100904,42,Female,Diploma,Single,Government,11200000,68000000,116,2,0,0,33780000,30500000,30850000,9510000,9730000,8070000,3040000,2,0,40-49,31710000,9103333.333,0.466323529,Moderate,2,Low,High
CC100905,35,Female,Diploma,Single,Salaried,10900000,52000000,93,3,3,2,45840000,47050000,36170000,790000,580000,2740000,5360000,4,1,30-39,43020000,1370000,0.827307692,Very High,4,Moderate,Medium
CC100906,29,Female,Bachelor,Married,Government,6000000,29000000,83,0,0,0,19960000,16070000,15290000,5950000,6060000,5660000,3130000,0,0,21-29,17106666.67,5890000,0.589885057,High,3,No Late Payments,Low
CC100907,41,Male,Diploma,Married,Salaried,8300000,51000000,83,3,2,3,30340000,27820000,32300000,850000,4580000,3390000,4580000,4,1,40-49,30153333.33,2940000,0.59124183,High,3,Moderate,Medium
CC100908,22,Male,High School,Single,Salaried,5300000,24000000,6,1,2,3,19010000,19300000,21010000,5830000,1200000,370000,2810000,3,0,21-29,19773333.33,2466666.667,0.823888889,Very High,4,Moderate,Low
CC100909,40,Female,Diploma,Single,Contract,6000000,30000000,65,0,0,0,21420000,27180000,31480000,17300000,7240000,7450000,2820000,0,0,40-49,26693333.33,10663333.33,0.889777778,Very High,4,No Late Payments,Low
CC100910,30,Female,Diploma,Married,Government,10000000,36000000,64,0,0,0,13830000,14120000,16960000,7120000,8750000,5080000,4160000,1,0,30-39,14970000,6983333.333,0.415833333,Moderate,2,Low,Low
CC100911,30,Female,High School,Married,Salaried,8200000,51000000,74,1,0,1,20500000,11770000,12700000,6500000,2390000,2270000,1050000,2,1,30-39,14990000,3720000,0.293921569,Moderate,2,Low,Medium
CC100912,49,Male,Diploma,Single,Other,9800000,51000000,75,1,3,2,27930000,25880000,30850000,2380000,2570000,4290000,4950000,3,1,40-49,28220000,3080000,0.553333333,High,3,Moderate,Medium
CC100913,21,Female,Diploma,Married,Salaried,6000000,32000000,11,0,0,0,16260000,15470000,15960000,2700000,5000000,14620000,2970000,1,0,21-29,15896666.67,7440000,0.496770833,Moderate,2,Low,Low
CC100914,49,Female,High School,Married,Salaried,8300000,39000000,123,0,0,0,6330000,9210000,11520000,4240000,3680000,4090000,170000,0,0,40-49,9020000,4003333.333,0.231282051,Low,1,No Late Payments,Low
CC100915,47,Female,Diploma,Married,Self-employed,13700000,82000000,86,0,0,0,35560000,39030000,44320000,2110000,14400000,44040000,12290000,0,0,40-49,39636666.67,20183333.33,0.483373984,Moderate,2,No Late Payments,High
CC100916,31,Female,Bachelor,Single,Salaried,14300000,81000000,59,0,0,0,58980000,51100000,43430000,13450000,20830000,14700000,2080000,0,0,30-39,51170000,16326666.67,0.631728395,High,3,No Late Payments,High
CC100917,41,Female,Diploma,Married,Salaried,13100000,54000000,137,1,0,0,28100000,23380000,24540000,4380000,9670000,20470000,550000,1,0,40-49,25340000,11506666.67,0.469259259,Moderate,2,Low,Medium
CC100918,40,Female,High School,Married,Salaried,11700000,69000000,61,0,0,0,22570000,24130000,25960000,4760000,8820000,12770000,490000,0,0,40-49,24220000,8783333.333,0.351014493,Moderate,2,No Late Payments,High
CC100919,25,Female,Diploma,Single,Salaried,6800000,21000000,51,0,0,0,5890000,9990000,7480000,2360000,3820000,1780000,10000,0,0,21-29,7786666.667,2653333.333,0.370793651,Moderate,2,No Late Payments,Low
CC100920,57,Male,Diploma,Single,Self-employed,16000000,84000000,179,3,3,0,60820000,61480000,61840000,920000,1090000,8630000,4740000,2,1,50-59,61380000,3546666.667,0.730714286,High,3,Low,High
CC100921,31,Female,Diploma,Single,Salaried,5100000,20000000,75,0,0,0,3360000,2570000,1230000,1600000,1000000,660000,320000,1,0,30-39,2386666.667,1086666.667,0.119333333,Low,1,Low,Low
CC100922,24,Female,Bachelor,Married,Salaried,7800000,26000000,50,0,0,0,15260000,13180000,16200000,5540000,2470000,10170000,510000,0,0,21-29,14880000,6060000,0.572307692,High,3,No Late Payments,Low
CC100923,39,Female,Bachelor,Single,Salaried,10700000,53000000,97,0,0,0,26630000,22650000,22150000,7800000,4520000,12430000,6710000,0,0,30-39,23810000,8250000,0.449245283,Moderate,2,No Late Payments,Medium
CC100924,50,Male,Postgraduate,Married,Salaried,19100000,80000000,210,0,0,0,20770000,23540000,26560000,6190000,11120000,10250000,2940000,0,0,50-59,23623333.33,9186666.667,0.295291667,Moderate,2,No Late Payments,High
CC100925,34,Male,High School,Single,Salaried,12900000,36000000,13,0,0,0,10820000,13980000,14270000,2530000,13540000,1980000,7450000,0,0,30-39,13023333.33,6016666.667,0.361759259,Moderate,2,No Late Payments,Low
CC100926,49,Female,Diploma,Married,Contract,14500000,38000000,112,2,2,2,32180000,28010000,31820000,9980000,5530000,9950000,2280000,3,1,40-49,30670000,8486666.667,0.807105263,Very High,4,Moderate,Low
CC100927,22,Female,Bachelor,Single,Government,12700000,44000000,13,3,3,3,27180000,22200000,15930000,850000,610000,710000,2660000,3,1,21-29,21770000,723333.3333,0.494772727,Moderate,2,Moderate,Medium
CC100928,31,Female,Diploma,Married,Government,5800000,29000000,95,0,2,0,12420000,11780000,7840000,10550000,2680000,1970000,1800000,1,0,30-39,10680000,5066666.667,0.368275862,Moderate,2,Low,Low
CC100929,21,Male,Diploma,Married,Salaried,12600000,52000000,34,0,0,0,10590000,8720000,15800000,9180000,5340000,8060000,180000,0,0,21-29,11703333.33,7526666.667,0.225064103,Low,1,No Late Payments,Medium
CC100930,42,Female,Bachelor,Married,Contract,11200000,49000000,54,3,3,0,35670000,29180000,18520000,760000,2250000,2710000,4570000,2,1,40-49,27790000,1906666.667,0.567142857,High,3,Low,Medium
CC100931,39,Male,Bachelor,Married,Salaried,12800000,74000000,143,2,0,0,33170000,30800000,30620000,1380000,10870000,8670000,2690000,1,0,30-39,31530000,6973333.333,0.426081081,Moderate,2,Low,High
CC100932,41,Female,Bachelor,Married,Salaried,12800000,73000000,60,0,0,0,25050000,26510000,36370000,9490000,27310000,17400000,1810000,0,0,40-49,29310000,18066666.67,0.401506849,Moderate,2,No Late Payments,High
CC100933,41,Male,Diploma,Single,Contract,11400000,47000000,55,0,0,1,25900000,21980000,17880000,6360000,7770000,5990000,2690000,2,0,40-49,21920000,6706666.667,0.466382979,Moderate,2,Low,Medium
CC100934,35,Female,Diploma,Married,Salaried,12500000,66000000,116,0,0,0,34700000,26160000,38660000,14600000,8530000,12330000,1910000,0,0,30-39,33173333.33,11820000,0.502626263,High,3,No Late Payments,High
CC100935,29,Female,Bachelor,Married,Self-employed,7900000,35000000,36,0,0,0,6480000,11510000,9760000,3920000,6320000,4980000,430000,1,0,21-29,9250000,5073333.333,0.264285714,Moderate,2,Low,Low
CC100936,38,Female,Bachelor,Single,Government,14500000,87000000,91,2,3,0,63200000,57450000,70270000,1210000,4480000,34180000,3650000,2,1,30-39,63640000,13290000,0.731494253,High,3,Low,High
CC100937,40,Female,Bachelor,Single,Self-employed,13800000,62000000,94,0,2,3,58750000,52420000,45990000,47230000,16850000,1050000,4020000,2,1,40-49,52386666.67,21710000,0.844946237,Very High,4,Low,High
CC100938,27,Male,Diploma,Single,Self-employed,7200000,41000000,40,2,1,3,16790000,23240000,22730000,4020000,8940000,710000,1870000,4,1,21-29,20920000,4556666.667,0.510243902,High,3,Moderate,Medium
CC100939,38,Male,Bachelor,Single,Government,12500000,59000000,97,0,0,0,13530000,11320000,13620000,7860000,5030000,6400000,730000,0,0,30-39,12823333.33,6430000,0.217344633,Low,1,No Late Payments,Medium
CC100940,21,Male,Diploma,Single,Contract,5000000,20000000,20,0,0,0,5410000,6430000,4370000,1530000,1820000,1680000,660000,0,0,21-29,5403333.333,1676666.667,0.270166667,Moderate,2,No Late Payments,Low
CC100941,46,Male,Bachelor,Single,Government,12900000,67000000,129,0,0,0,14790000,19830000,11050000,7410000,20220000,9100000,10070000,2,0,40-49,15223333.33,12243333.33,0.22721393,Low,1,Low,High
CC100942,50,Female,Postgraduate,Married,Self-employed,26600000,124000000,208,0,0,0,11600000,430000,22300000,5920000,430000,13620000,12140000,0,0,50-59,11443333.33,6656666.667,0.092284946,Low,1,No Late Payments,Very High
CC100943,31,Male,Postgraduate,Single,Government,11100000,37000000,66,0,2,0,9900000,3260000,3620000,3240000,810000,1260000,2610000,2,1,30-39,5593333.333,1770000,0.151171171,Low,1,Low,Low
CC100944,23,Male,High School,Married,Salaried,8400000,39000000,33,0,0,0,9340000,8860000,13540000,1930000,4410000,4740000,2010000,0,0,21-29,10580000,3693333.333,0.271282051,Moderate,2,No Late Payments,Low
CC100945,32,Male,High School,Single,Self-employed,8100000,37000000,53,2,3,0,6920000,8180000,12360000,1210000,410000,4710000,1310000,2,1,30-39,9153333.333,2110000,0.247387387,Low,1,Low,Low
CC100946,46,Male,High School,Single,Salaried,10500000,48000000,125,0,0,0,11900000,14950000,19920000,4960000,6910000,7970000,4980000,0,0,40-49,15590000,6613333.333,0.324791667,Moderate,2,No Late Payments,Medium
CC100947,27,Female,Diploma,Single,Contract,6600000,27000000,35,0,0,0,11980000,12240000,11890000,4440000,5610000,7130000,1070000,0,0,21-29,12036666.67,5726666.667,0.445802469,Moderate,2,No Late Payments,Low
CC100948,47,Male,Bachelor,Married,Government,17600000,82000000,82,0,0,0,41210000,37970000,35650000,4610000,1710000,34300000,4070000,1,0,40-49,38276666.67,13540000,0.466788618,Moderate,2,Low,High
CC100949,32,Male,High School,Married,Self-employed,9500000,33000000,89,0,0,0,16460000,14830000,11150000,4730000,6800000,10940000,1790000,0,0,30-39,14146666.67,7490000,0.428686869,Moderate,2,No Late Payments,Low
CC100950,53,Male,Bachelor,Married,Self-employed,19400000,97000000,236,0,0,0,16730000,24350000,21950000,17190000,9390000,20480000,6190000,0,0,50-59,21010000,15686666.67,0.216597938,Low,1,No Late Payments,High
CC100951,35,Male,High School,Married,Other,5000000,20000000,44,3,3,3,11080000,16630000,13900000,1730000,390000,340000,1030000,4,1,30-39,13870000,820000,0.6935,High,3,Moderate,Low
CC100952,56,Female,Diploma,Married,Salaried,17800000,98000000,240,0,0,0,20890000,460000,23550000,12630000,460000,22960000,4970000,0,0,50-59,14966666.67,12016666.67,0.152721088,Low,1,No Late Payments,High
CC100953,26,Male,Bachelor,Married,Contract,5700000,20000000,27,0,0,2,17540000,16690000,12200000,7110000,15350000,2270000,940000,1,0,21-29,15476666.67,8243333.333,0.773833333,Very High,4,Low,Low
CC100954,37,Female,Bachelor,Single,Salaried,11300000,49000000,65,0,0,0,28950000,20090000,27370000,9900000,17680000,11120000,670000,0,0,30-39,25470000,12900000,0.519795918,High,3,No Late Payments,Medium
CC100955,30,Female,Postgraduate,Married,Self-employed,15900000,90000000,85,0,0,0,42810000,44620000,29360000,11880000,14740000,11370000,2710000,0,0,30-39,38930000,12663333.33,0.432555556,Moderate,2,No Late Payments,High
CC100956,24,Female,Diploma,Single,Salaried,5200000,23000000,64,0,0,0,4220000,2570000,1450000,1970000,780000,370000,490000,0,0,21-29,2746666.667,1040000,0.11942029,Low,1,No Late Payments,Low
CC100957,51,Female,High School,Single,Contract,8100000,35000000,91,0,0,0,17880000,12750000,11360000,7650000,3860000,10240000,1060000,0,0,50-59,13996666.67,7250000,0.399904762,Moderate,2,No Late Payments,Low
CC100958,27,Female,High School,Married,Salaried,7600000,37000000,68,0,1,0,13150000,18570000,10880000,1620000,2690000,3640000,370000,1,0,21-29,14200000,2650000,0.383783784,Moderate,2,Low,Low
CC100959,31,Female,High School,Married,Salaried,6500000,24000000,76,0,0,0,12230000,10910000,13000000,4590000,4790000,11640000,380000,1,0,30-39,12046666.67,7006666.667,0.501944444,High,3,Low,Low
CC100960,43,Male,Postgraduate,Single,Salaried,18600000,90000000,122,0,0,1,52140000,52090000,38240000,52850000,23460000,11840000,440000,1,0,40-49,47490000,29383333.33,0.527666667,High,3,Low,High
CC100961,43,Female,High School,Single,Government,9600000,39000000,90,1,0,0,12690000,19100000,18640000,4290000,17470000,5530000,2090000,1,0,40-49,16810000,9096666.667,0.431025641,Moderate,2,Low,Low
CC100962,21,Female,Bachelor,Married,Contract,5200000,22000000,16,0,0,0,13400000,12670000,11990000,4910000,10340000,3150000,2450000,1,0,21-29,12686666.67,6133333.333,0.576666667,High,3,Low,Low
CC100963,44,Female,High School,Married,Salaried,12100000,67000000,166,1,0,0,10000,9870000,13240000,10000,4600000,13540000,560000,1,0,40-49,7706666.667,6050000,0.115024876,Low,1,Low,High
CC100964,21,Male,Diploma,Other,Government,8100000,23000000,17,1,3,1,1390000,3310000,8000000,390000,340000,900000,1370000,4,1,21-29,4233333.333,543333.3333,0.184057971,Low,1,Moderate,Low
CC100965,55,Female,Diploma,Married,Self-employed,16600000,103000000,163,0,3,1,79110000,77750000,66870000,22380000,18150000,3610000,6190000,2,0,50-59,74576666.67,14713333.33,0.724045307,High,3,Low,Very High
CC100966,30,Female,High School,Married,Contract,5000000,21000000,85,0,2,3,11480000,12840000,9340000,3310000,1690000,540000,760000,2,1,30-39,11220000,1846666.667,0.534285714,High,3,Low,Low
CC100967,33,Male,High School,Married,Salaried,5200000,24000000,82,0,0,2,10220000,11440000,9580000,4760000,4340000,500000,620000,1,0,30-39,10413333.33,3200000,0.433888889,Moderate,2,Low,Low
CC100968,27,Female,Postgraduate,Single,Self-employed,15700000,40000000,50,3,2,0,22540000,27700000,23690000,700000,500000,5080000,2310000,3,1,21-29,24643333.33,2093333.333,0.616083333,High,3,Moderate,Medium
CC100969,42,Female,Bachelor,Married,Salaried,11700000,50000000,164,0,0,0,12760000,20810000,15930000,11830000,10840000,13000000,1550000,0,0,40-49,16500000,11890000,0.33,Moderate,2,No Late Payments,Medium
CC100970,30,Female,Bachelor,Married,Contract,13900000,59000000,66,1,2,0,42670000,50720000,46360000,13510000,12420000,19140000,1710000,2,0,30-39,46583333.33,15023333.33,0.789548023,Very High,4,Low,Medium
CC100971,22,Female,High School,Single,Salaried,7800000,29000000,19,0,0,0,14720000,15360000,11770000,12470000,7120000,10920000,1600000,1,0,21-29,13950000,10170000,0.481034483,Moderate,2,Low,Low
CC100972,26,Female,Postgraduate,Married,Self-employed,15800000,96000000,60,3,0,3,24830000,36510000,25510000,2640000,8580000,1080000,7800000,3,0,21-29,28950000,4100000,0.3015625,Moderate,2,Moderate,High
CC100973,34,Male,Bachelor,Married,Salaried,7200000,24000000,58,0,0,0,16170000,16110000,14130000,8010000,6850000,3780000,240000,0,0,30-39,15470000,6213333.333,0.644583333,High,3,No Late Payments,Low
CC100974,56,Female,Diploma,Married,Other,13400000,51000000,180,1,0,0,6440000,8840000,780000,2020000,2480000,780000,2820000,2,0,50-59,5353333.333,1760000,0.10496732,Low,1,Low,Medium
CC100975,48,Male,High School,Married,Contract,8500000,30000000,163,0,0,0,23460000,19720000,19090000,11520000,7730000,6350000,310000,0,0,40-49,20756666.67,8533333.333,0.691888889,High,3,No Late Payments,Low
CC100976,46,Male,High School,Other,Salaried,19000000,100000000,201,0,0,0,22340000,15950000,29220000,11250000,4320000,13900000,2430000,0,0,40-49,22503333.33,9823333.333,0.225033333,Low,1,No Late Payments,Very High
CC100977,26,Male,High School,Married,Salaried,5900000,42000000,58,2,0,0,22040000,23290000,28660000,1840000,4430000,7580000,3240000,1,0,21-29,24663333.33,4616666.667,0.587222222,High,3,Low,Medium
CC100978,39,Female,Bachelor,Single,Salaried,9700000,54000000,152,0,0,0,38590000,44500000,37950000,14200000,11640000,12450000,2350000,1,0,30-39,40346666.67,12763333.33,0.747160494,High,3,Low,Medium
CC100979,36,Female,Bachelor,Single,Self-employed,16100000,62000000,101,0,0,0,26820000,10970000,16080000,9010000,5260000,3710000,1190000,0,0,30-39,17956666.67,5993333.333,0.289623656,Moderate,2,No Late Payments,High
CC100980,48,Male,Diploma,Married,Contract,9900000,55000000,98,3,0,0,17230000,23090000,28100000,900000,5130000,25540000,1610000,1,0,40-49,22806666.67,10523333.33,0.414666667,Moderate,2,Low,Medium
CC100981,35,Male,Diploma,Married,Self-employed,13700000,56000000,111,0,0,0,8530000,13120000,12010000,2350000,3130000,9730000,4070000,0,0,30-39,11220000,5070000,0.200357143,Low,1,No Late Payments,Medium
CC100982,25,Female,Diploma,Single,Salaried,7900000,30000000,26,0,0,0,6960000,3210000,6500000,2950000,1750000,3830000,1580000,1,0,21-29,5556666.667,2843333.333,0.185222222,Low,1,Low,Low
CC100983,39,Male,Diploma,Single,Salaried,11200000,69000000,114,0,0,0,15390000,20940000,25000000,7990000,9760000,15170000,4170000,0,0,30-39,20443333.33,10973333.33,0.296280193,Moderate,2,No Late Payments,High
CC100984,21,Male,Bachelor,Single,Self-employed,10300000,23000000,32,0,0,1,12800000,11210000,11440000,3990000,3650000,2680000,400000,1,0,21-29,11816666.67,3440000,0.513768116,High,3,Low,Low
CC100985,41,Male,Diploma,Married,Salaried,9100000,61000000,112,3,2,3,30700000,25080000,20910000,2590000,2500000,3810000,2000000,3,1,40-49,25563333.33,2966666.667,0.419071038,Moderate,2,Moderate,High
CC100986,38,Male,Bachelor,Single,Other,7900000,31000000,78,1,0,0,3020000,10190000,16400000,580000,10240000,15420000,3280000,1,0,30-39,9870000,8746666.667,0.318387097,Moderate,2,Low,Low
CC100987,21,Female,Diploma,Single,Salaried,7400000,24000000,5,0,0,0,5890000,11390000,9810000,2000000,6140000,8250000,540000,0,0,21-29,9030000,5463333.333,0.37625,Moderate,2,No Late Payments,Low
CC100988,21,Female,Diploma,Married,Salaried,6500000,24000000,10,0,0,0,11180000,8950000,8840000,3190000,3220000,4730000,1460000,0,0,21-29,9656666.667,3713333.333,0.402361111,Moderate,2,No Late Payments,Low
CC100989,43,Male,High School,Other,Other,5000000,20000000,142,0,0,0,6600000,12710000,13080000,2490000,3710000,4360000,830000,0,0,40-49,10796666.67,3520000,0.539833333,High,3,No Late Payments,Low
CC100990,42,Female,Diploma,Married,Self-employed,10000000,41000000,204,0,0,0,13150000,15390000,21070000,5810000,5780000,11160000,2100000,0,0,40-49,16536666.67,7583333.333,0.403333333,Moderate,2,No Late Payments,Medium
CC100991,28,Male,High School,Married,Other,9000000,40000000,49,2,1,1,18720000,15990000,12830000,510000,1060000,2070000,1490000,3,1,21-29,15846666.67,1213333.333,0.396166667,Moderate,2,Moderate,Medium
CC100992,39,Male,Diploma,Married,Salaried,12000000,69000000,142,0,0,0,31090000,40430000,46310000,17790000,18460000,17980000,3660000,1,0,30-39,39276666.67,18076666.67,0.569227053,High,3,Low,High
CC100993,33,Female,Bachelor,Married,Salaried,12700000,61000000,109,0,0,0,16110000,17740000,26700000,4920000,9550000,5800000,440000,0,0,30-39,20183333.33,6756666.667,0.330874317,Moderate,2,No Late Payments,High
CC100994,21,Female,Bachelor,Single,Other,8800000,47000000,33,1,3,0,31480000,34930000,23670000,12350000,670000,5230000,5200000,3,1,21-29,30026666.67,6083333.333,0.638865248,High,3,Moderate,Medium
CC100995,23,Male,Bachelor,Single,Salaried,8400000,56000000,18,0,0,3,36640000,44460000,36220000,13760000,7630000,4610000,2180000,1,1,21-29,39106666.67,8666666.667,0.698333333,High,3,Low,Medium
CC100996,41,Male,Diploma,Married,Salaried,11000000,54000000,49,3,3,3,40340000,44890000,43480000,690000,1050000,790000,5090000,3,1,40-49,42903333.33,843333.3333,0.794506173,Very High,4,Moderate,Medium
CC100997,58,Female,Bachelor,Married,Self-employed,16700000,48000000,146,0,0,1,26680000,36780000,41580000,5770000,3320000,19430000,450000,1,1,50-59,35013333.33,9506666.667,0.729444444,High,3,Low,Medium
CC100998,60,Male,High School,Married,Salaried,6600000,33000000,107,0,0,0,21830000,19220000,11860000,1860000,3910000,3690000,1020000,0,0,60+,17636666.67,3153333.333,0.534444444,High,3,No Late Payments,Low
CC100999,21,Male,High School,Married,Salaried,5000000,20000000,10,0,0,0,18770000,15060000,16440000,8680000,2720000,2410000,1080000,0,1,21-29,16756666.67,4603333.333,0.837833333,Very High,4,No Late Payments,Low
CC101000,32,Male,Bachelor,Married,Self-employed,17400000,53000000,34,0,0,0,10940000,2160000,5360000,10820000,920000,3040000,520000,0,0,30-39,6153333.333,4926666.667,0.116100629,Low,1,No Late Payments,Medium
CC101001,41,Male,Postgraduate,Married,Self-employed,18500000,82000000,100,0,0,0,33240000,34920000,32000000,7970000,9140000,31120000,1750000,0,0,40-49,33386666.67,16076666.67,0.407154472,Moderate,2,No Late Payments,High
CC101002,27,Male,Diploma,Single,Salaried,7300000,35000000,58,0,0,0,9570000,9050000,9790000,5540000,4500000,8640000,1110000,0,0,21-29,9470000,6226666.667,0.270571429,Moderate,2,No Late Payments,Low
CC101003,43,Male,Diploma,Married,Contract,9800000,52000000,101,0,0,0,7490000,100000,1110000,4520000,100000,600000,270000,0,0,40-49,2900000,1740000,0.055769231,Low,1,No Late Payments,Medium
CC101004,40,Male,Diploma,Married,Contract,14300000,60000000,160,3,3,3,59170000,55590000,55520000,1220000,1140000,820000,6880000,5,1,40-49,56760000,1060000,0.946,Very High,4,High,High
CC101005,39,Male,Bachelor,Single,Government,23000000,98000000,42,0,0,0,69920000,51400000,58560000,13060000,20050000,22770000,5850000,1,0,30-39,59960000,18626666.67,0.611836735,High,3,Low,High
CC101006,24,Female,High School,Married,Other,7400000,28000000,52,0,0,0,16650000,19000000,18190000,4320000,4700000,7480000,1290000,0,0,21-29,17946666.67,5500000,0.640952381,High,3,No Late Payments,Low
CC101007,30,Male,Diploma,Married,Salaried,9400000,40000000,95,0,0,0,4950000,3040000,4750000,2020000,1510000,2440000,150000,0,0,30-39,4246666.667,1990000,0.106166667,Low,1,No Late Payments,Medium
CC101008,43,Female,Diploma,Married,Salaried,8900000,37000000,89,0,0,0,21290000,18520000,15420000,19100000,5780000,5680000,950000,0,0,40-49,18410000,10186666.67,0.497567568,Moderate,2,No Late Payments,Low
CC101009,42,Female,High School,Married,Salaried,6300000,39000000,151,0,0,0,0,2260000,4200000,0,950000,1810000,1430000,1,0,40-49,2153333.333,920000,0.055213675,Low,1,Low,Low
CC101010,34,Male,Diploma,Single,Contract,6700000,20000000,69,3,3,3,15240000,18490000,15340000,2930000,1950000,1530000,1650000,3,0,30-39,16356666.67,2136666.667,0.817833333,Very High,4,Moderate,Low
CC101011,50,Female,Diploma,Single,Self-employed,9500000,47000000,69,0,0,0,14710000,18700000,16070000,7400000,4880000,5130000,190000,0,0,50-59,16493333.33,5803333.333,0.350921986,Moderate,2,No Late Payments,Medium
CC101012,37,Male,Postgraduate,Married,Government,26100000,194000000,106,0,0,0,4040000,5120000,17810000,2660000,3050000,5080000,620000,1,0,30-39,8990000,3596666.667,0.046340206,Low,1,Low,Very High
CC101013,39,Female,Postgraduate,Married,Salaried,16400000,51000000,61,0,0,0,17130000,20120000,25250000,7200000,12910000,5990000,4310000,0,0,30-39,20833333.33,8700000,0.408496732,Moderate,2,No Late Payments,Medium
CC101014,34,Female,Bachelor,Single,Salaried,10700000,55000000,97,0,0,0,15650000,20670000,18300000,5240000,5730000,9820000,1520000,1,0,30-39,18206666.67,6930000,0.331030303,Moderate,2,Low,Medium
CC101015,27,Male,Bachelor,Married,Other,7400000,23000000,19,0,1,2,12260000,15440000,11190000,5210000,5360000,350000,1220000,2,0,21-29,12963333.33,3640000,0.563623188,High,3,Low,Low
CC101016,41,Female,Bachelor,Single,Salaried,19100000,70000000,78,0,3,2,44840000,46520000,38340000,15820000,4030000,2430000,740000,2,1,40-49,43233333.33,7426666.667,0.617619048,High,3,Low,High
CC101017,26,Female,Bachelor,Single,Contract,5300000,20000000,42,0,0,0,9800000,5350000,5720000,2770000,1740000,1890000,530000,0,0,21-29,6956666.667,2133333.333,0.347833333,Moderate,2,No Late Payments,Low
CC101018,54,Male,High School,Married,Government,16700000,65000000,221,0,0,0,28200000,20860000,21130000,7010000,3090000,6420000,3700000,0,0,50-59,23396666.67,5506666.667,0.359948718,Moderate,2,No Late Payments,High
CC101019,30,Male,High School,Married,Other,5000000,20000000,65,3,3,3,16050000,13560000,16180000,290000,320000,560000,2700000,3,1,30-39,15263333.33,390000,0.763166667,Very High,4,Moderate,Low
CC101020,21,Female,Postgraduate,Single,Salaried,15000000,52000000,10,0,0,1,17380000,25950000,22520000,9750000,10260000,5110000,2280000,4,0,21-29,21950000,8373333.333,0.422115385,Moderate,2,Moderate,Medium
CC101021,22,Female,Bachelor,Single,Government,13500000,51000000,17,0,0,0,12930000,21650000,23830000,4520000,9870000,24670000,970000,0,0,21-29,19470000,13020000,0.381764706,Moderate,2,No Late Payments,Medium
CC101022,32,Male,High School,Married,Salaried,10200000,54000000,32,1,2,0,17350000,19280000,14520000,900000,880000,3530000,5110000,2,0,30-39,17050000,1770000,0.315740741,Moderate,2,Low,Medium
CC101023,49,Female,Diploma,Single,Salaried,6700000,24000000,98,2,3,0,13280000,12680000,8280000,700000,2840000,2200000,1070000,3,0,40-49,11413333.33,1913333.333,0.475555556,Moderate,2,Moderate,Low
CC101024,48,Male,High School,Married,Self-employed,8600000,41000000,89,2,0,0,15420000,17870000,19460000,3360000,6930000,9970000,1420000,3,1,40-49,17583333.33,6753333.333,0.428861789,Moderate,2,Moderate,Medium
CC101025,34,Male,Bachelor,Married,Contract,11000000,37000000,121,0,0,1,20640000,23630000,26420000,7310000,6630000,2390000,2520000,1,0,30-39,23563333.33,5443333.333,0.636846847,High,3,Low,Low
CC101026,55,Female,High School,Married,Salaried,16700000,72000000,113,1,3,3,69440000,64390000,47650000,14740000,1320000,3110000,4890000,3,1,50-59,60493333.33,6390000,0.840185185,Very High,4,Moderate,High
CC101027,45,Female,Diploma,Married,Salaried,10300000,34000000,131,0,0,0,23290000,19620000,16830000,7800000,19420000,5200000,2820000,0,0,40-49,19913333.33,10806666.67,0.585686275,High,3,No Late Payments,Low
CC101028,29,Female,Bachelor,Married,Government,9500000,31000000,49,3,3,0,12040000,10350000,9490000,610000,470000,2440000,4020000,3,1,21-29,10626666.67,1173333.333,0.342795699,Moderate,2,Moderate,Low
CC101029,35,Female,Bachelor,Single,Self-employed,11600000,66000000,44,0,0,0,63370000,54430000,55250000,16930000,28250000,17430000,2520000,0,0,30-39,57683333.33,20870000,0.873989899,Very High,4,No Late Payments,High
CC101030,21,Female,Diploma,Married,Government,5200000,20000000,14,0,0,0,12300000,11220000,9660000,3910000,2420000,5150000,410000,0,0,21-29,11060000,3826666.667,0.553,High,3,No Late Payments,Low
CC101031,21,Female,High School,Married,Other,5200000,20000000,26,0,0,0,8640000,8400000,8880000,2120000,1230000,8860000,400000,0,0,21-29,8640000,4070000,0.432,Moderate,2,No Late Payments,Low
CC101032,45,Male,Bachelor,Married,Contract,8200000,26000000,73,3,0,3,22660000,18070000,17420000,690000,4800000,500000,2000000,2,1,40-49,19383333.33,1996666.667,0.745512821,High,3,Low,Low
CC101033,45,Female,Postgraduate,Married,Self-employed,17500000,113000000,188,0,0,0,108870000,87110000,103140000,49680000,24460000,18910000,7880000,1,0,40-49,99706666.67,31016666.67,0.882359882,Very High,4,Low,Very High
CC101034,54,Female,Bachelor,Other,Self-employed,16400000,63000000,115,0,0,0,16470000,24720000,25070000,5920000,9040000,11230000,1970000,0,0,50-59,22086666.67,8730000,0.350582011,Moderate,2,No Late Payments,High
CC101035,23,Male,High School,Single,Other,5000000,20000000,4,0,0,0,11750000,11540000,10370000,3490000,3440000,3670000,1060000,1,1,21-29,11220000,3533333.333,0.561,High,3,Low,Low
CC101036,21,Male,Bachelor,Married,Self-employed,10500000,57000000,22,0,0,0,26680000,31720000,33440000,11820000,28860000,15840000,2500000,0,0,21-29,30613333.33,18840000,0.537076023,High,3,No Late Payments,Medium
CC101037,41,Female,High School,Single,Government,6700000,45000000,71,3,0,3,25610000,29760000,28030000,800000,6860000,950000,2630000,2,1,40-49,27800000,2870000,0.617777778,High,3,Low,Medium
CC101038,39,Male,Bachelor,Married,Contract,11700000,47000000,125,0,0,0,29730000,35130000,31880000,7620000,33620000,18650000,2130000,1,0,30-39,32246666.67,19963333.33,0.686099291,High,3,Low,Medium
CC101039,30,Female,Bachelor,Married,Salaried,11500000,34000000,43,0,0,0,12770000,15660000,12470000,4720000,3230000,4340000,2160000,0,0,30-39,13633333.33,4096666.667,0.400980392,Moderate,2,No Late Payments,Low
CC101040,45,Female,Bachelor,Married,Salaried,11500000,57000000,142,0,0,0,20480000,15800000,20520000,18370000,5410000,10850000,330000,0,0,40-49,18933333.33,11543333.33,0.332163743,Moderate,2,No Late Payments,Medium
CC101041,38,Female,High School,Single,Government,11600000,50000000,109,0,0,0,23070000,22500000,20330000,22700000,22190000,5240000,3740000,0,0,30-39,21966666.67,16710000,0.439333333,Moderate,2,No Late Payments,Medium
CC101042,26,Male,Bachelor,Married,Self-employed,9000000,26000000,52,0,0,0,8250000,3810000,11080000,1490000,1110000,2540000,2930000,0,0,21-29,7713333.333,1713333.333,0.296666667,Moderate,2,No Late Payments,Low
CC101043,28,Female,Diploma,Single,Government,8100000,44000000,78,0,0,0,20940000,9780000,14660000,10400000,5690000,6960000,480000,0,0,21-29,15126666.67,7683333.333,0.343787879,Moderate,2,No Late Payments,Medium
CC101044,49,Female,Diploma,Married,Other,6700000,34000000,114,1,0,0,9500000,14040000,19350000,1950000,3310000,3830000,800000,1,0,40-49,14296666.67,3030000,0.420490196,Moderate,2,Low,Low
CC101045,43,Female,Bachelor,Married,Government,12300000,63000000,152,1,0,0,550000,10000,1490000,550000,10000,890000,3701717,1,1,40-49,683333.3333,483333.3333,0.010846561,Low,1,Low,High
CC101046,34,Male,Bachelor,Single,Salaried,6600000,30000000,58,2,2,1,21700000,25920000,19150000,5160000,1220000,6420000,3420000,3,1,30-39,22256666.67,4266666.667,0.741888889,High,3,Moderate,Low
CC101047,32,Female,High School,Other,Self-employed,11200000,35000000,57,0,0,0,23180000,18990000,21120000,8970000,3270000,8240000,3330000,0,0,30-39,21096666.67,6826666.667,0.602761905,High,3,No Late Payments,Low
CC101048,42,Male,Bachelor,Married,Salaried,13400000,50000000,71,3,1,0,30700000,21710000,20330000,760000,620000,7770000,2520000,2,1,40-49,24246666.67,3050000,0.484933333,Moderate,2,Low,Medium
CC101049,21,Female,Diploma,Single,Contract,5100000,20000000,3,0,0,0,14860000,15400000,17250000,2610000,4550000,8100000,1010000,0,0,21-29,15836666.67,5086666.667,0.791833333,Very High,4,No Late Payments,Low
CC101050,21,Male,Diploma,Married,Other,5000000,21000000,12,1,0,0,12760000,11060000,13560000,2750000,9290000,4780000,190000,2,0,21-29,12460000,5606666.667,0.593333333,High,3,Low,Low
CC101051,23,Female,Bachelor,Single,Self-employed,10600000,75000000,29,0,3,0,47570000,51900000,52230000,7200000,1210000,12570000,4050000,1,1,21-29,50566666.67,6993333.333,0.674222222,High,3,Low,High
CC101052,34,Male,High School,Married,Salaried,9300000,41000000,98,0,0,1,28060000,27780000,26090000,3360000,8230000,670000,1450000,2,0,30-39,27310000,4086666.667,0.666097561,High,3,Low,Medium
CC101053,35,Female,Bachelor,Single,Government,17400000,73000000,57,0,0,0,26500000,30360000,18180000,10080000,11240000,4500000,1310000,0,0,30-39,25013333.33,8606666.667,0.342648402,Moderate,2,No Late Payments,High
CC101054,24,Female,Diploma,Single,Contract,5400000,26000000,20,0,1,1,9360000,9280000,9220000,3470000,3580000,3380000,940000,4,1,21-29,9286666.667,3476666.667,0.357179487,Moderate,2,Moderate,Low
CC101055,35,Female,Bachelor,Married,Salaried,11300000,50000000,76,2,3,0,39940000,35200000,29520000,3120000,3750000,10740000,2150000,3,1,30-39,34886666.67,5870000,0.697733333,High,3,Moderate,Medium
CC101056,49,Female,Bachelor,Married,Salaried,18200000,36000000,106,0,0,0,20000,0,7060000,20000,0,5670000,930000,0,0,40-49,2360000,1896666.667,0.065555556,Low,1,No Late Payments,Low
CC101057,47,Female,Bachelor,Married,Salaried,14200000,69000000,194,0,0,0,35060000,30420000,25650000,12330000,9520000,4590000,3670000,0,0,40-49,30376666.67,8813333.333,0.440241546,Moderate,2,No Late Payments,High
CC101058,31,Male,Bachelor,Married,Salaried,23200000,94000000,19,3,3,3,59770000,50170000,58030000,1920000,4680000,1970000,10990000,3,1,30-39,55990000,2856666.667,0.595638298,High,3,Moderate,High
CC101059,34,Male,Bachelor,Married,Salaried,12700000,85000000,80,0,0,0,52090000,58730000,54050000,19240000,16000000,15810000,3540000,0,0,30-39,54956666.67,17016666.67,0.64654902,High,3,No Late Payments,High
CC101060,40,Male,Diploma,Married,Self-employed,17100000,75000000,144,0,0,0,28910000,34870000,43910000,7360000,13650000,12880000,1930000,1,0,40-49,35896666.67,11296666.67,0.478622222,Moderate,2,Low,High
CC101061,52,Female,High School,Married,Salaried,11000000,64000000,238,0,0,0,40730000,34880000,38510000,10600000,10390000,5640000,4560000,0,0,50-59,38040000,8876666.667,0.594375,High,3,No Late Payments,High
CC101062,30,Female,Bachelor,Single,Contract,10000000,35000000,26,0,1,0,11260000,9410000,7180000,2950000,1110000,6240000,610000,1,0,30-39,9283333.333,3433333.333,0.265238095,Moderate,2,Low,Low
CC101063,49,Female,High School,Married,Salaried,9900000,50000000,106,1,1,0,19460000,9850000,14850000,8380000,950000,3400000,570000,2,1,40-49,14720000,4243333.333,0.2944,Moderate,2,Low,Medium
CC101064,38,Female,Diploma,Married,Government,8700000,29000000,55,0,0,0,9900000,8800000,13940000,1590000,8660000,5850000,1000000,0,1,30-39,10880000,5366666.667,0.375172414,Moderate,2,No Late Payments,Low
CC101065,40,Male,High School,Married,Self-employed,9200000,42000000,99,0,0,1,25640000,21610000,26670000,9410000,7890000,3190000,1420000,1,0,40-49,24640000,6830000,0.586666667,High,3,Low,Medium
CC101066,58,Male,High School,Married,Government,11400000,52000000,150,0,0,0,8150000,10720000,15780000,2620000,3870000,3980000,1430000,0,0,50-59,11550000,3490000,0.222115385,Low,1,No Late Payments,Medium
CC101067,40,Female,Postgraduate,Married,Salaried,14100000,68000000,98,3,0,0,25230000,29940000,32060000,1490000,9680000,32340000,6930000,1,1,40-49,29076666.67,14503333.33,0.427598039,Moderate,2,Low,High
CC101068,39,Female,High School,Single,Government,7500000,40000000,122,1,0,0,9200000,6590000,9420000,3000000,6380000,920000,1780000,1,0,30-39,8403333.333,3433333.333,0.210083333,Low,1,Low,Medium
CC101069,39,Male,Bachelor,Married,Salaried,14800000,59000000,123,0,0,0,31520000,31930000,37290000,12370000,18220000,7770000,2750000,0,0,30-39,33580000,12786666.67,0.569152542,High,3,No Late Payments,Medium
CC101070,38,Female,Bachelor,Married,Salaried,14300000,63000000,86,0,0,0,29500000,21140000,13570000,16440000,10160000,3420000,1260000,0,0,30-39,21403333.33,10006666.67,0.33973545,Moderate,2,No Late Payments,High
CC101071,53,Male,Bachelor,Single,Government,20700000,72000000,118,3,2,2,42170000,39450000,47850000,1210000,5660000,14030000,7980000,4,1,50-59,43156666.67,6966666.667,0.599398148,High,3,Moderate,High
CC101072,25,Male,Bachelor,Single,Salaried,6000000,29000000,34,0,0,0,3480000,7160000,4820000,2360000,3220000,4750000,1070000,0,0,21-29,5153333.333,3443333.333,0.177701149,Low,1,No Late Payments,Low
CC101073,32,Female,High School,Married,Self-employed,6000000,23000000,98,0,0,0,18250000,17340000,17090000,5500000,7180000,7040000,360000,0,0,30-39,17560000,6573333.333,0.763478261,Very High,4,No Late Payments,Low
CC101074,50,Female,Bachelor,Married,Self-employed,10500000,49000000,214,0,0,0,23930000,16270000,12810000,13490000,8370000,3890000,360000,0,0,50-59,17670000,8583333.333,0.360612245,Moderate,2,No Late Payments,Medium
CC101075,29,Female,High School,Married,Salaried,5000000,21000000,58,0,0,0,9290000,10190000,9670000,4530000,3760000,2030000,340000,0,1,21-29,9716666.667,3440000,0.462698413,Moderate,2,No Late Payments,Low
CC101076,52,Male,Bachelor,Single,Salaried,12500000,53000000,210,0,0,0,36730000,29980000,35280000,12980000,27900000,4440000,460000,0,0,50-59,33996666.67,15106666.67,0.641446541,High,3,No Late Payments,Medium
CC101077,21,Female,Postgraduate,Single,Government,15400000,56000000,41,0,3,0,29020000,29230000,28440000,4510000,4250000,4890000,2260000,2,0,21-29,28896666.67,4550000,0.516011905,High,3,Low,Medium
CC101078,23,Female,High School,Single,Salaried,5000000,26000000,21,0,0,0,3230000,770000,1030000,1170000,320000,360000,10000,0,0,21-29,1676666.667,616666.6667,0.064487179,Low,1,No Late Payments,Low
CC101079,27,Male,Postgraduate,Married,Salaried,16900000,70000000,65,2,0,0,23680000,16360000,23910000,5750000,3840000,7330000,4910000,1,1,21-29,21316666.67,5640000,0.30452381,Moderate,2,Low,High
CC101080,31,Male,Postgraduate,Married,Salaried,16300000,55000000,58,0,0,0,37170000,37630000,34080000,14450000,10280000,9990000,1390000,0,0,30-39,36293333.33,11573333.33,0.659878788,High,3,No Late Payments,Medium
CC101081,33,Male,High School,Married,Salaried,8300000,45000000,86,0,1,0,21710000,24860000,13610000,6360000,2230000,2400000,1080000,1,0,30-39,20060000,3663333.333,0.445777778,Moderate,2,Low,Medium
CC101082,39,Female,Bachelor,Single,Self-employed,17800000,46000000,36,0,0,0,17680000,19970000,11190000,5000000,10970000,4770000,2280000,0,0,30-39,16280000,6913333.333,0.353913043,Moderate,2,No Late Payments,Medium
CC101083,31,Male,Bachelor,Married,Self-employed,16800000,99000000,38,0,0,0,59910000,56020000,64080000,26160000,12220000,17940000,590000,0,0,30-39,60003333.33,18773333.33,0.606094276,High,3,No Late Payments,High
CC101084,43,Female,Diploma,Married,Contract,8500000,35000000,124,0,0,2,6450000,4980000,4100000,6010000,870000,870000,1350000,3,0,40-49,5176666.667,2583333.333,0.147904762,Low,1,Moderate,Low
CC101085,40,Male,High School,Single,Other,10800000,30000000,59,0,2,3,17650000,19490000,16030000,5880000,5740000,460000,1870000,3,1,40-49,17723333.33,4026666.667,0.590777778,High,3,Moderate,Low
CC101086,37,Female,High School,Single,Government,11500000,31000000,125,0,0,0,3320000,1850000,9310000,1640000,790000,2780000,1040000,0,0,30-39,4826666.667,1736666.667,0.155698925,Low,1,No Late Payments,Low
CC101087,55,Male,Diploma,Other,Contract,10400000,57000000,168,1,3,0,20320000,17280000,10480000,3880000,740000,1520000,3540000,2,1,50-59,16026666.67,2046666.667,0.281169591,Moderate,2,Low,Medium
CC101088,41,Male,High School,Single,Government,13700000,94000000,103,0,0,0,16780000,34300000,39900000,7090000,20180000,16330000,5840000,0,0,40-49,30326666.67,14533333.33,0.322624113,Moderate,2,No Late Payments,High
CC101089,24,Female,High School,Single,Self-employed,5800000,26000000,10,0,0,0,11190000,10350000,11590000,3280000,3940000,2970000,230000,0,0,21-29,11043333.33,3396666.667,0.42474359,Moderate,2,No Late Payments,Low
CC101090,27,Male,Bachelor,Single,Salaried,10100000,31000000,14,0,0,0,5960000,7340000,6320000,2290000,4540000,3320000,400000,0,0,21-29,6540000,3383333.333,0.210967742,Low,1,No Late Payments,Low
CC101091,27,Male,Bachelor,Married,Self-employed,8400000,43000000,62,0,0,1,24280000,23700000,15430000,5180000,6910000,5890000,1390000,2,0,21-29,21136666.67,5993333.333,0.491550388,Moderate,2,Low,Medium
CC101092,27,Female,Bachelor,Married,Salaried,16600000,48000000,46,3,3,0,38170000,29960000,26540000,680000,6940000,830000,7150000,2,1,21-29,31556666.67,2816666.667,0.657430556,High,3,Low,Medium
CC101093,34,Female,Bachelor,Married,Other,6000000,24000000,101,0,2,0,17110000,11420000,11520000,8670000,2350000,9360000,850000,1,1,30-39,13350000,6793333.333,0.55625,High,3,Low,Low
CC101094,34,Male,Bachelor,Married,Salaried,9000000,46000000,106,1,1,0,26520000,27060000,26560000,6490000,3900000,8110000,3070000,2,0,30-39,26713333.33,6166666.667,0.580724638,High,3,Low,Medium
CC101095,28,Female,Diploma,Married,Salaried,5000000,21000000,66,3,3,0,13200000,12590000,13250000,980000,290000,1750000,1750000,2,1,21-29,13013333.33,1006666.667,0.61968254,High,3,Low,Low
CC101096,43,Male,Postgraduate,Other,Salaried,25900000,146000000,138,0,0,0,16790000,58370000,21160000,6030000,31830000,9410000,5610000,0,0,40-49,32106666.67,15756666.67,0.219908676,Low,1,No Late Payments,Very High
CC101097,26,Female,Diploma,Married,Self-employed,9700000,21000000,24,3,2,3,9330000,9930000,11950000,410000,1710000,410000,2140000,4,1,21-29,10403333.33,843333.3333,0.495396825,Moderate,2,Moderate,Low
CC101098,43,Female,Bachelor,Single,Self-employed,18000000,49000000,72,0,0,0,43950000,48750000,42670000,36300000,17430000,6160000,3380000,0,0,40-49,45123333.33,19963333.33,0.920884354,Very High,4,No Late Payments,Medium
CC101099,48,Male,Bachelor,Single,Government,14600000,92000000,172,0,0,0,20650000,33750000,28240000,20190000,17340000,8290000,540000,0,0,40-49,27546666.67,15273333.33,0.29942029,Moderate,2,No Late Payments,High
CC101100,48,Female,Bachelor,Married,Self-employed,13800000,70000000,146,3,3,0,33150000,32550000,39090000,2170000,5450000,38750000,3640000,2,1,40-49,34930000,15456666.67,0.499,Moderate,2,Low,High
CC101101,41,Male,High School,Married,Contract,8200000,45000000,39,2,1,0,22570000,28050000,31920000,520000,2840000,6000000,2070000,2,1,40-49,27513333.33,3120000,0.611407407,High,3,Low,Medium
CC101102,40,Female,Bachelor,Married,Self-employed,14400000,48000000,135,0,1,0,16480000,19500000,20380000,6310000,3750000,10430000,170000,2,0,40-49,18786666.67,6830000,0.391388889,Moderate,2,Low,Medium
CC101103,40,Male,High School,Married,Salaried,8800000,46000000,89,0,0,0,14670000,14340000,18040000,2540000,8040000,10450000,420000,0,0,40-49,15683333.33,7010000,0.340942029,Moderate,2,No Late Payments,Medium
CC101104,56,Female,High School,Married,Contract,11700000,74000000,138,0,0,0,19920000,31430000,24330000,5480000,14350000,9360000,1300000,0,0,50-59,25226666.67,9730000,0.340900901,Moderate,2,No Late Payments,High
CC101105,27,Female,High School,Single,Self-employed,8400000,41000000,23,0,0,2,20160000,18780000,17830000,6510000,7050000,3060000,1580000,3,0,21-29,18923333.33,5540000,0.461544715,Moderate,2,Moderate,Medium
CC101106,26,Female,Bachelor,Single,Salaried,11200000,66000000,53,0,0,0,16830000,17950000,12840000,11860000,15840000,6780000,1280000,0,0,21-29,15873333.33,11493333.33,0.240505051,Low,1,No Late Payments,High
CC101107,40,Male,Diploma,Married,Salaried,8700000,47000000,50,0,2,3,23100000,29530000,20120000,4650000,930000,890000,2420000,3,1,40-49,24250000,2156666.667,0.515957447,High,3,Moderate,Medium
CC101108,43,Female,High School,Married,Salaried,10200000,54000000,53,0,2,3,10350000,13640000,17480000,770000,820000,3150000,3630000,2,0,40-49,13823333.33,1580000,0.255987654,Moderate,2,Low,Medium
CC101109,31,Male,High School,Other,Contract,6500000,26000000,16,0,0,0,14140000,12520000,13710000,6920000,300000,4640000,1060000,1,0,30-39,13456666.67,3953333.333,0.517564103,High,3,Low,Low
CC101110,35,Female,Postgraduate,Single,Salaried,9500000,42000000,81,0,0,0,10200000,6060000,13590000,2470000,1670000,3820000,2700000,1,1,30-39,9950000,2653333.333,0.236904762,Low,1,Low,Medium
CC101111,21,Male,High School,Single,Contract,5000000,20000000,11,3,3,3,13590000,12270000,10710000,930000,1470000,280000,1100000,3,1,21-29,12190000,893333.3333,0.6095,High,3,Moderate,Low
CC101112,45,Male,High School,Married,Contract,9900000,46000000,175,0,3,3,29740000,30920000,31960000,8910000,590000,1760000,2560000,3,0,40-49,30873333.33,3753333.333,0.67115942,High,3,Moderate,Medium
CC101113,49,Male,Bachelor,Married,Contract,10200000,32000000,164,0,0,0,11260000,9570000,14940000,1510000,4130000,3630000,340000,1,0,40-49,11923333.33,3090000,0.372604167,Moderate,2,Low,Low
CC101114,38,Female,Bachelor,Single,Salaried,11200000,65000000,128,0,0,0,8930000,21880000,16690000,9060000,20570000,4620000,3120000,0,0,30-39,15833333.33,11416666.67,0.243589744,Low,1,No Late Payments,High
CC101115,21,Female,High School,Single,Salaried,5200000,24000000,4,0,0,0,8240000,8030000,10260000,8180000,2490000,8700000,480000,1,0,21-29,8843333.333,6456666.667,0.368472222,Moderate,2,Low,Low
CC101116,66,Male,Bachelor,Married,Government,9400000,38000000,163,0,0,0,15590000,12960000,12490000,9570000,4410000,11590000,760000,1,0,60+,13680000,8523333.333,0.36,Moderate,2,Low,Low
CC101117,30,Male,Bachelor,Married,Self-employed,16500000,54000000,66,0,1,0,890000,6920000,6880000,680000,1210000,3710000,2580000,1,0,30-39,4896666.667,1866666.667,0.090679012,Low,1,Low,Medium
CC101118,43,Male,Postgraduate,Married,Salaried,19100000,98000000,90,0,0,0,43660000,38390000,26020000,19000000,11300000,14480000,6610000,2,1,40-49,36023333.33,14926666.67,0.367585034,Moderate,2,Low,High
CC101119,37,Male,Diploma,Married,Government,9400000,39000000,95,0,0,0,24190000,22210000,23000000,23470000,8740000,7950000,1440000,0,0,30-39,23133333.33,13386666.67,0.593162393,High,3,No Late Payments,Low
CC101120,41,Male,Diploma,Married,Salaried,9300000,27000000,78,0,0,0,3440000,6040000,8000000,3240000,5610000,2810000,1570000,0,0,40-49,5826666.667,3886666.667,0.215802469,Low,1,No Late Payments,Low
CC101121,36,Female,Bachelor,Married,Self-employed,9900000,30000000,86,0,0,1,17390000,17260000,10930000,5590000,5280000,3150000,300000,1,0,30-39,15193333.33,4673333.333,0.506444444,High,3,Low,Low
CC101122,68,Male,Bachelor,Other,Self-employed,21000000,94000000,190,0,0,0,36400000,41050000,38260000,15280000,14810000,12520000,3850000,0,0,60+,38570000,14203333.33,0.410319149,Moderate,2,No Late Payments,High
CC101123,34,Male,Bachelor,Married,Salaried,16300000,54000000,52,0,0,0,22320000,22740000,23420000,10440000,6290000,6860000,7110000,0,0,30-39,22826666.67,7863333.333,0.422716049,Moderate,2,No Late Payments,Medium
CC101124,40,Male,Postgraduate,Single,Contract,15400000,60000000,44,3,2,2,34480000,34930000,26790000,3630000,2990000,960000,4290000,3,1,40-49,32066666.67,2526666.667,0.534444444,High,3,Moderate,High
CC101125,36,Male,Bachelor,Married,Contract,11500000,21000000,33,0,0,0,12410000,11360000,6940000,3380000,2510000,880000,1480000,0,0,30-39,10236666.67,2256666.667,0.487460317,Moderate,2,No Late Payments,Low
CC101126,40,Male,Diploma,Other,Salaried,9300000,55000000,91,0,0,0,47930000,43360000,36250000,9160000,4980000,12610000,3570000,0,0,40-49,42513333.33,8916666.667,0.772969697,Very High,4,No Late Payments,Medium
CC101127,37,Male,High School,Single,Government,11200000,52000000,59,0,0,0,11830000,8590000,6720000,5240000,3080000,2390000,3310000,0,0,30-39,9046666.667,3570000,0.173974359,Low,1,No Late Payments,Medium
CC101128,56,Female,Diploma,Single,Government,14600000,84000000,154,0,0,0,28930000,25130000,14570000,28090000,11900000,12950000,4400000,0,0,50-59,22876666.67,17646666.67,0.27234127,Moderate,2,No Late Payments,High
CC101129,45,Female,High School,Married,Government,13200000,72000000,52,0,0,0,19290000,19580000,20130000,9950000,18980000,8110000,980000,0,0,40-49,19666666.67,12346666.67,0.273148148,Moderate,2,No Late Payments,High
CC101130,51,Female,Bachelor,Married,Salaried,16400000,80000000,89,0,0,0,25520000,26340000,13180000,15940000,7600000,3580000,730000,0,0,50-59,21680000,9040000,0.271,Moderate,2,No Late Payments,High
CC101131,35,Male,Bachelor,Married,Government,15400000,56000000,96,0,0,0,9410000,12750000,13140000,2790000,4670000,3360000,2150000,1,0,30-39,11766666.67,3606666.667,0.210119048,Low,1,Low,Medium
CC101132,34,Male,High School,Married,Salaried,8300000,40000000,74,0,0,0,8060000,11680000,14550000,8230000,3060000,14100000,740000,0,0,30-39,11430000,8463333.333,0.28575,Moderate,2,No Late Payments,Medium
CC101133,40,Female,Diploma,Married,Other,13700000,62000000,62,0,0,0,51900000,39200000,40810000,19870000,6740000,4400000,5890000,0,0,40-49,43970000,10336666.67,0.709193548,High,3,No Late Payments,High
CC101134,40,Male,Bachelor,Other,Salaried,14500000,72000000,112,0,0,0,17930000,19880000,12280000,5220000,10100000,12000000,420000,0,0,40-49,16696666.67,9106666.667,0.231898148,Low,1,No Late Payments,High
CC101135,36,Female,Bachelor,Married,Government,12700000,55000000,63,0,0,0,26100000,21530000,10750000,12170000,8530000,9780000,650000,0,1,30-39,19460000,10160000,0.353818182,Moderate,2,No Late Payments,Medium
CC101136,55,Male,Diploma,Married,Salaried,9800000,44000000,93,0,0,0,15840000,16250000,18000000,4510000,9450000,15860000,3470000,0,0,50-59,16696666.67,9940000,0.379469697,Moderate,2,No Late Payments,Medium
CC101137,44,Male,Diploma,Single,Contract,5700000,21000000,90,0,0,0,14890000,11930000,9410000,6980000,4750000,8200000,870000,0,0,40-49,12076666.67,6643333.333,0.575079365,High,3,No Late Payments,Low
CC101138,28,Female,High School,Married,Contract,5300000,21000000,81,3,3,3,17850000,16790000,16830000,1950000,3910000,390000,1490000,3,1,21-29,17156666.67,2083333.333,0.816984127,Very High,4,Moderate,Low
CC101139,40,Male,High School,Other,Self-employed,11200000,65000000,105,2,3,0,36890000,39290000,45310000,1250000,3520000,16390000,2790000,2,1,40-49,40496666.67,7053333.333,0.623025641,High,3,Low,High
CC101140,30,Female,Diploma,Married,Salaried,11900000,54000000,69,0,0,0,33630000,20000000,16640000,15890000,9660000,15570000,560000,0,0,30-39,23423333.33,13706666.67,0.433765432,Moderate,2,No Late Payments,Medium
CC101141,37,Male,High School,Single,Contract,8900000,20000000,117,0,0,0,8940000,9900000,8990000,5630000,4530000,2780000,210000,1,0,30-39,9276666.667,4313333.333,0.463833333,Moderate,2,Low,Low
CC101142,52,Female,Bachelor,Married,Salaried,15900000,61000000,224,0,0,0,20960000,30640000,31280000,6170000,9150000,30810000,1970000,0,0,50-59,27626666.67,15376666.67,0.452896175,Moderate,2,No Late Payments,High
CC101143,31,Male,Bachelor,Single,Salaried,10800000,32000000,107,0,0,0,630000,1980000,2310000,420000,830000,1960000,2231061,0,1,30-39,1640000,1070000,0.05125,Low,1,No Late Payments,Low
CC101144,37,Female,High School,Single,Self-employed,12100000,60000000,127,0,1,0,24700000,32810000,37220000,6650000,3180000,6340000,1660000,1,0,30-39,31576666.67,5390000,0.526277778,High,3,Low,High
CC101145,21,Male,Bachelor,Single,Salaried,6400000,24000000,3,0,0,0,5490000,8270000,3640000,2090000,2840000,3070000,460000,1,0,21-29,5800000,2666666.667,0.241666667,Low,1,Low,Low
CC101146,40,Female,Bachelor,Single,Contract,15700000,64000000,50,2,3,0,43940000,47190000,48390000,5610000,1200000,48240000,2420000,2,1,40-49,46506666.67,18350000,0.726666667,High,3,Low,High
CC101147,47,Female,Diploma,Married,Salaried,9300000,49000000,141,0,1,0,27840000,25370000,21620000,10820000,4960000,9320000,1190000,1,0,40-49,24943333.33,8366666.667,0.509047619,High,3,Low,Medium
CC101148,30,Female,Bachelor,Married,Salaried,11900000,70000000,59,2,0,0,52260000,55660000,45480000,9400000,56170000,13460000,2700000,2,1,30-39,51133333.33,26343333.33,0.73047619,High,3,Low,High
CC101149,34,Female,Bachelor,Married,Salaried,10600000,57000000,116,0,0,0,17390000,28270000,18730000,8100000,4720000,9510000,2110000,1,0,30-39,21463333.33,7443333.333,0.376549708,Moderate,2,Low,Medium
CC101150,21,Male,High School,Single,Contract,6700000,20000000,30,3,0,3,12120000,11000000,10490000,220000,850000,340000,1050000,2,1,21-29,11203333.33,470000,0.560166667,High,3,Low,Low
CC101151,37,Male,Bachelor,Married,Contract,7600000,34000000,119,3,3,3,23890000,25020000,27880000,560000,410000,600000,3660000,3,1,30-39,25596666.67,523333.3333,0.752843137,Very High,4,Moderate,Low
CC101152,36,Female,High School,Single,Salaried,9500000,31000000,63,0,0,0,5700000,1550000,7780000,2000000,860000,6510000,560000,0,0,30-39,5010000,3123333.333,0.161612903,Low,1,No Late Payments,Low
CC101153,44,Female,High School,Married,Self-employed,15200000,63000000,70,1,0,0,32960000,29580000,26610000,1400000,14170000,22860000,2710000,2,0,40-49,29716666.67,12810000,0.471693122,Moderate,2,Low,High
CC101154,43,Female,Diploma,Married,Self-employed,9000000,42000000,134,0,0,0,17600000,14610000,14910000,9230000,6440000,4620000,1780000,0,0,40-49,15706666.67,6763333.333,0.373968254,Moderate,2,No Late Payments,Medium
CC101155,23,Male,Postgraduate,Single,Salaried,13800000,62000000,21,0,0,3,22020000,16530000,20460000,9320000,7650000,2810000,2060000,2,0,21-29,19670000,6593333.333,0.317258065,Moderate,2,Low,High
CC101156,44,Female,Bachelor,Married,Contract,13600000,65000000,114,0,1,0,13690000,18310000,18760000,6130000,5020000,15810000,710000,1,0,40-49,16920000,8986666.667,0.260307692,Moderate,2,Low,High
CC101157,33,Male,High School,Married,Government,8300000,39000000,95,2,2,0,10280000,13750000,14710000,2180000,4240000,5800000,4520000,2,1,30-39,12913333.33,4073333.333,0.331111111,Moderate,2,Low,Low
CC101158,46,Male,Bachelor,Married,Other,12400000,53000000,115,0,0,0,24030000,26530000,24980000,3780000,9060000,6340000,2820000,1,0,40-49,25180000,6393333.333,0.47509434,Moderate,2,Low,Medium
CC101159,44,Female,High School,Single,Salaried,9200000,49000000,168,0,0,0,7290000,4600000,11970000,1530000,1530000,5180000,3860000,0,0,40-49,7953333.333,2746666.667,0.162312925,Low,1,No Late Payments,Medium
CC101160,25,Male,Bachelor,Married,Salaried,10500000,44000000,13,0,3,0,22640000,27770000,15890000,10160000,1440000,1580000,4710000,2,0,21-29,22100000,4393333.333,0.502272727,High,3,Low,Medium
CC101161,34,Female,High School,Single,Government,8200000,42000000,36,0,0,0,7390000,10190000,12430000,3100000,4940000,4000000,2470000,0,0,30-39,10003333.33,4013333.333,0.238174603,Low,1,No Late Payments,Medium
CC101162,43,Male,Diploma,Married,Salaried,8900000,44000000,111,0,0,0,14020000,11570000,11090000,13930000,1860000,2520000,4600000,1,0,40-49,12226666.67,6103333.333,0.277878788,Moderate,2,Low,Medium
CC101163,60,Male,Diploma,Married,Self-employed,15800000,68000000,240,0,0,0,5750000,3000000,6870000,1370000,880000,6880000,1180000,0,0,60+,5206666.667,3043333.333,0.076568627,Low,1,No Late Payments,High
CC101164,38,Male,High School,Married,Salaried,15500000,80000000,61,0,0,0,39720000,41810000,46560000,16010000,39780000,14380000,3220000,0,0,30-39,42696666.67,23390000,0.533708333,High,3,No Late Payments,High
CC101165,42,Female,High School,Other,Self-employed,12700000,85000000,164,0,0,0,29080000,38610000,41010000,14720000,39490000,8570000,6020000,0,0,40-49,36233333.33,20926666.67,0.42627451,Moderate,2,No Late Payments,High
CC101166,30,Female,High School,Married,Salaried,7900000,47000000,71,0,0,1,21730000,26360000,20370000,5650000,8480000,3840000,620000,1,0,30-39,22820000,5990000,0.485531915,Moderate,2,Low,Medium
CC101167,42,Male,High School,Single,Self-employed,19800000,66000000,98,3,3,3,16990000,26580000,16400000,880000,700000,1210000,4220000,3,1,40-49,19990000,930000,0.302878788,Moderate,2,Moderate,High
CC101168,50,Female,Postgraduate,Married,Salaried,38900000,200000000,121,0,0,0,8660000,11480000,18630000,3880000,3910000,10610000,5790000,0,0,50-59,12923333.33,6133333.333,0.064616667,Low,1,No Late Payments,Very High
CC101169,35,Female,Bachelor,Married,Government,19400000,96000000,50,3,3,3,77770000,78170000,62160000,11270000,1270000,1060000,18060000,4,1,30-39,72700000,4533333.333,0.757291667,Very High,4,Moderate,High
CC101170,32,Male,High School,Single,Government,8400000,28000000,91,0,0,0,6580000,6610000,10610000,3280000,860000,9860000,70000,0,0,30-39,7933333.333,4666666.667,0.283333333,Moderate,2,No Late Payments,Low
CC101171,27,Female,Bachelor,Single,Salaried,9500000,44000000,84,0,0,0,32560000,28550000,36240000,9620000,8270000,31360000,2570000,0,0,21-29,32450000,16416666.67,0.7375,High,3,No Late Payments,Medium
CC101172,23,Male,Bachelor,Single,Contract,8700000,34000000,11,1,1,2,17830000,21190000,13680000,6260000,5980000,3250000,870000,3,1,21-29,17566666.67,5163333.333,0.516666667,High,3,Moderate,Low
CC101173,21,Female,Bachelor,Single,Self-employed,7700000,43000000,48,0,0,0,10080000,11940000,18490000,3320000,950000,4220000,1160000,0,0,21-29,13503333.33,2830000,0.314031008,Moderate,2,No Late Payments,Medium
CC101174,44,Male,Bachelor,Married,Contract,7400000,24000000,81,1,2,3,10520000,7530000,7400000,850000,2270000,400000,1520000,3,1,40-49,8483333.333,1173333.333,0.353472222,Moderate,2,Moderate,Low
CC101175,42,Male,High School,Married,Other,7200000,38000000,79,3,3,0,30830000,28980000,31350000,510000,850000,2900000,4550000,2,0,40-49,30386666.67,1420000,0.799649123,Very High,4,Low,Low
CC101176,39,Male,Bachelor,Married,Salaried,13600000,69000000,77,0,0,0,39110000,30050000,28900000,14080000,8070000,4070000,3580000,0,0,30-39,32686666.67,8740000,0.473719807,Moderate,2,No Late Payments,High
CC101177,42,Female,Bachelor,Married,Government,15700000,51000000,137,2,3,0,27940000,29670000,27320000,8850000,5900000,9600000,1880000,2,1,40-49,28310000,8116666.667,0.555098039,High,3,Low,Medium
CC101178,38,Female,High School,Single,Salaried,8400000,46000000,105,0,0,0,8840000,11120000,8540000,3930000,3370000,3910000,650000,1,0,30-39,9500000,3736666.667,0.206521739,Low,1,Low,Medium
CC101179,43,Male,Diploma,Married,Salaried,10300000,44000000,130,0,0,0,20240000,15640000,16610000,4550000,14340000,10050000,940000,0,0,40-49,17496666.67,9646666.667,0.397651515,Moderate,2,No Late Payments,Medium
CC101180,42,Male,Postgraduate,Married,Salaried,8700000,37000000,81,0,0,0,3820000,990000,420000,820000,700000,390000,1630000,0,0,40-49,1743333.333,636666.6667,0.047117117,Low,1,No Late Payments,Low
CC101181,26,Female,Postgraduate,Single,Salaried,9500000,40000000,41,1,0,0,3400000,4490000,6450000,490000,4360000,1420000,1770000,1,0,21-29,4780000,2090000,0.1195,Low,1,Low,Medium
CC101182,26,Male,High School,Single,Contract,5100000,20000000,48,0,0,0,7210000,6950000,3870000,2100000,1040000,3610000,1990000,0,0,21-29,6010000,2250000,0.3005,Moderate,2,No Late Payments,Low
CC101183,66,Male,Bachelor,Married,Self-employed,28300000,177000000,240,0,0,0,21920000,30320000,64320000,19990000,27580000,15720000,3220000,0,0,60+,38853333.33,21096666.67,0.219510358,Low,1,No Late Payments,Very High
CC101184,53,Male,Diploma,Married,Contract,6600000,24000000,217,0,0,0,6780000,3180000,2550000,3340000,1750000,1440000,2100000,0,1,50-59,4170000,2176666.667,0.17375,Low,1,No Late Payments,Low
CC101185,29,Female,Bachelor,Single,Salaried,10400000,58000000,60,0,0,0,8900000,15900000,17410000,5260000,8460000,5710000,2350000,0,0,21-29,14070000,6476666.667,0.242586207,Low,1,No Late Payments,Medium
CC101186,24,Female,Bachelor,Married,Self-employed,8100000,31000000,36,0,2,0,9040000,9150000,13150000,2230000,690000,3360000,580000,2,1,21-29,10446666.67,2093333.333,0.336989247,Moderate,2,Low,Low
CC101187,38,Female,Diploma,Married,Contract,8600000,22000000,136,0,0,0,6590000,3730000,7480000,2810000,3060000,6930000,820000,0,0,30-39,5933333.333,4266666.667,0.26969697,Moderate,2,No Late Payments,Low
CC101188,23,Female,Diploma,Other,Self-employed,14000000,81000000,34,0,0,0,9000000,26600000,6600000,2170000,8500000,3130000,1040000,0,1,21-29,14066666.67,4600000,0.173662551,Low,1,No Late Payments,High
CC101189,44,Male,Bachelor,Other,Salaried,16700000,91000000,156,0,0,0,69590000,70960000,62470000,64810000,35680000,9570000,6220000,1,0,40-49,67673333.33,36686666.67,0.743663004,High,3,Low,High
CC101190,25,Male,Postgraduate,Single,Self-employed,17100000,50000000,20,0,0,0,18290000,15520000,20910000,7930000,6390000,4480000,6950000,0,0,21-29,18240000,6266666.667,0.3648,Moderate,2,No Late Payments,Medium
CC101191,28,Female,Bachelor,Married,Contract,11800000,44000000,41,0,0,0,610000,2740000,10230000,550000,1060000,10000000,2150000,0,0,21-29,4526666.667,3870000,0.102878788,Low,1,No Late Payments,Medium
CC101192,21,Female,Diploma,Single,Self-employed,9500000,51000000,22,0,0,0,25320000,14880000,6760000,11810000,15300000,3470000,2610000,1,0,21-29,15653333.33,10193333.33,0.306928105,Moderate,2,Low,Medium
CC101193,33,Female,Bachelor,Married,Self-employed,21700000,79000000,54,0,0,0,15810000,13210000,0,2780000,4550000,0,7570000,0,0,30-39,9673333.333,2443333.333,0.122447257,Low,1,No Late Payments,High
CC101194,31,Male,Diploma,Married,Self-employed,12500000,57000000,91,0,0,0,27370000,32720000,28490000,12620000,14190000,9360000,3850000,0,0,30-39,29526666.67,12056666.67,0.518011696,High,3,No Late Payments,Medium
CC101195,36,Female,Diploma,Married,Other,6700000,46000000,84,3,3,1,20490000,31700000,36380000,4740000,970000,8000000,2070000,3,1,30-39,29523333.33,4570000,0.641811594,High,3,Moderate,Medium
CC101196,33,Male,Diploma,Single,Contract,6100000,20000000,88,0,0,0,7640000,12450000,13340000,990000,3840000,1540000,1290000,1,0,30-39,11143333.33,2123333.333,0.557166667,High,3,Low,Low
CC101197,39,Female,High School,Married,Self-employed,8700000,44000000,46,0,0,0,14380000,15840000,13510000,2720000,6830000,4070000,1710000,1,0,30-39,14576666.67,4540000,0.331287879,Moderate,2,Low,Medium
CC101198,44,Female,Diploma,Married,Self-employed,15200000,57000000,95,0,0,0,25430000,18340000,35830000,6700000,11300000,9820000,890000,0,0,40-49,26533333.33,9273333.333,0.465497076,Moderate,2,No Late Payments,Medium
CC101199,59,Female,Postgraduate,Married,Self-employed,29800000,107000000,116,0,0,0,32530000,47590000,35930000,8660000,49820000,14790000,3290000,0,0,50-59,38683333.33,24423333.33,0.36152648,Moderate,2,No Late Payments,Very High
CC101200,38,Male,High School,Married,Salaried,7100000,31000000,74,0,0,0,21440000,23200000,17050000,4580000,5010000,4040000,540000,0,0,30-39,20563333.33,4543333.333,0.663333333,High,3,No Late Payments,Low
CC101201,53,Female,High School,Married,Government,6000000,35000000,167,0,0,0,2820000,4730000,9130000,810000,940000,4260000,1470000,0,0,50-59,5560000,2003333.333,0.158857143,Low,1,No Late Payments,Low
CC101202,48,Female,High School,Married,Salaried,8700000,38000000,119,0,0,0,13480000,14230000,13550000,7530000,7890000,6770000,1480000,0,0,40-49,13753333.33,7396666.667,0.361929825,Moderate,2,No Late Payments,Low
CC101203,60,Female,Bachelor,Married,Salaried,15400000,86000000,240,0,0,0,48630000,51980000,40310000,12180000,14500000,9970000,1770000,0,1,60+,46973333.33,12216666.67,0.54620155,High,3,No Late Payments,High
CC101204,33,Male,Bachelor,Single,Self-employed,14700000,73000000,110,0,0,0,31200000,26890000,28580000,10200000,7360000,7380000,7020000,1,0,30-39,28890000,8313333.333,0.395753425,Moderate,2,Low,High
CC101205,44,Female,Bachelor,Single,Contract,12400000,43000000,124,0,0,0,18240000,15050000,7610000,8840000,7170000,2160000,1260000,1,0,40-49,13633333.33,6056666.667,0.317054264,Moderate,2,Low,Medium
CC101206,53,Female,Bachelor,Married,Salaried,15100000,92000000,230,0,1,0,50760000,49790000,40050000,21800000,4460000,9230000,1240000,1,0,50-59,46866666.67,11830000,0.50942029,High,3,Low,High
CC101207,56,Male,High School,Single,Salaried,8800000,40000000,240,0,0,0,21710000,20520000,25140000,5440000,8780000,8320000,1080000,0,0,50-59,22456666.67,7513333.333,0.561416667,High,3,No Late Payments,Medium
CC101208,48,Male,Diploma,Married,Salaried,11800000,65000000,162,0,0,0,23550000,13870000,21870000,22370000,3960000,22280000,3270000,1,0,40-49,19763333.33,16203333.33,0.304051282,Moderate,2,Low,High
CC101209,47,Female,Diploma,Other,Salaried,12800000,81000000,164,0,1,1,48930000,49540000,42450000,23320000,10270000,6860000,1660000,2,0,40-49,46973333.33,13483333.33,0.579917695,High,3,Low,High
CC101210,21,Male,Bachelor,Single,Salaried,7700000,41000000,19,0,0,2,21610000,25230000,17630000,10580000,6430000,5220000,1730000,2,1,21-29,21490000,7410000,0.524146341,High,3,Low,Medium
CC101211,39,Female,Bachelor,Married,Salaried,11000000,24000000,95,0,0,0,10230000,12680000,10110000,5210000,4190000,4120000,1030000,1,0,30-39,11006666.67,4506666.667,0.458611111,Moderate,2,Low,Low
CC101212,29,Female,High School,Married,Other,5000000,20000000,88,2,2,1,6410000,6570000,5980000,2720000,440000,2050000,1080000,3,1,21-29,6320000,1736666.667,0.316,Moderate,2,Moderate,Low
CC101213,50,Male,Bachelor,Married,Government,10800000,50000000,230,0,0,0,9910000,14660000,11310000,3700000,4920000,4180000,100000,1,0,50-59,11960000,4266666.667,0.2392,Low,1,Low,Medium
CC101214,40,Female,High School,Married,Salaried,14600000,66000000,115,0,0,0,28890000,29420000,26970000,2620000,24430000,5600000,150000,0,0,40-49,28426666.67,10883333.33,0.430707071,Moderate,2,No Late Payments,High
CC101215,30,Female,Postgraduate,Married,Salaried,18100000,72000000,39,0,0,0,54430000,49190000,51810000,56600000,16590000,22530000,2200000,0,0,30-39,51810000,31906666.67,0.719583333,High,3,No Late Payments,High
CC101216,28,Female,Diploma,Married,Contract,8100000,31000000,45,2,3,3,15070000,20000000,16360000,4770000,630000,2140000,1670000,3,1,21-29,17143333.33,2513333.333,0.553010753,High,3,Moderate,Low
CC101217,28,Female,Bachelor,Other,Salaried,9700000,35000000,54,0,0,0,10290000,13210000,11750000,3660000,2980000,6620000,4040000,0,0,21-29,11750000,4420000,0.335714286,Moderate,2,No Late Payments,Low
CC101218,39,Female,Diploma,Married,Government,8800000,49000000,138,0,0,0,80000,0,4730000,80000,0,1720000,2527674,1,0,30-39,1603333.333,600000,0.032721088,Low,1,Low,Medium
CC101219,40,Female,High School,Married,Contract,6000000,28000000,145,0,0,0,5750000,6550000,4260000,760000,5260000,2000000,1180000,1,0,40-49,5520000,2673333.333,0.197142857,Low,1,Low,Low
CC101220,51,Female,High School,Married,Salaried,8900000,36000000,84,1,2,2,11130000,10190000,12340000,2170000,570000,1640000,2450000,4,0,50-59,11220000,1460000,0.311666667,Moderate,2,Moderate,Low
CC101221,47,Female,High School,Married,Salaried,8500000,28000000,75,0,0,0,6800000,5410000,5810000,2560000,3620000,2150000,1130000,0,0,40-49,6006666.667,2776666.667,0.21452381,Low,1,No Late Payments,Low
CC101222,25,Female,Bachelor,Single,Government,12000000,44000000,23,0,1,1,20610000,16070000,12190000,10940000,3510000,4140000,430000,2,0,21-29,16290000,6196666.667,0.370227273,Moderate,2,Low,Medium
CC101223,34,Female,Diploma,Single,Salaried,9000000,43000000,86,2,1,0,28240000,31330000,33400000,9410000,9780000,9990000,3870000,3,0,30-39,30990000,9726666.667,0.720697674,High,3,Moderate,Medium
CC101224,29,Male,Bachelor,Single,Salaried,8600000,25000000,68,3,3,3,15850000,17530000,16790000,460000,320000,520000,2510000,3,1,21-29,16723333.33,433333.3333,0.668933333,High,3,Moderate,Low
CC101225,35,Male,Bachelor,Married,Government,17600000,90000000,39,2,2,0,27580000,20020000,18390000,2700000,3750000,18370000,3650000,3,1,30-39,21996666.67,8273333.333,0.244407407,Low,1,Moderate,High
CC101226,25,Female,Bachelor,Single,Salaried,7500000,29000000,36,3,3,3,11820000,12390000,12740000,310000,640000,330000,2460000,3,1,21-29,12316666.67,426666.6667,0.424712644,Moderate,2,Moderate,Low
CC101227,21,Male,High School,Single,Contract,6000000,20000000,23,0,0,0,3670000,30000,1500000,3290000,30000,760000,360000,0,0,21-29,1733333.333,1360000,0.086666667,Low,1,No Late Payments,Low
CC101228,41,Female,Diploma,Married,Salaried,14200000,67000000,106,0,0,0,33580000,28400000,43500000,10790000,8390000,11500000,2950000,0,0,40-49,35160000,10226666.67,0.524776119,High,3,No Late Payments,High
CC101229,21,Female,Diploma,Single,Other,6700000,30000000,24,0,0,0,17430000,16180000,17140000,5890000,4580000,3870000,2550000,0,0,21-29,16916666.67,4780000,0.563888889,High,3,No Late Payments,Low
CC101230,36,Male,Bachelor,Married,Contract,10200000,37000000,80,2,0,0,29340000,29950000,28690000,5400000,3160000,2390000,1830000,1,0,30-39,29326666.67,3650000,0.792612613,Very High,4,Low,Low
CC101231,48,Male,Bachelor,Single,Salaried,13500000,62000000,177,0,0,0,39160000,43100000,37100000,7720000,24580000,11280000,2740000,0,0,40-49,39786666.67,14526666.67,0.64172043,High,3,No Late Payments,High
CC101232,47,Female,Bachelor,Married,Salaried,18400000,92000000,129,0,0,0,21360000,26710000,43440000,7640000,10550000,39950000,3350000,0,0,40-49,30503333.33,19380000,0.331557971,Moderate,2,No Late Payments,High
CC101233,37,Male,Postgraduate,Married,Contract,11700000,59000000,80,0,0,0,3780000,4300000,5290000,750000,1540000,1640000,1740000,0,0,30-39,4456666.667,1310000,0.075536723,Low,1,No Late Payments,Medium
CC101234,43,Male,Bachelor,Married,Self-employed,13100000,66000000,138,3,1,3,36430000,39800000,29580000,720000,7640000,8850000,3730000,4,1,40-49,35270000,5736666.667,0.534393939,High,3,Moderate,High
CC101235,55,Male,Diploma,Married,Salaried,8500000,48000000,133,0,0,1,12970000,10140000,15210000,12760000,2440000,1220000,1840000,1,0,50-59,12773333.33,5473333.333,0.266111111,Moderate,2,Low,Medium
CC101236,49,Female,Postgraduate,Other,Salaried,18400000,78000000,108,1,2,0,44930000,53110000,45400000,21260000,15430000,47060000,4320000,2,1,40-49,47813333.33,27916666.67,0.612991453,High,3,Low,High
CC101237,53,Male,Bachelor,Married,Salaried,18100000,80000000,240,0,0,0,2140000,11090000,14150000,890000,4510000,8630000,1240000,0,0,50-59,9126666.667,4676666.667,0.114083333,Low,1,No Late Payments,High
CC101238,43,Female,Bachelor,Married,Salaried,19900000,106000000,113,0,0,0,26350000,31140000,24620000,11080000,3790000,19930000,1240000,0,1,40-49,27370000,11600000,0.258207547,Moderate,2,No Late Payments,Very High
CC101239,36,Female,Diploma,Other,Government,6800000,23000000,73,0,3,0,12190000,13340000,10050000,10250000,350000,3800000,1190000,1,0,30-39,11860000,4800000,0.515652174,High,3,Low,Low
CC101240,41,Male,High School,Married,Salaried,12200000,41000000,66,1,3,1,9420000,14950000,17200000,1060000,890000,2500000,2600000,4,1,40-49,13856666.67,1483333.333,0.33796748,Moderate,2,Moderate,Medium
CC101241,38,Female,Diploma,Other,Self-employed,8100000,40000000,147,0,1,0,11320000,16350000,17040000,4940000,6510000,5070000,1300000,1,1,30-39,14903333.33,5506666.667,0.372583333,Moderate,2,Low,Medium
CC101242,41,Female,Diploma,Married,Government,13300000,94000000,137,2,1,0,57510000,52580000,53350000,10030000,4350000,13790000,4020000,2,1,40-49,54480000,9390000,0.579574468,High,3,Low,High
CC101243,47,Male,Postgraduate,Single,Self-employed,20200000,84000000,108,2,0,0,60070000,57530000,64190000,13260000,12080000,22710000,8070000,1,0,40-49,60596666.67,16016666.67,0.721388889,High,3,Low,High
CC101244,21,Female,Bachelor,Married,Salaried,7800000,20000000,8,0,0,0,15240000,13770000,14300000,6140000,11180000,2890000,970000,2,0,21-29,14436666.67,6736666.667,0.721833333,High,3,Low,Low
CC101245,45,Male,Diploma,Married,Salaried,13100000,47000000,77,1,0,0,26830000,17560000,21360000,6740000,1950000,1660000,1190000,1,0,40-49,21916666.67,3450000,0.466312057,Moderate,2,Low,Medium
CC101246,49,Female,Bachelor,Married,Salaried,17000000,85000000,158,3,3,0,39280000,30370000,26380000,1840000,3170000,6610000,4120000,2,1,40-49,32010000,3873333.333,0.376588235,Moderate,2,Low,High
CC101247,38,Female,Bachelor,Married,Government,11500000,61000000,94,0,1,0,9660000,23540000,11690000,4880000,7310000,4870000,640000,1,0,30-39,14963333.33,5686666.667,0.245300546,Low,1,Low,High
CC101248,33,Female,Diploma,Married,Salaried,11700000,54000000,73,0,0,1,24280000,28060000,24460000,22410000,10250000,2960000,2250000,1,0,30-39,25600000,11873333.33,0.474074074,Moderate,2,Low,Medium
CC101249,31,Male,Bachelor,Single,Salaried,10800000,61000000,9,0,0,0,15460000,20810000,15140000,6650000,9010000,4640000,10100000,1,0,30-39,17136666.67,6766666.667,0.280928962,Moderate,2,Low,High
CC101250,49,Female,Postgraduate,Married,Salaried,21800000,53000000,174,0,0,0,9780000,4350000,10290000,4040000,680000,3730000,4790000,0,0,40-49,8140000,2816666.667,0.153584906,Low,1,No Late Payments,Medium
CC101251,40,Male,Postgraduate,Married,Salaried,21200000,70000000,131,0,0,0,15410000,14900000,9950000,5760000,7110000,3760000,4150000,0,0,40-49,13420000,5543333.333,0.191714286,Low,1,No Late Payments,High
CC101252,44,Male,Bachelor,Married,Government,10400000,48000000,60,3,3,0,13960000,11150000,17510000,930000,530000,6660000,7300000,2,1,40-49,14206666.67,2706666.667,0.295972222,Moderate,2,Low,Medium
CC101253,21,Female,Bachelor,Married,Salaried,8400000,44000000,42,0,0,0,44200000,33920000,28450000,41610000,11990000,11210000,3210000,0,0,21-29,35523333.33,21603333.33,0.807348485,Very High,4,No Late Payments,Medium
CC101254,53,Female,High School,Other,Government,9400000,53000000,186,0,0,0,22920000,17250000,17050000,10230000,15020000,6420000,2000000,1,0,50-59,19073333.33,10556666.67,0.359874214,Moderate,2,Low,Medium
CC101255,21,Female,Bachelor,Single,Other,5200000,20000000,16,0,0,0,16760000,14510000,16830000,15520000,3340000,430000,4210000,1,0,21-29,16033333.33,6430000,0.801666667,Very High,4,Low,Low
CC101256,46,Male,Diploma,Married,Contract,12800000,53000000,202,0,0,0,22810000,30380000,36460000,9460000,1350000,11060000,3470000,1,0,40-49,29883333.33,7290000,0.563836478,High,3,Low,Medium
CC101257,29,Female,Bachelor,Married,Salaried,6700000,21000000,72,0,2,3,6990000,9640000,4190000,1250000,970000,430000,1740000,2,1,21-29,6940000,883333.3333,0.33047619,Moderate,2,Low,Low
CC101258,32,Female,Bachelor,Married,Other,7200000,38000000,99,1,3,3,37960000,38030000,29180000,1630000,490000,420000,4870000,3,1,30-39,35056666.67,846666.6667,0.92254386,Very High,4,Moderate,Low
CC101259,32,Female,High School,Married,Government,7200000,34000000,72,2,0,0,15480000,14580000,14540000,930000,3790000,13040000,1340000,1,1,30-39,14866666.67,5920000,0.437254902,Moderate,2,Low,Low
CC101260,35,Female,Diploma,Married,Government,9200000,44000000,70,0,0,3,21900000,24770000,26560000,4140000,7940000,2270000,2150000,2,0,30-39,24410000,4783333.333,0.554772727,High,3,Low,Medium
CC101261,58,Male,High School,Married,Salaried,6200000,41000000,165,0,0,0,10160000,6260000,7900000,1990000,2340000,4300000,2860000,1,0,50-59,8106666.667,2876666.667,0.197723577,Low,1,Low,Medium
CC101262,29,Female,Bachelor,Married,Contract,8500000,29000000,65,0,0,0,10140000,10230000,8600000,3270000,3670000,1740000,450000,1,0,21-29,9656666.667,2893333.333,0.332988506,Moderate,2,Low,Low
CC101263,36,Male,High School,Married,Salaried,7400000,35000000,136,0,0,0,33430000,30210000,30410000,13240000,11340000,11680000,1950000,0,0,30-39,31350000,12086666.67,0.895714286,Very High,4,No Late Payments,Low
CC101264,47,Female,Diploma,Married,Salaried,18700000,111000000,172,0,0,0,46040000,75760000,61340000,17290000,77150000,50130000,5260000,0,0,40-49,61046666.67,48190000,0.54996997,High,3,No Late Payments,Very High
CC101265,33,Female,Bachelor,Married,Contract,8600000,41000000,33,0,2,2,30350000,24460000,17220000,11250000,10040000,490000,1070000,3,1,30-39,24010000,7260000,0.585609756,High,3,Moderate,Medium
CC101266,53,Female,Bachelor,Other,Salaried,13400000,37000000,139,0,0,0,12210000,13140000,9870000,4880000,5690000,3450000,430000,0,1,50-59,11740000,4673333.333,0.317297297,Moderate,2,No Late Payments,Low
CC101267,33,Male,Diploma,Single,Salaried,5700000,37000000,36,0,0,0,16810000,18740000,18680000,4300000,9310000,15610000,540000,0,0,30-39,18076666.67,9740000,0.488558559,Moderate,2,No Late Payments,Low
CC101268,31,Female,Diploma,Married,Contract,6200000,25000000,41,2,0,0,11970000,12550000,12730000,2930000,450000,1570000,2830000,2,0,30-39,12416666.67,1650000,0.496666667,Moderate,2,Low,Low
CC101269,52,Female,High School,Married,Contract,14200000,86000000,207,0,0,0,16500000,29840000,27150000,15750000,9440000,17140000,1300000,0,0,50-59,24496666.67,14110000,0.284844961,Moderate,2,No Late Payments,High
CC101270,50,Male,Diploma,Other,Self-employed,16200000,95000000,131,1,0,0,36070000,32200000,26410000,9560000,13550000,10710000,8340000,1,0,50-59,31560000,11273333.33,0.332210526,Moderate,2,Low,High
CC101271,34,Male,Bachelor,Single,Government,13600000,54000000,105,0,0,0,24670000,14400000,12160000,5520000,14940000,1350000,670000,0,0,30-39,17076666.67,7270000,0.316234568,Moderate,2,No Late Payments,Medium
CC101272,52,Female,Bachelor,Married,Government,18400000,111000000,202,0,1,3,93560000,92260000,81290000,16800000,7080000,2740000,5800000,3,1,50-59,89036666.67,8873333.333,0.802132132,Very High,4,Moderate,Very High
CC101273,36,Male,Diploma,Married,Government,10500000,39000000,124,0,1,0,18950000,20450000,20680000,3390000,710000,9670000,1060000,2,1,30-39,20026666.67,4590000,0.513504274,High,3,Low,Low
CC101274,35,Female,Bachelor,Married,Self-employed,9500000,56000000,68,0,0,0,22240000,16580000,17510000,10770000,16720000,5300000,2950000,1,0,30-39,18776666.67,10930000,0.335297619,Moderate,2,Low,Medium
CC101275,47,Male,Postgraduate,Other,Salaried,22300000,86000000,148,0,0,0,43710000,33960000,23280000,38700000,27620000,21820000,2780000,0,0,40-49,33650000,29380000,0.39127907,Moderate,2,No Late Payments,High
CC101276,28,Female,High School,Single,Salaried,6700000,20000000,42,0,0,2,3730000,3420000,5090000,1040000,3380000,770000,250000,1,0,21-29,4080000,1730000,0.204,Low,1,Low,Low
CC101277,24,Female,Bachelor,Single,Contract,9300000,36000000,29,2,3,2,26240000,30690000,28740000,590000,5700000,580000,1320000,5,1,21-29,28556666.67,2290000,0.793240741,Very High,4,High,Low
CC101278,51,Female,Bachelor,Other,Salaried,19800000,93000000,133,0,0,0,25800000,12430000,12140000,8030000,12710000,4670000,1740000,0,0,50-59,16790000,8470000,0.180537634,Low,1,No Late Payments,High
CC101279,29,Male,Bachelor,Married,Government,10900000,44000000,47,0,0,0,3060000,3850000,0,1650000,1310000,0,1970000,0,0,21-29,2303333.333,986666.6667,0.052348485,Low,1,No Late Payments,Medium
CC101280,41,Male,High School,Other,Other,10100000,37000000,124,2,3,0,21150000,25110000,20810000,930000,660000,9830000,3660000,3,1,40-49,22356666.67,3806666.667,0.604234234,High,3,Moderate,Low
CC101281,58,Female,Bachelor,Married,Self-employed,15800000,118000000,153,1,0,0,45950000,40240000,53900000,19070000,9700000,8900000,3220000,1,0,50-59,46696666.67,12556666.67,0.395734463,Moderate,2,Low,Very High
CC101282,31,Female,Postgraduate,Married,Salaried,21300000,144000000,113,3,1,0,105360000,98060000,101890000,1540000,11780000,40320000,17530000,3,1,30-39,101770000,17880000,0.706736111,High,3,Moderate,Very High
CC101283,42,Male,High School,Married,Other,7100000,20000000,107,0,0,0,8870000,8350000,5540000,7630000,8710000,3120000,820000,0,1,40-49,7586666.667,6486666.667,0.379333333,Moderate,2,No Late Payments,Low
CC101284,39,Female,Postgraduate,Married,Salaried,19800000,95000000,63,0,0,0,11250000,0,8490000,2790000,0,3480000,4780000,0,0,30-39,6580000,2090000,0.069263158,Low,1,No Late Payments,High
CC101285,51,Female,High School,Married,Self-employed,16400000,64000000,69,0,1,0,21510000,14940000,16260000,11000000,4640000,5940000,740000,1,0,50-59,17570000,7193333.333,0.27453125,Moderate,2,Low,High
CC101286,38,Male,Bachelor,Other,Contract,8300000,38000000,112,0,0,0,25410000,19700000,25750000,13420000,5330000,11480000,900000,0,0,30-39,23620000,10076666.67,0.621578947,High,3,No Late Payments,Low
CC101287,38,Female,High School,Married,Self-employed,9800000,37000000,132,0,2,0,11750000,8260000,6840000,1550000,1550000,2460000,3500000,2,0,30-39,8950000,1853333.333,0.241891892,Low,1,Low,Low
CC101288,27,Female,Bachelor,Married,Government,9500000,43000000,34,0,0,0,12420000,8240000,4540000,7070000,2610000,1610000,1670000,0,0,21-29,8400000,3763333.333,0.195348837,Low,1,No Late Payments,Medium
CC101289,36,Female,Diploma,Single,Salaried,9300000,53000000,81,3,2,0,22590000,17610000,22310000,640000,3040000,6940000,2420000,2,1,30-39,20836666.67,3540000,0.393144654,Moderate,2,Low,Medium
CC101290,21,Female,Diploma,Married,Salaried,7600000,26000000,48,0,0,0,4980000,4970000,4470000,1890000,4740000,2280000,960000,0,0,21-29,4806666.667,2970000,0.184871795,Low,1,No Late Payments,Low
CC101291,27,Male,Diploma,Single,Self-employed,13600000,61000000,21,0,3,0,19100000,16170000,24450000,19210000,770000,9820000,5010000,1,0,21-29,19906666.67,9933333.333,0.326338798,Moderate,2,Low,High
CC101292,34,Female,Diploma,Married,Government,12500000,72000000,60,3,3,3,47090000,44190000,44980000,780000,3410000,1590000,2240000,3,1,30-39,45420000,1926666.667,0.630833333,High,3,Moderate,High
CC101293,31,Male,High School,Married,Self-employed,6000000,27000000,45,1,3,2,21580000,25590000,20990000,590000,1190000,4910000,2090000,3,0,30-39,22720000,2230000,0.841481481,Very High,4,Moderate,Low
CC101294,49,Female,Postgraduate,Single,Contract,10100000,42000000,148,1,2,0,13640000,14650000,13680000,1620000,2470000,4200000,1540000,3,1,40-49,13990000,2763333.333,0.333095238,Moderate,2,Moderate,Medium
CC101295,38,Female,Bachelor,Single,Government,19000000,89000000,82,0,0,0,75630000,67710000,81500000,17050000,22780000,41480000,1130000,1,0,30-39,74946666.67,27103333.33,0.842097378,Very High,4,Low,High
CC101296,37,Female,Bachelor,Married,Salaried,10300000,51000000,126,0,0,0,29480000,23330000,20540000,27910000,6140000,8430000,240000,1,0,30-39,24450000,14160000,0.479411765,Moderate,2,Low,Medium
CC101297,37,Male,Postgraduate,Married,Government,16600000,68000000,117,0,0,0,25950000,30080000,26390000,15580000,11240000,7720000,1530000,0,0,30-39,27473333.33,11513333.33,0.404019608,Moderate,2,No Late Payments,High
CC101298,47,Male,Diploma,Married,Government,11800000,46000000,135,0,0,1,19340000,22850000,13560000,7810000,7290000,2920000,590000,2,0,40-49,18583333.33,6006666.667,0.403985507,Moderate,2,Low,Medium
CC101299,30,Female,Bachelor,Married,Contract,14000000,77000000,53,2,3,2,27280000,35780000,45630000,4340000,1090000,5800000,3630000,4,1,30-39,36230000,3743333.333,0.470519481,Moderate,2,Moderate,High
CC101300,48,Male,High School,Single,Salaried,8900000,59000000,71,1,0,0,36290000,20420000,15520000,9150000,6450000,6260000,5110000,1,0,40-49,24076666.67,7286666.667,0.408079096,Moderate,2,Low,Medium
CC101301,51,Male,Postgraduate,Married,Self-employed,21100000,115000000,124,0,0,0,15090000,19500000,23880000,8070000,9040000,21220000,910000,1,1,50-59,19490000,12776666.67,0.169478261,Low,1,Low,Very High
CC101302,38,Male,Bachelor,Married,Contract,7900000,30000000,92,0,0,0,7710000,8660000,13440000,1220000,2000000,3680000,1900000,0,0,30-39,9936666.667,2300000,0.331222222,Moderate,2,No Late Payments,Low
CC101303,34,Female,Bachelor,Married,Other,10500000,49000000,96,0,0,0,33540000,26880000,21880000,6910000,9460000,3300000,3710000,1,0,30-39,27433333.33,6556666.667,0.559863946,High,3,Low,Medium
CC101304,36,Male,Bachelor,Married,Salaried,10900000,55000000,98,2,0,2,16960000,26430000,25910000,4630000,23350000,2150000,3520000,2,0,30-39,23100000,10043333.33,0.42,Moderate,2,Low,Medium
CC101305,39,Female,Bachelor,Married,Salaried,19300000,103000000,48,0,1,0,49990000,57640000,59170000,41890000,17300000,17550000,880000,1,0,30-39,55600000,25580000,0.539805825,High,3,Low,Very High
CC101306,36,Female,High School,Other,Salaried,11000000,36000000,104,0,0,0,7230000,1940000,5400000,1910000,690000,1650000,1380000,0,0,30-39,4856666.667,1416666.667,0.134907407,Low,1,No Late Payments,Low
CC101307,37,Female,Bachelor,Single,Self-employed,14500000,87000000,103,3,3,3,66900000,68060000,77160000,1100000,6910000,1300000,6400000,3,1,30-39,70706666.67,3103333.333,0.812720307,Very High,4,Moderate,High
CC101308,35,Male,Postgraduate,Single,Self-employed,13800000,54000000,60,0,0,0,7150000,4150000,10460000,6200000,4120000,5810000,3360000,0,0,30-39,7253333.333,5376666.667,0.134320988,Low,1,No Late Payments,Medium
CC101309,31,Female,Diploma,Married,Salaried,8000000,48000000,70,0,0,0,12350000,15860000,17740000,12390000,2510000,7070000,3170000,0,0,30-39,15316666.67,7323333.333,0.319097222,Moderate,2,No Late Payments,Medium
CC101310,56,Male,Bachelor,Other,Government,10900000,78000000,240,0,0,0,19700000,27920000,31240000,3780000,7330000,12030000,2280000,0,0,50-59,26286666.67,7713333.333,0.337008547,Moderate,2,No Late Payments,High
CC101311,37,Male,Diploma,Single,Salaried,11300000,53000000,61,0,0,0,1820000,12230000,6650000,1700000,5090000,3190000,370000,0,0,30-39,6900000,3326666.667,0.130188679,Low,1,No Late Payments,Medium
CC101312,36,Female,Postgraduate,Married,Self-employed,21300000,107000000,122,0,0,0,67890000,50970000,30840000,22760000,46910000,10950000,6450000,1,0,30-39,49900000,26873333.33,0.46635514,Moderate,2,Low,Very High
CC101313,21,Female,High School,Married,Government,5700000,32000000,3,2,0,0,31870000,29570000,23540000,4390000,16150000,7830000,1830000,3,0,21-29,28326666.67,9456666.667,0.885208333,Very High,4,Moderate,Low
CC101314,40,Male,Bachelor,Married,Salaried,16200000,54000000,56,0,0,0,31530000,36930000,30660000,16790000,22260000,18220000,1930000,0,0,40-49,33040000,19090000,0.611851852,High,3,No Late Payments,Medium
CC101315,35,Female,High School,Single,Salaried,9300000,39000000,97,2,0,0,27870000,20860000,22440000,3110000,7400000,3600000,900000,1,0,30-39,23723333.33,4703333.333,0.608290598,High,3,Low,Low
CC101316,38,Male,Postgraduate,Married,Government,15700000,92000000,81,0,0,0,53260000,46880000,44970000,24240000,15490000,16760000,2160000,0,0,30-39,48370000,18830000,0.52576087,High,3,No Late Payments,High
CC101317,34,Female,Bachelor,Married,Salaried,7500000,27000000,82,2,0,0,20440000,14620000,12130000,3410000,5220000,3090000,780000,1,0,30-39,15730000,3906666.667,0.582592593,High,3,Low,Low
CC101318,36,Female,High School,Married,Salaried,5400000,32000000,108,0,0,0,9050000,11770000,5210000,2070000,6730000,5000000,510000,1,0,30-39,8676666.667,4600000,0.271145833,Moderate,2,Low,Low
CC101319,29,Female,Diploma,Married,Contract,6000000,22000000,53,3,3,0,17550000,17000000,17860000,1330000,4270000,5920000,1790000,2,1,21-29,17470000,3840000,0.794090909,Very High,4,Low,Low
CC101320,54,Female,Bachelor,Married,Government,23200000,135000000,153,2,1,1,60800000,46800000,58990000,13240000,9550000,8980000,3210000,4,1,50-59,55530000,10590000,0.411333333,Moderate,2,Moderate,Very High
CC101321,53,Male,Bachelor,Married,Salaried,12100000,71000000,139,0,0,0,18990000,11720000,12320000,5690000,4530000,4580000,8540000,1,0,50-59,14343333.33,4933333.333,0.202018779,Low,1,Low,High
CC101322,39,Female,Diploma,Married,Government,13000000,71000000,109,0,0,0,27220000,30710000,39790000,24080000,11590000,15670000,430000,0,0,30-39,32573333.33,17113333.33,0.458779343,Moderate,2,No Late Payments,High
CC101323,26,Male,High School,Other,Salaried,8400000,29000000,48,0,0,0,20180000,16220000,15750000,18750000,5890000,3970000,970000,0,0,21-29,17383333.33,9536666.667,0.599425287,High,3,No Late Payments,Low
CC101324,41,Female,High School,Married,Government,8900000,37000000,137,0,0,1,9200000,20250000,24250000,2980000,3350000,4740000,1090000,1,0,40-49,17900000,3690000,0.483783784,Moderate,2,Low,Low
CC101325,25,Female,Postgraduate,Married,Salaried,11200000,35000000,30,0,0,0,10470000,14630000,11800000,6040000,2650000,4040000,950000,0,0,21-29,12300000,4243333.333,0.351428571,Moderate,2,No Late Payments,Low
CC101326,37,Female,High School,Married,Contract,7500000,22000000,143,2,1,3,13000000,11260000,10590000,910000,3230000,310000,710000,4,1,30-39,11616666.67,1483333.333,0.528030303,High,3,Moderate,Low
CC101327,32,Male,Bachelor,Single,Contract,9700000,33000000,60,2,2,2,21600000,18420000,17110000,2090000,580000,680000,3190000,3,0,30-39,19043333.33,1116666.667,0.577070707,High,3,Moderate,Low
CC101328,57,Male,Postgraduate,Married,Salaried,18700000,84000000,240,0,0,0,39640000,33730000,37390000,18990000,13120000,13780000,6790000,0,0,50-59,36920000,15296666.67,0.43952381,Moderate,2,No Late Payments,High
CC101329,45,Female,Postgraduate,Married,Contract,14900000,69000000,99,0,0,0,5670000,14300000,21210000,4760000,5560000,12730000,460000,0,0,40-49,13726666.67,7683333.333,0.198937198,Low,1,No Late Payments,High
CC101330,34,Female,High School,Married,Salaried,6300000,26000000,77,0,0,0,8280000,6760000,8990000,4180000,3130000,1860000,60000,0,0,30-39,8010000,3056666.667,0.308076923,Moderate,2,No Late Payments,Low
CC101331,44,Female,High School,Single,Contract,8600000,41000000,71,0,0,0,33680000,33090000,24440000,5230000,7230000,5920000,1150000,1,0,40-49,30403333.33,6126666.667,0.741544715,High,3,Low,Medium
CC101332,26,Female,Bachelor,Single,Contract,9100000,34000000,36,0,0,0,7370000,10940000,8450000,7650000,3890000,4570000,1730000,0,0,21-29,8920000,5370000,0.262352941,Moderate,2,No Late Payments,Low
CC101333,49,Female,Bachelor,Married,Contract,10600000,50000000,193,3,3,3,37200000,39020000,41780000,990000,850000,820000,4870000,3,1,40-49,39333333.33,886666.6667,0.786666667,Very High,4,Moderate,Medium
CC101334,28,Female,Bachelor,Single,Self-employed,17800000,111000000,47,1,0,0,1220000,20000,11910000,1220000,20000,2420000,2710000,2,0,21-29,4383333.333,1220000,0.039489489,Low,1,Low,Very High
CC101335,41,Male,Postgraduate,Married,Salaried,17700000,83000000,86,0,0,0,25510000,14790000,25170000,22570000,6060000,14430000,3090000,0,0,40-49,21823333.33,14353333.33,0.262931727,Moderate,2,No Late Payments,High
CC101336,32,Male,Bachelor,Married,Salaried,17000000,78000000,58,0,0,0,7260000,7780000,5260000,3600000,1340000,1550000,5170000,1,0,30-39,6766666.667,2163333.333,0.086752137,Low,1,Low,High
CC101337,30,Male,Diploma,Married,Salaried,9500000,39000000,42,0,0,0,8240000,10280000,8190000,8640000,9430000,3160000,1520000,0,0,30-39,8903333.333,7076666.667,0.228290598,Low,1,No Late Payments,Low
CC101338,26,Male,Bachelor,Married,Salaried,14200000,51000000,40,0,2,3,30200000,27280000,20950000,5670000,4760000,1140000,2940000,2,0,21-29,26143333.33,3856666.667,0.512614379,High,3,Low,Medium
CC101339,36,Female,High School,Married,Salaried,6900000,41000000,135,0,0,0,21000000,26340000,18330000,6420000,26480000,5530000,1600000,1,0,30-39,21890000,12810000,0.533902439,High,3,Low,Medium
CC101340,35,Female,Bachelor,Single,Government,21400000,129000000,52,0,0,0,3810000,17050000,7470000,2100000,6240000,3210000,6630000,0,0,30-39,9443333.333,3850000,0.073204134,Low,1,No Late Payments,Very High
CC101341,44,Male,High School,Married,Salaried,10400000,63000000,111,0,0,0,33210000,41750000,28600000,12310000,37960000,6320000,3690000,1,0,40-49,34520000,18863333.33,0.547936508,High,3,Low,High
CC101342,47,Male,High School,Single,Government,8900000,52000000,184,0,0,0,8320000,10890000,9690000,5080000,4870000,5770000,2690000,0,0,40-49,9633333.333,5240000,0.18525641,Low,1,No Late Payments,Medium
CC101343,43,Female,Diploma,Married,Contract,6800000,24000000,64,0,0,1,6290000,5070000,340000,2640000,2750000,340000,550000,1,0,40-49,3900000,1910000,0.1625,Low,1,Low,Low
CC101344,60,Female,Bachelor,Married,Contract,10300000,55000000,240,3,3,3,28320000,23080000,17970000,4460000,640000,1350000,4700000,4,1,60+,23123333.33,2150000,0.420424242,Moderate,2,Moderate,Medium
CC101345,50,Female,High School,Married,Salaried,10000000,60000000,196,1,0,0,24670000,23350000,16960000,8390000,9670000,9190000,240000,1,0,50-59,21660000,9083333.333,0.361,Moderate,2,Low,High
CC101346,42,Female,Bachelor,Married,Government,15600000,83000000,51,0,0,0,41970000,53100000,28240000,39530000,11100000,13480000,1240000,1,1,40-49,41103333.33,21370000,0.495220884,Moderate,2,Low,High
CC101347,39,Female,Bachelor,Single,Salaried,11000000,63000000,99,0,0,0,45870000,39730000,43980000,25700000,8780000,12340000,1540000,1,0,30-39,43193333.33,15606666.67,0.685608466,High,3,Low,High
CC101348,44,Female,Bachelor,Married,Salaried,10300000,36000000,95,0,0,0,18830000,12450000,11730000,8940000,8030000,4880000,900000,0,0,40-49,14336666.67,7283333.333,0.398240741,Moderate,2,No Late Payments,Low
CC101349,22,Male,Bachelor,Single,Salaried,13100000,62000000,21,0,1,0,48480000,46970000,30270000,42860000,13200000,11400000,3720000,1,0,21-29,41906666.67,22486666.67,0.675913978,High,3,Low,High
CC101350,43,Female,Diploma,Single,Self-employed,15500000,77000000,116,0,0,0,25400000,24720000,23390000,8260000,12770000,9740000,1290000,0,0,40-49,24503333.33,10256666.67,0.318225108,Moderate,2,No Late Payments,High
CC101351,29,Male,Bachelor,Married,Salaried,10400000,48000000,28,0,2,2,29450000,27670000,20310000,13500000,830000,650000,4390000,3,0,21-29,25810000,4993333.333,0.537708333,High,3,Moderate,Medium
CC101352,45,Male,High School,Other,Government,8300000,20000000,106,3,0,0,9000000,7310000,8200000,270000,1790000,2890000,770000,2,1,40-49,8170000,1650000,0.4085,Moderate,2,Low,Low
CC101353,38,Female,Bachelor,Married,Contract,10200000,50000000,114,0,1,0,17140000,15200000,17460000,16870000,6960000,9460000,1440000,1,0,30-39,16600000,11096666.67,0.332,Moderate,2,Low,Medium
CC101354,44,Male,High School,Married,Self-employed,18000000,93000000,68,0,0,0,53130000,39430000,38040000,22310000,11330000,19470000,3070000,0,0,40-49,43533333.33,17703333.33,0.468100358,Moderate,2,No Late Payments,High
CC101355,41,Female,Diploma,Married,Contract,9600000,47000000,148,0,0,0,8670000,8780000,8800000,1420000,2790000,3290000,650000,0,0,40-49,8750000,2500000,0.186170213,Low,1,No Late Payments,Medium
CC101356,31,Female,Diploma,Married,Contract,9700000,47000000,77,0,0,0,9170000,11840000,6360000,5600000,9590000,1170000,1190000,0,0,30-39,9123333.333,5453333.333,0.194113475,Low,1,No Late Payments,Medium
CC101357,22,Male,Diploma,Single,Salaried,8400000,33000000,29,1,0,0,8260000,15690000,8630000,460000,7040000,3050000,770000,2,0,21-29,10860000,3516666.667,0.329090909,Moderate,2,Low,Low
CC101358,54,Female,High School,Single,Contract,7000000,43000000,230,3,1,0,20000000,25590000,24980000,680000,1590000,7420000,2250000,3,1,50-59,23523333.33,3230000,0.547054264,High,3,Moderate,Medium
CC101359,27,Male,Diploma,Married,Government,10800000,43000000,33,0,0,0,10890000,9660000,2100000,4990000,3650000,560000,2140000,1,0,21-29,7550000,3066666.667,0.175581395,Low,1,Low,Medium
CC101360,26,Male,Postgraduate,Single,Self-employed,13100000,30000000,69,0,0,1,7890000,4020000,4410000,5550000,1240000,2280000,1040000,1,0,21-29,5440000,3023333.333,0.181333333,Low,1,Low,Low
CC101361,28,Male,Diploma,Married,Salaried,10400000,41000000,37,0,0,0,26490000,27960000,25910000,9550000,7460000,9110000,2230000,0,0,21-29,26786666.67,8706666.667,0.653333333,High,3,No Late Payments,Medium
CC101362,40,Female,Diploma,Other,Salaried,9300000,58000000,151,0,0,0,11710000,9870000,15230000,6060000,1810000,4750000,1830000,1,0,40-49,12270000,4206666.667,0.211551724,Low,1,Low,Medium
CC101363,22,Male,High School,Single,Salaried,6100000,20000000,10,0,1,1,5990000,6640000,8210000,2960000,2110000,830000,830000,2,0,21-29,6946666.667,1966666.667,0.347333333,Moderate,2,Low,Low
CC101364,47,Male,High School,Single,Self-employed,18500000,122000000,119,3,2,0,75580000,76040000,83250000,1750000,2470000,20410000,10500000,2,1,40-49,78290000,8210000,0.641721311,High,3,Low,Very High
CC101365,26,Female,Bachelor,Married,Government,9800000,39000000,32,0,0,0,1760000,3130000,2830000,850000,1420000,1360000,1200000,1,0,21-29,2573333.333,1210000,0.065982906,Low,1,Low,Low
CC101366,46,Female,Diploma,Married,Self-employed,12300000,49000000,153,1,0,0,34650000,32210000,30940000,10090000,11630000,12320000,3380000,1,1,40-49,32600000,11346666.67,0.665306122,High,3,Low,Medium
CC101367,44,Male,Bachelor,Married,Salaried,13200000,48000000,130,3,3,3,6010000,8860000,21700000,550000,980000,870000,2840000,4,1,40-49,12190000,800000,0.253958333,Moderate,2,Moderate,Medium
CC101368,40,Male,Bachelor,Single,Government,9600000,43000000,72,0,3,2,27310000,12990000,15430000,6020000,2680000,1420000,2240000,2,0,40-49,18576666.67,3373333.333,0.432015504,Moderate,2,Low,Medium
CC101369,27,Female,Diploma,Other,Self-employed,7400000,46000000,62,0,0,0,25260000,32620000,30600000,4330000,11840000,13610000,4410000,1,0,21-29,29493333.33,9926666.667,0.64115942,High,3,Low,Medium
CC101370,55,Female,High School,Married,Salaried,11600000,49000000,240,0,0,0,28060000,22780000,28500000,7410000,1660000,11730000,1950000,0,0,50-59,26446666.67,6933333.333,0.539727891,High,3,No Late Payments,Medium
CC101371,53,Male,High School,Married,Contract,11500000,69000000,240,1,0,0,21700000,24790000,24400000,6930000,7580000,8340000,1270000,1,1,50-59,23630000,7616666.667,0.342463768,Moderate,2,Low,High
CC101372,42,Male,Bachelor,Married,Salaried,9200000,25000000,42,0,0,0,9510000,11410000,5910000,5350000,4410000,2270000,280000,0,0,40-49,8943333.333,4010000,0.357733333,Moderate,2,No Late Payments,Low
CC101373,34,Female,Bachelor,Married,Self-employed,15400000,83000000,49,0,0,0,56980000,55770000,48890000,29630000,25680000,19800000,1480000,0,0,30-39,53880000,25036666.67,0.649156627,High,3,No Late Payments,High
CC101374,38,Female,Diploma,Single,Salaried,7500000,20000000,96,0,0,0,5670000,5550000,3890000,4820000,4900000,2600000,900000,0,0,30-39,5036666.667,4106666.667,0.251833333,Moderate,2,No Late Payments,Low
CC101375,34,Male,Bachelor,Married,Salaried,8600000,29000000,106,2,3,3,12050000,22020000,15940000,1110000,2110000,780000,970000,4,1,30-39,16670000,1333333.333,0.574827586,High,3,Moderate,Low
CC101376,41,Female,Bachelor,Married,Salaried,13400000,33000000,92,1,0,0,13460000,19270000,15300000,440000,7970000,15120000,1060000,1,0,40-49,16010000,7843333.333,0.485151515,Moderate,2,Low,Low
CC101377,43,Male,Bachelor,Married,Government,24800000,142000000,102,0,0,0,28020000,34710000,50300000,6810000,28640000,18940000,2450000,0,0,40-49,37676666.67,18130000,0.265328638,Moderate,2,No Late Payments,Very High
CC101378,42,Female,Bachelor,Single,Self-employed,17300000,97000000,89,0,2,2,63820000,57820000,52920000,21150000,8000000,12920000,3060000,3,0,40-49,58186666.67,14023333.33,0.599862543,High,3,Moderate,High
CC101379,30,Male,Bachelor,Married,Contract,12800000,56000000,77,0,0,0,13390000,23880000,23180000,3210000,9140000,5430000,1560000,0,0,30-39,20150000,5926666.667,0.359821429,Moderate,2,No Late Payments,Medium
CC101380,33,Male,Bachelor,Married,Self-employed,13900000,35000000,97,2,0,2,28260000,23440000,25550000,8690000,5510000,4050000,2740000,2,1,30-39,25750000,6083333.333,0.735714286,High,3,Low,Low
CC101381,38,Female,Bachelor,Single,Salaried,13400000,50000000,69,2,1,0,33900000,44350000,43850000,610000,6200000,13120000,2690000,2,1,30-39,40700000,6643333.333,0.814,Very High,4,Low,Medium
CC101382,32,Male,High School,Married,Other,5000000,26000000,66,0,0,0,4280000,2430000,0,1090000,730000,0,1190000,1,0,30-39,2236666.667,606666.6667,0.086025641,Low,1,Low,Low
CC101383,39,Female,Bachelor,Married,Salaried,10000000,37000000,152,0,2,3,23650000,29430000,31780000,10060000,5390000,710000,2910000,2,0,30-39,28286666.67,5386666.667,0.764504505,Very High,4,Low,Low
CC101384,30,Female,Postgraduate,Single,Self-employed,18600000,68000000,92,0,0,0,32690000,29150000,33960000,18530000,15990000,14610000,2770000,0,0,30-39,31933333.33,16376666.67,0.469607843,Moderate,2,No Late Payments,High
CC101385,46,Female,Bachelor,Other,Self-employed,16900000,99000000,125,0,0,0,18230000,16010000,14930000,5530000,16230000,3400000,2020000,0,0,40-49,16390000,8386666.667,0.165555556,Low,1,No Late Payments,High
CC101386,30,Male,Postgraduate,Single,Salaried,9300000,48000000,16,0,3,2,29080000,24140000,17690000,6180000,2260000,970000,2580000,2,1,30-39,23636666.67,3136666.667,0.492430556,Moderate,2,Low,Medium
CC101387,37,Male,Diploma,Married,Salaried,7700000,34000000,64,3,3,3,24830000,27120000,27960000,450000,560000,2490000,8950000,4,1,30-39,26636666.67,1166666.667,0.783431373,Very High,4,Moderate,Low
CC101388,29,Female,Bachelor,Married,Salaried,9500000,20000000,57,0,2,3,7170000,7700000,7750000,2150000,320000,260000,2360000,2,1,21-29,7540000,910000,0.377,Moderate,2,Low,Low
CC101389,37,Female,Bachelor,Married,Salaried,9500000,61000000,41,0,0,0,26280000,32530000,33710000,26950000,8250000,22030000,1760000,0,0,30-39,30840000,19076666.67,0.50557377,High,3,No Late Payments,High
CC101390,40,Female,Postgraduate,Married,Government,26800000,120000000,112,3,3,1,140570000,128350000,122590000,2410000,24400000,52540000,13800000,3,1,40-49,130503333.3,26450000,1.087527778,Over Limit,5,Moderate,Very High
CC101391,49,Female,Diploma,Married,Self-employed,16500000,65000000,109,0,0,0,48550000,45910000,43690000,18830000,7130000,45100000,1360000,0,0,40-49,46050000,23686666.67,0.708461538,High,3,No Late Payments,High
CC101392,27,Male,High School,Married,Salaried,8400000,26000000,20,0,0,0,2870000,1120000,6650000,1220000,330000,6840000,780000,0,0,21-29,3546666.667,2796666.667,0.136410256,Low,1,No Late Payments,Low
CC101393,24,Female,Diploma,Single,Salaried,8400000,46000000,28,1,0,0,2370000,4090000,14270000,640000,1220000,4000000,850000,3,0,21-29,6910000,1953333.333,0.150217391,Low,1,Moderate,Medium
CC101394,40,Male,Bachelor,Married,Salaried,10900000,46000000,79,0,0,0,22930000,22870000,17210000,15530000,11390000,9270000,40000,0,0,40-49,21003333.33,12063333.33,0.456594203,Moderate,2,No Late Payments,Medium
CC101395,34,Female,Diploma,Married,Government,11100000,70000000,86,0,0,0,10780000,0,1320000,3650000,0,880000,1580000,0,0,30-39,4033333.333,1510000,0.057619048,Low,1,No Late Payments,High
CC101396,34,Female,Bachelor,Single,Self-employed,10500000,29000000,79,0,3,2,7850000,8070000,13290000,3930000,380000,3600000,910000,3,1,30-39,9736666.667,2636666.667,0.335747126,Moderate,2,Moderate,Low
CC101397,42,Male,Diploma,Other,Government,10600000,60000000,66,0,0,0,34490000,32790000,30640000,8290000,15550000,11990000,320000,0,0,40-49,32640000,11943333.33,0.544,High,3,No Late Payments,High
CC101398,35,Male,Diploma,Single,Contract,9100000,20000000,49,2,3,1,12380000,9650000,8270000,2490000,240000,1480000,1040000,4,1,30-39,10100000,1403333.333,0.505,High,3,Moderate,Low
CC101399,32,Female,Bachelor,Married,Self-employed,10600000,51000000,58,0,0,0,23260000,22540000,21860000,10430000,7510000,12910000,490000,0,0,30-39,22553333.33,10283333.33,0.442222222,Moderate,2,No Late Payments,Medium
CC101400,39,Female,Diploma,Single,Salaried,12700000,81000000,121,0,0,0,50790000,47210000,51330000,44340000,18830000,23070000,3690000,0,0,30-39,49776666.67,28746666.67,0.614526749,High,3,No Late Payments,High
CC101401,25,Male,Bachelor,Single,Government,7500000,37000000,21,0,0,0,10280000,14070000,18210000,1990000,4890000,6070000,620000,0,0,21-29,14186666.67,4316666.667,0.383423423,Moderate,2,No Late Payments,Low
CC101402,45,Female,High School,Single,Government,7300000,54000000,105,3,3,2,45210000,42090000,33420000,1130000,860000,860000,5270000,4,1,40-49,40240000,950000,0.745185185,High,3,Moderate,Medium
CC101403,57,Male,Diploma,Married,Salaried,15100000,58000000,240,1,2,0,39910000,38750000,33450000,12850000,1220000,10640000,10120000,2,1,50-59,37370000,8236666.667,0.644310345,High,3,Low,Medium
CC101404,38,Female,Diploma,Married,Self-employed,11500000,31000000,44,0,0,0,13030000,12980000,13350000,4300000,1690000,12650000,1340000,1,0,30-39,13120000,6213333.333,0.423225806,Moderate,2,Low,Low
CC101405,39,Male,Bachelor,Single,Government,10400000,48000000,64,1,0,0,22080000,25960000,23390000,5910000,13340000,8140000,590000,1,0,30-39,23810000,9130000,0.496041667,Moderate,2,Low,Medium
CC101406,40,Male,High School,Married,Salaried,9300000,32000000,114,0,0,0,17580000,20140000,15800000,7360000,3930000,8770000,3880000,1,0,40-49,17840000,6686666.667,0.5575,High,3,Low,Low
CC101407,36,Female,Bachelor,Single,Salaried,13900000,71000000,74,3,3,0,35630000,38410000,43120000,1280000,1520000,13130000,10470000,2,1,30-39,39053333.33,5310000,0.550046948,High,3,Low,High
CC101408,32,Male,Bachelor,Married,Self-employed,6200000,31000000,28,1,0,2,18710000,12950000,18160000,330000,3240000,380000,4270000,3,1,30-39,16606666.67,1316666.667,0.535698925,High,3,Moderate,Low
CC101409,45,Female,High School,Single,Government,10300000,50000000,188,0,0,0,24310000,23670000,27810000,6260000,8320000,5420000,2370000,0,0,40-49,25263333.33,6666666.667,0.505266667,High,3,No Late Payments,Medium
CC101410,40,Male,Diploma,Married,Other,8200000,31000000,88,2,2,0,7080000,5520000,7890000,1300000,1920000,2640000,470000,3,1,40-49,6830000,1953333.333,0.220322581,Low,1,Moderate,Low
CC101411,44,Female,Bachelor,Married,Salaried,13600000,66000000,151,0,0,0,17260000,17100000,17270000,6080000,5720000,17770000,2020000,0,0,40-49,17210000,9856666.667,0.260757576,Moderate,2,No Late Payments,High
CC101412,35,Male,High School,Married,Contract,7100000,23000000,63,2,3,0,12050000,15100000,11320000,320000,2260000,3720000,1330000,3,1,30-39,12823333.33,2100000,0.557536232,High,3,Moderate,Low
CC101413,39,Female,Postgraduate,Other,Salaried,21500000,108000000,140,0,1,1,0,0,0,0,0,0,300000,2,1,30-39,0,0,0,Low,1,Low,Very High
CC101414,56,Female,Diploma,Other,Salaried,15800000,77000000,125,1,0,0,39600000,24890000,34580000,19270000,1910000,12480000,110000,1,0,50-59,33023333.33,11220000,0.428874459,Moderate,2,Low,High
CC101415,34,Female,Bachelor,Married,Self-employed,9700000,46000000,121,0,0,0,20470000,22520000,20910000,20690000,4930000,18960000,5000000,0,0,30-39,21300000,14860000,0.463043478,Moderate,2,No Late Payments,Medium
CC101416,37,Female,Bachelor,Single,Salaried,15500000,60000000,54,2,3,1,41550000,25370000,22090000,1430000,860000,3530000,7240000,5,1,30-39,29670000,1940000,0.4945,Moderate,2,High,High
CC101417,21,Female,High School,Married,Self-employed,7900000,35000000,70,0,0,0,13430000,12950000,18040000,5280000,3680000,7250000,690000,0,1,21-29,14806666.67,5403333.333,0.423047619,Moderate,2,No Late Payments,Low
CC101418,23,Male,Diploma,Single,Salaried,6000000,27000000,51,1,0,0,7740000,4990000,12610000,2550000,1030000,4840000,870000,1,0,21-29,8446666.667,2806666.667,0.312839506,Moderate,2,Low,Low
CC101419,43,Female,High School,Other,Self-employed,8200000,44000000,56,0,0,0,22020000,19770000,18910000,9370000,6240000,6530000,510000,0,0,40-49,20233333.33,7380000,0.459848485,Moderate,2,No Late Payments,Medium
CC101420,50,Female,High School,Married,Self-employed,13800000,67000000,193,2,1,3,18430000,9270000,28490000,5060000,1130000,1440000,3710000,5,1,50-59,18730000,2543333.333,0.279552239,Moderate,2,High,High
CC101421,33,Female,Diploma,Married,Other,5200000,26000000,84,2,2,0,13760000,10720000,13400000,360000,520000,5520000,2060000,3,0,30-39,12626666.67,2133333.333,0.485641026,Moderate,2,Moderate,Low
CC101422,38,Male,High School,Married,Salaried,18100000,112000000,114,0,0,0,29020000,54660000,51940000,14800000,29310000,16040000,6520000,0,0,30-39,45206666.67,20050000,0.403630952,Moderate,2,No Late Payments,Very High
CC101423,27,Male,Bachelor,Married,Government,9200000,37000000,42,0,0,0,2830000,620000,3000000,1060000,570000,1010000,2210000,0,0,21-29,2150000,880000,0.058108108,Low,1,No Late Payments,Low
CC101424,44,Male,High School,Single,Salaried,12500000,52000000,177,0,0,0,29310000,26820000,23430000,11460000,25250000,10030000,4600000,1,0,40-49,26520000,15580000,0.51,High,3,Low,Medium
CC101425,34,Male,Bachelor,Single,Salaried,10900000,56000000,87,3,2,3,34240000,32780000,30950000,1240000,4030000,1180000,5870000,3,1,30-39,32656666.67,2150000,0.583154762,High,3,Moderate,Medium
CC101426,35,Female,High School,Other,Self-employed,9000000,40000000,94,0,0,1,1510000,3300000,11670000,880000,1170000,3290000,370000,1,0,30-39,5493333.333,1780000,0.137333333,Low,1,Low,Medium
CC101427,30,Female,Bachelor,Single,Other,7000000,26000000,62,0,0,0,6810000,9370000,10840000,2030000,4940000,5360000,600000,0,0,30-39,9006666.667,4110000,0.346410256,Moderate,2,No Late Payments,Low
CC101428,49,Female,Bachelor,Married,Salaried,9800000,35000000,187,0,0,0,13870000,16770000,16950000,5000000,3870000,6870000,800000,0,0,40-49,15863333.33,5246666.667,0.453238095,Moderate,2,No Late Payments,Low
CC101429,39,Male,High School,Single,Salaried,8000000,38000000,45,3,3,2,23090000,19410000,22720000,430000,810000,3560000,4390000,3,1,30-39,21740000,1600000,0.572105263,High,3,Moderate,Low
CC101430,30,Male,Bachelor,Married,Other,12600000,59000000,56,0,0,1,16660000,14520000,23230000,3380000,7460000,2570000,1990000,1,0,30-39,18136666.67,4470000,0.30740113,Moderate,2,Low,Medium
CC101431,29,Female,Bachelor,Single,Salaried,8900000,35000000,54,0,1,0,420000,3890000,1450000,400000,1810000,640000,740000,1,0,21-29,1920000,950000,0.054857143,Low,1,Low,Low
CC101432,45,Male,Bachelor,Married,Contract,11900000,37000000,76,0,0,0,30400000,30460000,21190000,6280000,8190000,5730000,750000,0,0,40-49,27350000,6733333.333,0.739189189,High,3,No Late Payments,Low
CC101433,44,Male,Postgraduate,Married,Salaried,10900000,43000000,126,0,0,0,16250000,16230000,22640000,3810000,7130000,12020000,1160000,1,0,40-49,18373333.33,7653333.333,0.427286822,Moderate,2,Low,Medium
CC101434,35,Male,Bachelor,Married,Other,7000000,32000000,134,2,1,2,4070000,10240000,13890000,670000,3790000,3100000,1040000,4,0,30-39,9400000,2520000,0.29375,Moderate,2,Moderate,Low
CC101435,39,Female,Postgraduate,Other,Salaried,19600000,89000000,128,0,2,0,65950000,66080000,57200000,30050000,16520000,16980000,3220000,1,1,30-39,63076666.67,21183333.33,0.708726592,High,3,Low,High
CC101436,22,Male,Bachelor,Single,Salaried,11200000,33000000,51,0,0,0,7510000,8920000,10490000,2250000,3630000,2780000,610000,0,0,21-29,8973333.333,2886666.667,0.271919192,Moderate,2,No Late Payments,Low
CC101437,40,Male,Diploma,Married,Salaried,15900000,55000000,105,3,2,3,55740000,54930000,48930000,800000,5620000,1180000,10180000,4,1,40-49,53200000,2533333.333,0.967272727,Very High,4,Moderate,Medium
CC101438,39,Male,Bachelor,Married,Self-employed,11300000,59000000,76,0,0,0,8840000,15400000,22060000,8610000,7160000,17680000,2680000,0,1,30-39,15433333.33,11150000,0.261581921,Moderate,2,No Late Payments,Medium
CC101439,48,Male,Diploma,Married,Self-employed,16800000,91000000,189,0,0,0,45220000,59040000,59840000,14390000,15190000,55190000,3990000,0,0,40-49,54700000,28256666.67,0.601098901,High,3,No Late Payments,High
CC101440,39,Female,Diploma,Other,Contract,6900000,26000000,76,0,0,0,11850000,17520000,14590000,2090000,8560000,6660000,1190000,0,0,30-39,14653333.33,5770000,0.563589744,High,3,No Late Payments,Low
CC101441,45,Female,High School,Married,Salaried,6600000,42000000,158,0,0,0,13170000,20910000,17720000,11730000,4460000,7330000,1340000,0,0,40-49,17266666.67,7840000,0.411111111,Moderate,2,No Late Payments,Medium
CC101442,47,Female,Bachelor,Married,Contract,12100000,68000000,134,0,0,0,13130000,800000,5720000,7340000,800000,800000,3430000,0,0,40-49,6550000,2980000,0.096323529,Low,1,No Late Payments,High
CC101443,45,Female,Bachelor,Other,Self-employed,19500000,126000000,153,0,0,0,35470000,36350000,47300000,10640000,14830000,43790000,6130000,1,0,40-49,39706666.67,23086666.67,0.315132275,Moderate,2,Low,Very High
CC101444,42,Female,High School,Single,Salaried,10400000,46000000,106,0,1,0,19190000,12610000,14380000,8010000,900000,1740000,3390000,3,0,40-49,15393333.33,3550000,0.334637681,Moderate,2,Moderate,Medium
CC101445,46,Female,Diploma,Single,Government,7300000,33000000,153,0,0,0,1760000,2970000,8660000,550000,1500000,2900000,1750000,0,0,40-49,4463333.333,1650000,0.135252525,Low,1,No Late Payments,Low
CC101446,21,Female,Bachelor,Single,Contract,5000000,20000000,52,3,3,3,12370000,14080000,16360000,420000,1290000,4280000,1720000,4,1,21-29,14270000,1996666.667,0.7135,High,3,Moderate,Low
CC101447,22,Female,Bachelor,Single,Salaried,11600000,36000000,22,0,0,0,21390000,17350000,11770000,8030000,6960000,2770000,980000,0,0,21-29,16836666.67,5920000,0.467685185,Moderate,2,No Late Payments,Low
CC101448,33,Female,Bachelor,Married,Self-employed,11100000,53000000,40,0,0,0,18660000,13050000,12910000,2640000,4130000,4330000,1600000,0,0,30-39,14873333.33,3700000,0.280628931,Moderate,2,No Late Payments,Medium
CC101449,34,Female,Diploma,Married,Government,11800000,69000000,52,0,0,0,36080000,43300000,33580000,6520000,1410000,15690000,8240000,0,0,30-39,37653333.33,7873333.333,0.545700483,High,3,No Late Payments,High
CC101450,40,Female,High School,Married,Contract,6000000,22000000,147,0,0,0,2530000,4010000,3680000,1210000,1780000,1920000,180000,0,0,40-49,3406666.667,1636666.667,0.154848485,Low,1,No Late Payments,Low
CC101451,42,Male,Bachelor,Married,Self-employed,20000000,84000000,89,0,0,1,56600000,50600000,53810000,7720000,47730000,7900000,3530000,1,0,40-49,53670000,21116666.67,0.638928571,High,3,Low,High
CC101452,41,Male,Bachelor,Married,Salaried,7700000,25000000,92,0,0,0,5250000,2890000,2520000,1940000,760000,1140000,1450000,0,0,40-49,3553333.333,1280000,0.142133333,Low,1,No Late Payments,Low
CC101453,29,Female,Postgraduate,Married,Salaried,16900000,55000000,30,0,0,0,12610000,25660000,28600000,5070000,10010000,3730000,2010000,2,0,21-29,22290000,6270000,0.405272727,Moderate,2,Low,Medium
CC101454,39,Male,Bachelor,Single,Salaried,15800000,96000000,70,0,0,0,30470000,19790000,27350000,8450000,9530000,8480000,3370000,0,0,30-39,25870000,8820000,0.269479167,Moderate,2,No Late Payments,High
CC101455,34,Female,Bachelor,Single,Self-employed,17600000,69000000,97,2,3,0,30970000,27810000,26240000,6190000,6150000,14060000,2290000,2,1,30-39,28340000,8800000,0.410724638,Moderate,2,Low,High
CC101456,38,Female,Bachelor,Single,Contract,12400000,42000000,95,0,0,0,13480000,14850000,18390000,11960000,5990000,8900000,1230000,1,1,30-39,15573333.33,8950000,0.370793651,Moderate,2,Low,Medium
CC101457,46,Male,Bachelor,Married,Salaried,12800000,48000000,126,0,0,1,3610000,11520000,15920000,850000,4060000,8040000,190000,2,0,40-49,10350000,4316666.667,0.215625,Low,1,Low,Medium
CC101458,25,Male,Postgraduate,Single,Salaried,13900000,83000000,25,0,0,2,41470000,40100000,50730000,13260000,37270000,1720000,2730000,1,0,21-29,44100000,17416666.67,0.531325301,High,3,Low,High
CC101459,50,Male,Bachelor,Other,Government,10300000,77000000,72,0,0,1,7890000,23160000,23750000,1440000,1610000,6040000,3480000,1,0,50-59,18266666.67,3030000,0.237229437,Low,1,Low,High
CC101460,24,Female,Postgraduate,Married,Contract,8700000,29000000,23,2,3,2,5250000,8530000,9850000,1230000,600000,1190000,3280000,3,1,21-29,7876666.667,1006666.667,0.271609195,Moderate,2,Moderate,Low
CC101461,38,Female,Bachelor,Married,Salaried,12700000,46000000,100,2,0,2,36010000,40190000,41950000,1020000,10890000,990000,2710000,3,1,30-39,39383333.33,4300000,0.85615942,Very High,4,Moderate,Medium
CC101462,21,Female,Diploma,Single,Salaried,8400000,31000000,4,0,0,0,16730000,18960000,18850000,6680000,8470000,6510000,350000,0,0,21-29,18180000,7220000,0.586451613,High,3,No Late Payments,Low
CC101463,47,Male,Bachelor,Married,Salaried,15000000,64000000,111,0,0,0,36770000,33990000,32170000,12160000,12230000,13050000,3820000,0,0,40-49,34310000,12480000,0.53609375,High,3,No Late Payments,High
CC101464,44,Male,Diploma,Married,Contract,10600000,40000000,131,0,0,2,15690000,12140000,18420000,16360000,3800000,1150000,2750000,1,0,40-49,15416666.67,7103333.333,0.385416667,Moderate,2,Low,Medium
CC101465,38,Male,Bachelor,Married,Salaried,12100000,68000000,146,0,0,2,14710000,21590000,22230000,2760000,7220000,1150000,3180000,3,1,30-39,19510000,3710000,0.286911765,Moderate,2,Moderate,High
CC101466,30,Male,Diploma,Married,Self-employed,6600000,24000000,50,0,0,0,8860000,10610000,9690000,3080000,10020000,8600000,480000,2,0,30-39,9720000,7233333.333,0.405,Moderate,2,Low,Low
CC101467,50,Female,High School,Other,Salaried,10000000,54000000,75,0,0,1,34360000,28350000,28510000,10710000,10060000,2470000,1110000,2,0,50-59,30406666.67,7746666.667,0.56308642,High,3,Low,Medium
CC101468,30,Female,Bachelor,Married,Self-employed,10600000,27000000,36,0,0,0,10830000,12660000,14610000,4810000,2660000,1730000,1580000,1,1,30-39,12700000,3066666.667,0.47037037,Moderate,2,Low,Low
CC101469,42,Male,Bachelor,Married,Self-employed,12400000,35000000,81,0,0,0,1990000,1800000,4810000,730000,490000,1000000,1100000,0,0,40-49,2866666.667,740000,0.081904762,Low,1,No Late Payments,Low
CC101470,59,Male,Diploma,Married,Salaried,17600000,110000000,152,0,0,0,29810000,34580000,48040000,11070000,4760000,15190000,3970000,0,0,50-59,37476666.67,10340000,0.34069697,Moderate,2,No Late Payments,Very High
CC101471,41,Female,High School,Single,Contract,6400000,23000000,113,0,0,0,3050000,3240000,3430000,870000,1540000,1030000,860000,0,0,40-49,3240000,1146666.667,0.140869565,Low,1,No Late Payments,Low
CC101472,30,Male,Bachelor,Married,Government,9100000,63000000,39,0,0,0,16020000,14500000,10370000,8160000,12180000,4950000,2290000,0,0,30-39,13630000,8430000,0.216349206,Low,1,No Late Payments,High
CC101473,47,Female,Diploma,Married,Other,5100000,22000000,87,0,0,0,5130000,6260000,6540000,2520000,2770000,1900000,540000,0,0,40-49,5976666.667,2396666.667,0.271666667,Moderate,2,No Late Payments,Low
CC101474,21,Female,High School,Single,Other,5000000,20000000,30,0,0,0,11430000,10650000,10110000,9810000,2930000,8490000,1030000,3,0,21-29,10730000,7076666.667,0.5365,High,3,Moderate,Low
CC101475,30,Male,Bachelor,Married,Salaried,8100000,28000000,39,0,0,0,5830000,12770000,12400000,1960000,6090000,4330000,440000,0,0,30-39,10333333.33,4126666.667,0.369047619,Moderate,2,No Late Payments,Low
CC101476,32,Male,High School,Married,Salaried,6300000,37000000,112,0,0,0,16780000,15370000,10530000,6540000,13590000,3940000,1570000,0,0,30-39,14226666.67,8023333.333,0.384504505,Moderate,2,No Late Payments,Low
CC101477,51,Female,Bachelor,Married,Salaried,21200000,91000000,91,0,0,0,18280000,0,19950000,9550000,0,11160000,3810000,0,0,50-59,12743333.33,6903333.333,0.14003663,Low,1,No Late Payments,High
CC101478,56,Female,Bachelor,Married,Salaried,16900000,60000000,240,0,1,0,23180000,12920000,23900000,5430000,1080000,20590000,6200000,2,0,50-59,20000000,9033333.333,0.333333333,Moderate,2,Low,High
CC101479,38,Female,Bachelor,Married,Salaried,9500000,28000000,123,0,0,0,13380000,13840000,13510000,11470000,2810000,7640000,990000,0,0,30-39,13576666.67,7306666.667,0.484880952,Moderate,2,No Late Payments,Low
CC101480,43,Male,Bachelor,Married,Salaried,11800000,56000000,129,0,0,0,24610000,11580000,18830000,23960000,6540000,4610000,3410000,0,0,40-49,18340000,11703333.33,0.3275,Moderate,2,No Late Payments,Medium
CC101481,26,Female,Bachelor,Married,Self-employed,14400000,78000000,31,0,0,0,59570000,51050000,57950000,16910000,8760000,13020000,2940000,0,0,21-29,56190000,12896666.67,0.720384615,High,3,No Late Payments,High
CC101482,34,Male,High School,Single,Salaried,10700000,41000000,94,0,0,0,18010000,12640000,13060000,6920000,4780000,4960000,500000,0,0,30-39,14570000,5553333.333,0.355365854,Moderate,2,No Late Payments,Medium
CC101483,26,Female,Bachelor,Single,Government,11500000,62000000,28,0,2,0,29910000,33680000,29450000,5130000,990000,11320000,5180000,2,0,21-29,31013333.33,5813333.333,0.500215054,High,3,Low,High
CC101484,21,Male,Postgraduate,Married,Salaried,14300000,50000000,20,0,0,0,30970000,28500000,24360000,10370000,11690000,12800000,4630000,0,0,21-29,27943333.33,11620000,0.558866667,High,3,No Late Payments,Medium
CC101485,40,Male,Diploma,Other,Salaried,7100000,37000000,108,0,0,0,0,130000,0,0,130000,0,300000,0,0,40-49,43333.33333,43333.33333,0.001171171,Low,1,No Late Payments,Low
CC101486,26,Male,High School,Single,Salaried,5000000,20000000,13,0,0,0,1750000,2880000,2780000,550000,1110000,400000,420000,0,0,21-29,2470000,686666.6667,0.1235,Low,1,No Late Payments,Low
CC101487,45,Female,Diploma,Married,Government,16300000,64000000,101,0,0,0,18370000,19130000,22280000,8210000,6250000,8390000,1920000,0,0,40-49,19926666.67,7616666.667,0.311354167,Moderate,2,No Late Payments,High
CC101488,31,Male,Bachelor,Married,Salaried,11400000,44000000,40,0,0,0,27850000,28370000,29000000,6050000,9680000,24220000,2650000,0,0,30-39,28406666.67,13316666.67,0.645606061,High,3,No Late Payments,Medium
CC101489,29,Female,Bachelor,Married,Other,9600000,52000000,47,2,0,2,18570000,17770000,26220000,3370000,16610000,3270000,2610000,5,1,21-29,20853333.33,7750000,0.401025641,Moderate,2,High,Medium
CC101490,30,Male,Bachelor,Married,Contract,10600000,41000000,43,0,0,0,23420000,22960000,23910000,21570000,23370000,2680000,180000,0,0,30-39,23430000,15873333.33,0.571463415,High,3,No Late Payments,Medium
CC101491,36,Male,High School,Single,Contract,5500000,31000000,82,0,1,3,13010000,8610000,4620000,3270000,1840000,330000,1260000,2,0,30-39,8746666.667,1813333.333,0.282150538,Moderate,2,Low,Low
CC101492,33,Female,Bachelor,Married,Government,6500000,26000000,108,0,1,0,20070000,13950000,16500000,16720000,3230000,4500000,1660000,1,0,30-39,16840000,8150000,0.647692308,High,3,Low,Low
CC101493,21,Male,Bachelor,Single,Salaried,15600000,70000000,14,0,0,0,29280000,42670000,48040000,9160000,8580000,19190000,5780000,0,0,21-29,39996666.67,12310000,0.571380952,High,3,No Late Payments,High
CC101494,30,Female,Postgraduate,Married,Contract,10500000,22000000,51,0,0,1,3120000,4530000,7220000,2850000,4510000,1950000,1630000,1,0,30-39,4956666.667,3103333.333,0.22530303,Low,1,Low,Low
CC101495,46,Male,Diploma,Married,Salaried,13300000,68000000,154,1,2,0,17240000,26550000,10980000,2000000,3870000,3720000,5340000,2,1,40-49,18256666.67,3196666.667,0.268480392,Moderate,2,Low,High
CC101496,35,Female,Bachelor,Married,Salaried,10400000,24000000,73,0,0,0,10130000,6200000,10750000,2630000,6320000,3790000,300000,0,0,30-39,9026666.667,4246666.667,0.376111111,Moderate,2,No Late Payments,Low
CC101497,36,Female,Bachelor,Married,Government,14500000,82000000,108,0,0,0,28190000,36660000,40480000,13130000,14470000,14450000,640000,0,0,30-39,35110000,14016666.67,0.428170732,Moderate,2,No Late Payments,High
CC101498,43,Female,Bachelor,Married,Government,12700000,81000000,79,0,0,0,23430000,24200000,29040000,6880000,4700000,14130000,5040000,0,0,40-49,25556666.67,8570000,0.315514403,Moderate,2,No Late Payments,High
CC101499,31,Female,Diploma,Married,Government,14400000,70000000,60,0,0,0,31610000,35850000,32480000,13300000,29700000,7720000,590000,0,0,30-39,33313333.33,16906666.67,0.475904762,Moderate,2,No Late Payments,High
CC101500,31,Female,Diploma,Single,Self-employed,10400000,41000000,87,0,0,0,7640000,6080000,6610000,2670000,1740000,3010000,860000,0,0,30-39,6776666.667,2473333.333,0.165284553,Low,1,No Late Payments,Medium
CC101501,49,Male,High School,Single,Other,7200000,31000000,164,0,0,0,18230000,14560000,13900000,2510000,11760000,2180000,800000,0,0,40-49,15563333.33,5483333.333,0.502043011,High,3,No Late Payments,Low
CC101502,29,Female,Diploma,Married,Salaried,7100000,39000000,38,0,0,0,3180000,4740000,0,1010000,1270000,0,2300000,0,0,21-29,2640000,760000,0.067692308,Low,1,No Late Payments,Low
CC101503,44,Male,Bachelor,Other,Self-employed,10800000,51000000,158,0,0,0,2860000,1740000,1580000,1200000,880000,1080000,3040000,1,0,40-49,2060000,1053333.333,0.040392157,Low,1,Low,Medium
CC101504,41,Female,Bachelor,Other,Contract,5500000,20000000,28,0,1,0,12710000,15510000,14540000,6310000,4990000,6850000,740000,1,0,40-49,14253333.33,6050000,0.712666667,High,3,Low,Low
CC101505,42,Female,High School,Married,Self-employed,9900000,35000000,56,3,3,1,28940000,28390000,28380000,1670000,500000,4980000,2360000,3,1,40-49,28570000,2383333.333,0.816285714,Very High,4,Moderate,Low
CC101506,34,Male,Bachelor,Married,Salaried,9400000,52000000,126,0,0,0,3380000,6950000,12330000,1250000,3370000,6250000,5976433,0,0,30-39,7553333.333,3623333.333,0.14525641,Low,1,No Late Payments,Medium
CC101507,35,Female,Diploma,Single,Salaried,13800000,58000000,88,3,3,0,19780000,19610000,26190000,650000,780000,9690000,5070000,3,1,30-39,21860000,3706666.667,0.376896552,Moderate,2,Moderate,Medium
CC101508,50,Female,Bachelor,Single,Salaried,20500000,93000000,163,0,0,0,42780000,51190000,38890000,10700000,24360000,4280000,2040000,0,0,50-59,44286666.67,13113333.33,0.476200717,Moderate,2,No Late Payments,High
CC101509,38,Male,Diploma,Married,Self-employed,7500000,56000000,137,0,0,2,44560000,44440000,41050000,15720000,42640000,7420000,1110000,1,0,30-39,43350000,21926666.67,0.774107143,Very High,4,Low,Medium
CC101510,50,Male,Postgraduate,Married,Salaried,22900000,86000000,198,0,0,0,650000,0,12130000,650000,0,6490000,3220000,0,0,50-59,4260000,2380000,0.049534884,Low,1,No Late Payments,High
CC101511,37,Female,Bachelor,Married,Contract,11800000,31000000,79,3,3,3,21040000,20520000,12780000,680000,1320000,1220000,2790000,4,1,30-39,18113333.33,1073333.333,0.584301075,High,3,Moderate,Low
CC101512,32,Female,Postgraduate,Single,Salaried,11900000,57000000,86,0,0,0,37280000,38410000,36650000,12420000,18340000,11650000,3640000,0,0,30-39,37446666.67,14136666.67,0.656959064,High,3,No Late Payments,Medium
CC101513,33,Male,Bachelor,Married,Salaried,6600000,34000000,86,0,0,0,19090000,16940000,10250000,19000000,7420000,8630000,210000,0,0,30-39,15426666.67,11683333.33,0.45372549,Moderate,2,No Late Payments,Low
CC101514,44,Female,Postgraduate,Married,Salaried,13400000,65000000,110,0,0,0,31400000,39000000,26150000,10280000,7660000,8970000,1960000,0,0,40-49,32183333.33,8970000,0.495128205,Moderate,2,No Late Payments,High
CC101515,31,Male,Bachelor,Single,Salaried,8800000,39000000,78,0,0,0,8770000,8050000,14350000,4070000,3840000,13660000,390000,1,0,30-39,10390000,7190000,0.266410256,Moderate,2,Low,Low
CC101516,31,Male,Postgraduate,Married,Salaried,8600000,49000000,53,0,0,0,22780000,13490000,15470000,10810000,11010000,5420000,230000,0,0,30-39,17246666.67,9080000,0.351972789,Moderate,2,No Late Payments,Medium
CC101517,37,Male,Bachelor,Married,Other,11300000,34000000,61,2,0,0,25670000,26270000,28560000,3580000,6810000,4120000,3770000,3,1,30-39,26833333.33,4836666.667,0.789215686,Very High,4,Moderate,Low
CC101518,58,Male,Bachelor,Married,Salaried,8700000,42000000,218,2,0,0,19710000,25620000,25430000,780000,10310000,8440000,2670000,2,1,50-59,23586666.67,6510000,0.561587302,High,3,Low,Medium
CC101519,36,Female,Bachelor,Single,Self-employed,12300000,77000000,69,0,0,0,28250000,10890000,15360000,7130000,5400000,4130000,1190000,0,0,30-39,18166666.67,5553333.333,0.235930736,Low,1,No Late Payments,High
CC101520,41,Male,Diploma,Married,Salaried,11900000,57000000,134,2,1,2,32930000,38270000,37500000,3250000,1890000,1560000,2070000,3,1,40-49,36233333.33,2233333.333,0.635672515,High,3,Moderate,Medium
CC101521,41,Female,High School,Married,Salaried,8800000,43000000,36,0,0,0,21010000,24380000,19040000,6190000,10270000,7910000,1090000,0,0,40-49,21476666.67,8123333.333,0.499457364,Moderate,2,No Late Payments,Medium
CC101522,50,Male,High School,Single,Salaried,7500000,39000000,147,2,3,0,24350000,33730000,32120000,1270000,570000,7070000,1990000,2,0,50-59,30066666.67,2970000,0.770940171,Very High,4,Low,Low
CC101523,39,Male,Diploma,Married,Salaried,10000000,46000000,59,0,1,2,23530000,16330000,21740000,9340000,4530000,4400000,1720000,2,0,30-39,20533333.33,6090000,0.446376812,Moderate,2,Low,Medium
CC101524,49,Male,Diploma,Married,Salaried,8900000,37000000,103,0,1,0,19690000,24210000,20980000,5190000,3760000,10620000,1290000,2,0,40-49,21626666.67,6523333.333,0.584504505,High,3,Low,Low
CC101525,45,Male,Bachelor,Married,Salaried,15400000,53000000,79,0,0,0,31750000,19790000,33100000,11630000,10350000,20620000,2810000,0,0,40-49,28213333.33,14200000,0.532327044,High,3,No Late Payments,Medium
CC101526,35,Male,Bachelor,Married,Salaried,14000000,56000000,122,1,1,3,34810000,34470000,21350000,7190000,4790000,1270000,3380000,5,0,30-39,30210000,4416666.667,0.539464286,High,3,High,Medium
CC101527,28,Male,High School,Married,Government,13000000,35000000,65,3,3,3,26890000,26490000,26900000,610000,2070000,520000,3590000,3,1,21-29,26760000,1066666.667,0.764571429,Very High,4,Moderate,Low
CC101528,44,Male,Diploma,Married,Self-employed,11500000,63000000,156,0,1,2,13430000,15650000,18180000,3750000,8800000,5970000,4710000,2,0,40-49,15753333.33,6173333.333,0.25005291,Moderate,2,Low,High
CC101529,40,Male,Diploma,Married,Salaried,11700000,43000000,109,0,0,0,11280000,9360000,18530000,3210000,3620000,5140000,340000,0,0,40-49,13056666.67,3990000,0.303643411,Moderate,2,No Late Payments,Medium
CC101530,21,Male,Bachelor,Single,Salaried,9600000,47000000,3,0,0,0,7290000,4020000,0,3920000,1230000,0,2690000,0,0,21-29,3770000,1716666.667,0.080212766,Low,1,No Late Payments,Medium
CC101531,33,Male,Diploma,Single,Salaried,7400000,40000000,94,0,2,2,30000000,23380000,25170000,4460000,1920000,8590000,2930000,2,0,30-39,26183333.33,4990000,0.654583333,High,3,Low,Medium
CC101532,42,Male,High School,Married,Salaried,6300000,23000000,97,0,0,0,13820000,12610000,13140000,3280000,1550000,3740000,1680000,1,0,40-49,13190000,2856666.667,0.573478261,High,3,Low,Low
CC101533,26,Male,Bachelor,Single,Contract,7100000,41000000,52,0,0,0,13900000,11870000,8340000,5740000,4800000,3260000,2920000,0,0,21-29,11370000,4600000,0.277317073,Moderate,2,No Late Payments,Medium
CC101534,37,Male,Diploma,Single,Government,8900000,25000000,85,0,0,0,2390000,6250000,6850000,510000,5020000,1950000,930000,0,0,30-39,5163333.333,2493333.333,0.206533333,Low,1,No Late Payments,Low
CC101535,34,Male,Bachelor,Single,Salaried,7200000,29000000,85,0,0,0,8670000,11550000,9810000,2310000,2440000,1240000,440000,0,0,30-39,10010000,1996666.667,0.345172414,Moderate,2,No Late Payments,Low
CC101536,47,Female,Bachelor,Other,Salaried,19800000,110000000,144,0,0,0,6770000,3700000,24640000,2210000,1890000,6550000,640000,0,0,40-49,11703333.33,3550000,0.106393939,Low,1,No Late Payments,Very High
CC101537,21,Male,Bachelor,Single,Government,8900000,47000000,13,1,3,3,25560000,30220000,27220000,2630000,1490000,730000,1490000,4,1,21-29,27666666.67,1616666.667,0.588652482,High,3,Moderate,Medium
CC101538,40,Male,High School,Married,Salaried,7400000,41000000,112,0,0,0,17500000,19690000,11670000,4380000,11000000,3520000,2300000,1,0,40-49,16286666.67,6300000,0.397235772,Moderate,2,Low,Medium
CC101539,41,Male,High School,Married,Other,5500000,25000000,66,0,0,0,9150000,6910000,15080000,3050000,1960000,8640000,640000,0,0,40-49,10380000,4550000,0.4152,Moderate,2,No Late Payments,Low
CC101540,31,Male,Diploma,Other,Salaried,10900000,44000000,35,0,0,0,10520000,9920000,15800000,4330000,9630000,7220000,890000,2,0,30-39,12080000,7060000,0.274545455,Moderate,2,Low,Medium
CC101541,38,Male,Postgraduate,Married,Salaried,13500000,65000000,77,0,2,0,24570000,29860000,20510000,22410000,10130000,8300000,2140000,1,0,30-39,24980000,13613333.33,0.384307692,Moderate,2,Low,High
CC101542,21,Male,Diploma,Married,Contract,5700000,20000000,17,0,0,0,8630000,7150000,3860000,8760000,2670000,1620000,330000,0,0,21-29,6546666.667,4350000,0.327333333,Moderate,2,No Late Payments,Low
CC101543,57,Female,Bachelor,Married,Salaried,15500000,87000000,204,0,0,0,20530000,24180000,37680000,9520000,12770000,31510000,1350000,1,0,50-59,27463333.33,17933333.33,0.315670498,Moderate,2,Low,High
CC101544,34,Male,High School,Single,Self-employed,7900000,28000000,69,0,0,2,21830000,18150000,13200000,5020000,8090000,1200000,1690000,1,0,30-39,17726666.67,4770000,0.633095238,High,3,Low,Low
CC101545,39,Female,Postgraduate,Other,Government,19200000,101000000,83,2,3,3,58070000,48350000,26290000,1930000,5680000,1770000,5790000,3,1,30-39,44236666.67,3126666.667,0.437986799,Moderate,2,Moderate,Very High
CC101546,50,Female,Diploma,Married,Government,10900000,63000000,76,0,0,0,35760000,33640000,23260000,11210000,8130000,6860000,4470000,0,0,50-59,30886666.67,8733333.333,0.49026455,Moderate,2,No Late Payments,High
CC101547,23,Male,Postgraduate,Other,Salaried,24600000,111000000,3,1,2,0,113480000,104830000,97880000,17660000,17980000,36490000,9950000,2,1,21-29,105396666.7,24043333.33,0.94951952,Very High,4,Low,Very High
CC101548,31,Female,Bachelor,Other,Salaried,13200000,61000000,94,0,0,0,44870000,38010000,42150000,23640000,3070000,36890000,3490000,0,0,30-39,41676666.67,21200000,0.683224044,High,3,No Late Payments,High
CC101549,24,Male,Bachelor,Married,Salaried,11600000,23000000,16,0,0,0,9910000,10070000,9000000,4260000,4860000,4650000,300000,0,0,21-29,9660000,4590000,0.42,Moderate,2,No Late Payments,Low
CC101550,47,Male,Diploma,Other,Salaried,13500000,71000000,168,0,0,0,30650000,25830000,28500000,25190000,9110000,11450000,500000,0,0,40-49,28326666.67,15250000,0.398967136,Moderate,2,No Late Payments,High
CC101551,40,Female,Bachelor,Married,Contract,11400000,65000000,113,0,0,0,28030000,31790000,38370000,6560000,4960000,11140000,6140000,3,1,40-49,32730000,7553333.333,0.503538462,High,3,Moderate,High
CC101552,36,Male,Postgraduate,Married,Salaried,23000000,91000000,96,2,1,0,66700000,61310000,71710000,9790000,23180000,16890000,10540000,3,0,30-39,66573333.33,16620000,0.731575092,High,3,Moderate,High
CC101553,40,Male,Diploma,Single,Government,14000000,79000000,61,3,2,3,60450000,64570000,72280000,1020000,14050000,1020000,7590000,3,1,40-49,65766666.67,5363333.333,0.832489451,Very High,4,Moderate,High
CC101554,23,Male,Bachelor,Single,Government,7100000,53000000,11,0,0,0,8760000,7640000,13650000,2100000,3510000,13600000,350000,0,0,21-29,10016666.67,6403333.333,0.188993711,Low,1,No Late Payments,Medium
CC101555,42,Male,Diploma,Single,Salaried,9100000,33000000,164,0,0,0,13940000,15980000,19570000,7680000,7180000,8080000,60000,0,0,40-49,16496666.67,7646666.667,0.49989899,Moderate,2,No Late Payments,Low
CC101556,31,Male,Bachelor,Married,Salaried,8600000,45000000,5,2,3,2,29980000,28780000,22900000,3850000,740000,3410000,2360000,4,1,30-39,27220000,2666666.667,0.604888889,High,3,Moderate,Medium
CC101557,24,Female,Bachelor,Single,Salaried,8300000,27000000,16,1,0,0,4440000,6110000,11210000,1570000,990000,3170000,5550000,1,0,21-29,7253333.333,1910000,0.268641975,Moderate,2,Low,Low
CC101558,38,Male,Bachelor,Married,Other,5200000,26000000,77,0,0,0,5090000,5620000,4570000,1760000,2690000,1520000,170000,0,0,30-39,5093333.333,1990000,0.195897436,Low,1,No Late Payments,Low
CC101559,42,Male,High School,Married,Salaried,11900000,86000000,86,0,0,0,46160000,47310000,42380000,14490000,6130000,22690000,3880000,0,0,40-49,45283333.33,14436666.67,0.526550388,High,3,No Late Payments,High
CC101560,34,Female,Bachelor,Other,Self-employed,17100000,64000000,90,0,0,0,18410000,19320000,20260000,6780000,6630000,10780000,1610000,0,0,30-39,19330000,8063333.333,0.30203125,Moderate,2,No Late Payments,High
CC101561,48,Male,High School,Married,Government,7300000,28000000,148,0,0,0,19510000,14720000,13890000,2450000,2580000,6480000,460000,2,0,40-49,16040000,3836666.667,0.572857143,High,3,Low,Low
CC101562,49,Male,Bachelor,Married,Salaried,19100000,109000000,211,2,0,0,67350000,71140000,62200000,23640000,29000000,19270000,5490000,2,0,40-49,66896666.67,23970000,0.613730887,High,3,Low,Very High
CC101563,47,Female,Bachelor,Married,Salaried,14400000,69000000,97,0,0,0,53860000,52330000,48000000,46330000,12480000,18180000,2260000,1,0,40-49,51396666.67,25663333.33,0.744879227,High,3,Low,High
CC101564,43,Male,Bachelor,Single,Salaried,15300000,66000000,62,0,0,0,38060000,33630000,25640000,20170000,6390000,25710000,6560000,1,0,40-49,32443333.33,17423333.33,0.491565657,Moderate,2,Low,High
CC101565,33,Male,Bachelor,Single,Salaried,13600000,64000000,86,0,1,0,30080000,25150000,33620000,26420000,8560000,20060000,1130000,1,1,30-39,29616666.67,18346666.67,0.462760417,Moderate,2,Low,High
CC101566,51,Female,High School,Married,Salaried,7000000,32000000,119,0,0,0,790000,6410000,2190000,420000,5590000,950000,170000,0,0,50-59,3130000,2320000,0.0978125,Low,1,No Late Payments,Low
CC101567,43,Female,Bachelor,Other,Self-employed,15000000,100000000,140,0,0,0,3060000,19940000,30810000,1690000,8910000,7550000,1640000,0,0,40-49,17936666.67,6050000,0.179366667,Low,1,No Late Payments,Very High
CC101568,31,Male,Diploma,Married,Salaried,15500000,73000000,74,2,2,0,36540000,34900000,30870000,4540000,4320000,2390000,4110000,3,1,30-39,34103333.33,3750000,0.46716895,Moderate,2,Moderate,High
CC101569,21,Male,High School,Single,Government,5000000,22000000,3,3,3,3,9530000,8790000,13030000,310000,280000,340000,1320000,3,1,21-29,10450000,310000,0.475,Moderate,2,Moderate,Low
CC101570,29,Male,Bachelor,Married,Salaried,12200000,41000000,43,0,0,0,5880000,10050000,9720000,5840000,2560000,6060000,1000000,0,0,21-29,8550000,4820000,0.208536585,Low,1,No Late Payments,Medium
CC101571,35,Male,High School,Married,Other,8500000,41000000,88,1,0,0,7960000,6920000,6160000,3620000,1830000,4990000,2420000,1,0,30-39,7013333.333,3480000,0.171056911,Low,1,Low,Medium
CC101572,41,Male,Postgraduate,Married,Salaried,16400000,87000000,156,0,0,0,5800000,0,10620000,2910000,0,1700000,4640000,0,0,40-49,5473333.333,1536666.667,0.062911877,Low,1,No Late Payments,High
CC101573,48,Female,Diploma,Married,Self-employed,20500000,113000000,121,0,0,1,30140000,35630000,39120000,16040000,21760000,13710000,2290000,1,0,40-49,34963333.33,17170000,0.309410029,Moderate,2,Low,Very High
CC101574,21,Female,Diploma,Single,Self-employed,11200000,28000000,28,0,0,0,2780000,5460000,1920000,730000,1850000,1760000,400000,0,0,21-29,3386666.667,1446666.667,0.120952381,Low,1,No Late Payments,Low
CC101575,33,Female,Bachelor,Married,Contract,6400000,25000000,102,3,3,0,15040000,12530000,13980000,370000,280000,3410000,1810000,2,1,30-39,13850000,1353333.333,0.554,High,3,Low,Low
CC101576,50,Female,Bachelor,Single,Other,11400000,62000000,86,0,0,0,13600000,6340000,590000,5010000,2790000,590000,1890000,0,0,50-59,6843333.333,2796666.667,0.110376344,Low,1,No Late Payments,High
CC101577,63,Male,High School,Married,Government,14900000,38000000,114,0,0,0,5600000,3950000,15060000,760000,1650000,1540000,1020000,0,0,60+,8203333.333,1316666.667,0.215877193,Low,1,No Late Payments,Low
CC101578,32,Female,Bachelor,Married,Salaried,10900000,35000000,86,0,0,0,25790000,27180000,23810000,1840000,6580000,3820000,1460000,0,0,30-39,25593333.33,4080000,0.731238095,High,3,No Late Payments,Low
CC101579,58,Female,Bachelor,Married,Self-employed,17700000,75000000,240,0,0,0,60980000,60230000,48030000,62520000,17580000,19430000,4570000,0,0,50-59,56413333.33,33176666.67,0.752177778,Very High,4,No Late Payments,High
CC101580,34,Male,High School,Single,Contract,7100000,30000000,102,0,0,0,13780000,9620000,11790000,4310000,1860000,3280000,3250000,0,1,30-39,11730000,3150000,0.391,Moderate,2,No Late Payments,Low
CC101581,57,Female,High School,Married,Salaried,6100000,35000000,172,1,0,0,10120000,8770000,9500000,2600000,7400000,2110000,1670000,1,0,50-59,9463333.333,4036666.667,0.270380952,Moderate,2,Low,Low
CC101582,28,Male,Bachelor,Other,Salaried,10700000,46000000,34,0,0,0,20110000,29920000,28360000,3380000,9890000,1000000,4000000,0,0,21-29,26130000,4756666.667,0.568043478,High,3,No Late Payments,Medium
CC101583,21,Male,Diploma,Single,Self-employed,6000000,31000000,32,2,0,0,15420000,13920000,17480000,2280000,680000,6780000,2800000,1,0,21-29,15606666.67,3246666.667,0.50344086,High,3,Low,Low
CC101584,60,Female,High School,Single,Salaried,8100000,50000000,240,1,2,0,6570000,7360000,17950000,1120000,910000,17440000,1030000,2,0,60+,10626666.67,6490000,0.212533333,Low,1,Low,Medium
CC101585,31,Male,Bachelor,Married,Salaried,8000000,37000000,98,3,0,0,16300000,19630000,21160000,580000,4030000,680000,2150000,2,0,30-39,19030000,1763333.333,0.514324324,High,3,Low,Low
CC101586,21,Female,Diploma,Single,Salaried,5400000,20000000,18,0,0,0,4080000,3680000,4040000,1350000,2120000,1150000,230000,1,0,21-29,3933333.333,1540000,0.196666667,Low,1,Low,Low
CC101587,35,Female,Postgraduate,Single,Salaried,9700000,63000000,46,1,2,1,21260000,27220000,34320000,3790000,1310000,4290000,2010000,4,1,30-39,27600000,3130000,0.438095238,Moderate,2,Moderate,High
CC101588,47,Female,High School,Married,Self-employed,13700000,58000000,196,0,0,2,49940000,40650000,41680000,15850000,14650000,3770000,13080000,1,0,40-49,44090000,11423333.33,0.760172414,Very High,4,Low,Medium
CC101589,40,Female,High School,Single,Salaried,10200000,41000000,81,0,0,0,19500000,24580000,25710000,6020000,2780000,6390000,3190000,0,0,40-49,23263333.33,5063333.333,0.567398374,High,3,No Late Payments,Medium
CC101590,28,Male,Bachelor,Other,Salaried,8100000,44000000,37,0,0,0,21880000,22070000,14020000,6770000,7660000,7330000,2250000,0,0,21-29,19323333.33,7253333.333,0.439166667,Moderate,2,No Late Payments,Medium
CC101591,53,Female,Diploma,Other,Government,14900000,56000000,79,3,2,2,36340000,37010000,31480000,3400000,5420000,5960000,3820000,3,1,50-59,34943333.33,4926666.667,0.623988095,High,3,Moderate,Medium
CC101592,25,Male,Bachelor,Single,Salaried,10600000,38000000,67,0,1,0,20050000,17480000,13160000,18570000,4880000,3600000,1040000,1,0,21-29,16896666.67,9016666.667,0.444649123,Moderate,2,Low,Low
CC101593,32,Female,Bachelor,Single,Salaried,8400000,36000000,92,1,0,0,6880000,13540000,8390000,2410000,7060000,2010000,1880000,2,0,30-39,9603333.333,3826666.667,0.266759259,Moderate,2,Low,Low
CC101594,59,Female,Bachelor,Married,Salaried,14500000,66000000,119,0,0,0,39420000,41860000,52950000,34050000,11370000,19440000,4340000,1,0,50-59,44743333.33,21620000,0.677929293,High,3,Low,High
CC101595,27,Female,Bachelor,Married,Contract,9200000,33000000,32,0,0,0,13590000,3120000,650000,3060000,1080000,650000,100000,0,0,21-29,5786666.667,1596666.667,0.175353535,Low,1,No Late Payments,Low
CC101596,29,Male,Diploma,Married,Government,9900000,44000000,56,0,2,2,16470000,6840000,9700000,15630000,670000,970000,3290000,3,1,21-29,11003333.33,5756666.667,0.250075758,Moderate,2,Moderate,Medium
CC101597,24,Female,High School,Single,Contract,5000000,23000000,44,0,0,0,4630000,7040000,8140000,2210000,1710000,2720000,650000,0,0,21-29,6603333.333,2213333.333,0.287101449,Moderate,2,No Late Payments,Low
CC101598,36,Male,Bachelor,Married,Salaried,12500000,43000000,65,0,0,0,16560000,8350000,6060000,820000,3480000,2990000,600000,0,0,30-39,10323333.33,2430000,0.240077519,Low,1,No Late Payments,Medium
CC101599,35,Male,Bachelor,Married,Salaried,13000000,53000000,74,3,3,3,28770000,32610000,34320000,640000,920000,800000,4940000,4,1,30-39,31900000,786666.6667,0.601886792,High,3,Moderate,Medium
CC101600,42,Male,Bachelor,Other,Self-employed,15400000,83000000,90,2,3,2,56880000,42220000,47220000,3920000,1120000,2940000,4490000,3,1,40-49,48773333.33,2660000,0.587630522,High,3,Moderate,High
CC101601,40,Male,Diploma,Married,Self-employed,16700000,82000000,145,0,0,0,24320000,25570000,24850000,4560000,20990000,7830000,6750000,1,0,40-49,24913333.33,11126666.67,0.303821138,Moderate,2,Low,High
CC101602,50,Female,Diploma,Other,Salaried,12300000,52000000,188,0,0,0,32330000,25500000,25770000,27270000,24430000,20700000,3260000,0,0,50-59,27866666.67,24133333.33,0.535897436,High,3,No Late Payments,Medium
CC101603,31,Female,High School,Single,Self-employed,7100000,27000000,59,0,0,0,12050000,11190000,13360000,2860000,2970000,13610000,1900000,0,0,30-39,12200000,6480000,0.451851852,Moderate,2,No Late Payments,Low
CC101604,36,Male,High School,Married,Salaried,7400000,21000000,25,0,0,0,7120000,12000000,11520000,2930000,2960000,4890000,640000,0,0,30-39,10213333.33,3593333.333,0.486349206,Moderate,2,No Late Payments,Low
CC101605,34,Female,Bachelor,Married,Salaried,20600000,108000000,104,0,0,0,0,22660000,15900000,0,9850000,6220000,370000,0,0,30-39,12853333.33,5356666.667,0.119012346,Low,1,No Late Payments,Very High
CC101606,21,Female,Bachelor,Single,Salaried,8700000,30000000,39,0,3,0,14940000,20260000,18580000,5130000,650000,480000,1140000,2,0,21-29,17926666.67,2086666.667,0.597555556,High,3,Low,Low
CC101607,46,Female,Bachelor,Married,Salaried,9000000,41000000,172,0,0,0,7040000,9220000,9070000,6780000,4620000,2550000,1480000,1,0,40-49,8443333.333,4650000,0.205934959,Low,1,Low,Medium
CC101608,38,Female,Bachelor,Single,Salaried,14600000,43000000,70,0,0,0,15420000,20940000,14750000,13290000,3160000,7020000,860000,1,0,30-39,17036666.67,7823333.333,0.39620155,Moderate,2,Low,Medium
CC101609,35,Male,Bachelor,Married,Salaried,10500000,38000000,63,0,0,0,4800000,11580000,10910000,1120000,3240000,4140000,2930000,0,0,30-39,9096666.667,2833333.333,0.239385965,Low,1,No Late Payments,Low
CC101610,21,Male,High School,Other,Salaried,5700000,25000000,37,3,2,2,17090000,11430000,11540000,480000,560000,580000,1180000,3,1,21-29,13353333.33,540000,0.534133333,High,3,Moderate,Low
CC101611,39,Female,Diploma,Married,Salaried,7600000,39000000,115,0,0,0,16010000,10690000,10860000,8560000,8870000,4130000,4340000,0,0,30-39,12520000,7186666.667,0.321025641,Moderate,2,No Late Payments,Low
CC101612,46,Female,High School,Married,Self-employed,14000000,78000000,141,0,0,0,10930000,12380000,10660000,4140000,10050000,5440000,850000,0,0,40-49,11323333.33,6543333.333,0.14517094,Low,1,No Late Payments,High
CC101613,27,Male,Diploma,Married,Salaried,13000000,58000000,50,1,3,0,21370000,23040000,9770000,4890000,2880000,1930000,2460000,2,1,21-29,18060000,3233333.333,0.31137931,Moderate,2,Low,Medium
CC101614,31,Male,High School,Married,Salaried,9900000,46000000,93,0,0,0,28890000,28460000,25830000,1610000,8210000,3960000,1420000,0,0,30-39,27726666.67,4593333.333,0.602753623,High,3,No Late Payments,Medium
CC101615,45,Female,High School,Married,Government,20200000,115000000,67,0,0,0,42420000,41340000,52530000,5680000,37190000,18810000,3230000,0,0,40-49,45430000,20560000,0.395043478,Moderate,2,No Late Payments,Very High
CC101616,48,Female,Bachelor,Single,Salaried,10200000,76000000,138,3,2,0,25360000,19460000,24440000,1280000,1890000,7830000,10280000,2,1,40-49,23086666.67,3666666.667,0.30377193,Moderate,2,Low,High
CC101617,23,Male,Bachelor,Single,Salaried,10600000,35000000,21,0,0,0,7700000,8250000,10590000,4270000,3490000,4900000,700000,0,0,21-29,8846666.667,4220000,0.252761905,Moderate,2,No Late Payments,Low
CC101618,34,Female,Bachelor,Single,Government,14300000,79000000,103,0,0,0,7610000,27650000,40070000,3940000,10260000,9810000,3040000,0,0,30-39,25110000,8003333.333,0.317848101,Moderate,2,No Late Payments,High
CC101619,34,Female,Bachelor,Single,Salaried,12900000,67000000,116,0,0,0,10930000,0,14730000,11230000,0,13950000,1580000,0,0,30-39,8553333.333,8393333.333,0.127661692,Low,1,No Late Payments,High
CC101620,21,Female,Postgraduate,Other,Salaried,20400000,142000000,33,0,0,0,11630000,5250000,0,5000000,2830000,0,11720000,0,0,21-29,5626666.667,2610000,0.039624413,Low,1,No Late Payments,Very High
CC101621,35,Male,Bachelor,Single,Self-employed,8200000,44000000,98,0,0,0,8640000,12340000,10880000,3040000,5200000,3830000,2050000,0,0,30-39,10620000,4023333.333,0.241363636,Low,1,No Late Payments,Medium
CC101622,24,Male,Postgraduate,Single,Salaried,16500000,54000000,38,0,1,0,30880000,29930000,26850000,16090000,5920000,9650000,3250000,1,0,21-29,29220000,10553333.33,0.541111111,High,3,Low,Medium
CC101623,44,Female,High School,Married,Government,8600000,44000000,137,0,0,0,23640000,26220000,28250000,9400000,23080000,8570000,1310000,0,0,40-49,26036666.67,13683333.33,0.591742424,High,3,No Late Payments,Medium
CC101624,30,Male,Bachelor,Single,Salaried,9300000,36000000,58,0,0,0,18930000,20110000,17230000,5720000,3360000,1450000,1190000,1,0,30-39,18756666.67,3510000,0.521018519,High,3,Low,Low
CC101625,21,Female,Diploma,Single,Self-employed,12800000,53000000,10,0,0,0,4550000,4570000,10030000,2130000,1430000,4140000,1610000,0,0,21-29,6383333.333,2566666.667,0.120440252,Low,1,No Late Payments,Medium
CC101626,35,Male,High School,Married,Government,9400000,50000000,93,0,1,2,4830000,5440000,6090000,4270000,1790000,1110000,2450000,3,0,30-39,5453333.333,2390000,0.109066667,Low,1,Moderate,Medium
CC101627,50,Female,Postgraduate,Married,Salaried,11300000,66000000,148,1,0,0,29250000,38640000,33710000,10560000,9170000,10540000,4340000,1,0,50-59,33866666.67,10090000,0.513131313,High,3,Low,High
CC101628,63,Female,Diploma,Married,Government,7100000,36000000,171,0,1,0,19150000,15720000,19390000,6020000,4100000,3240000,2720000,2,0,60+,18086666.67,4453333.333,0.502407407,High,3,Low,Low
CC101629,24,Female,High School,Single,Contract,5600000,29000000,27,3,2,3,19380000,24670000,17220000,2200000,5110000,560000,1640000,3,1,21-29,20423333.33,2623333.333,0.704252874,High,3,Moderate,Low
CC101630,33,Male,Bachelor,Married,Salaried,11000000,59000000,92,0,0,0,12060000,31600000,29400000,2310000,12630000,11190000,2510000,1,0,30-39,24353333.33,8710000,0.412768362,Moderate,2,Low,Medium
CC101631,38,Male,High School,Married,Government,7700000,46000000,60,0,0,0,14730000,22910000,18900000,4650000,10000000,6190000,1600000,0,0,30-39,18846666.67,6946666.667,0.409710145,Moderate,2,No Late Payments,Medium
CC101632,40,Female,High School,Married,Self-employed,12900000,73000000,110,3,3,3,40340000,34000000,37630000,980000,1110000,1560000,6290000,4,1,40-49,37323333.33,1216666.667,0.511278539,High,3,Moderate,High
CC101633,45,Female,Bachelor,Married,Self-employed,12500000,61000000,112,3,2,3,64620000,56120000,52450000,980000,5560000,3060000,9000000,3,1,40-49,57730000,3200000,0.946393443,Very High,4,Moderate,High
CC101634,37,Female,Bachelor,Married,Government,12800000,65000000,96,2,0,0,38900000,28670000,33920000,1090000,10220000,32330000,3530000,1,1,30-39,33830000,14546666.67,0.520461538,High,3,Low,High
CC101635,61,Male,High School,Married,Contract,9300000,45000000,240,0,0,3,7190000,8200000,10120000,3520000,1910000,540000,3040000,1,0,60+,8503333.333,1990000,0.188962963,Low,1,Low,Medium
CC101636,60,Female,Diploma,Married,Self-employed,11200000,58000000,214,0,0,0,28470000,17350000,19850000,10030000,7960000,2220000,1420000,0,0,60+,21890000,6736666.667,0.377413793,Moderate,2,No Late Payments,Medium
CC101637,34,Female,Diploma,Single,Self-employed,9600000,41000000,74,0,0,0,7580000,13120000,10930000,1670000,12510000,2740000,1580000,0,0,30-39,10543333.33,5640000,0.257154472,Moderate,2,No Late Payments,Medium
CC101638,49,Male,Diploma,Married,Salaried,14600000,61000000,114,0,0,0,30930000,39500000,41580000,13140000,12570000,11520000,3530000,0,0,40-49,37336666.67,12410000,0.612076503,High,3,No Late Payments,High
CC101639,63,Male,Bachelor,Married,Government,38900000,114000000,110,0,0,2,35790000,23150000,25570000,14940000,8160000,4660000,8210000,2,0,60+,28170000,9253333.333,0.247105263,Low,1,Low,Very High
CC101640,27,Female,Postgraduate,Married,Government,7800000,31000000,24,0,0,0,14420000,9780000,10030000,9850000,1380000,2070000,1660000,0,1,21-29,11410000,4433333.333,0.368064516,Moderate,2,No Late Payments,Low
CC101641,33,Female,Bachelor,Single,Contract,8900000,39000000,87,0,0,1,17300000,10320000,7170000,4830000,4450000,1270000,880000,2,0,30-39,11596666.67,3516666.667,0.297350427,Moderate,2,Low,Low
CC101642,25,Male,Bachelor,Married,Salaried,5000000,20000000,31,1,0,0,17780000,20000000,18080000,5860000,8790000,7200000,2450000,1,1,21-29,18620000,7283333.333,0.931,Very High,4,Low,Low
CC101643,48,Female,Bachelor,Married,Government,11300000,44000000,156,0,0,0,7420000,9400000,11860000,2610000,620000,12320000,920000,1,0,40-49,9560000,5183333.333,0.217272727,Low,1,Low,Medium
CC101644,38,Male,Postgraduate,Single,Self-employed,16300000,63000000,81,0,0,0,25650000,24570000,24770000,6190000,22450000,10030000,520000,0,0,30-39,24996666.67,12890000,0.396772487,Moderate,2,No Late Payments,High
CC101645,33,Female,Diploma,Married,Salaried,8700000,20000000,34,1,0,0,4580000,1930000,4140000,2110000,500000,1500000,220000,1,0,30-39,3550000,1370000,0.1775,Low,1,Low,Low
CC101646,45,Female,Bachelor,Married,Self-employed,11600000,64000000,159,0,0,0,5980000,6900000,11600000,3210000,6550000,3600000,840000,0,0,40-49,8160000,4453333.333,0.1275,Low,1,No Late Payments,High
CC101647,49,Male,High School,Married,Contract,9700000,48000000,88,0,0,0,17750000,22360000,23070000,6610000,5550000,10380000,770000,1,0,40-49,21060000,7513333.333,0.43875,Moderate,2,Low,Medium
CC101648,23,Male,Bachelor,Married,Salaried,7300000,23000000,37,0,0,0,7180000,6380000,10570000,2150000,5680000,1720000,1010000,0,0,21-29,8043333.333,3183333.333,0.349710145,Moderate,2,No Late Payments,Low
CC101649,42,Male,Bachelor,Married,Salaried,12300000,61000000,58,0,0,0,20280000,23150000,24720000,13370000,8880000,8840000,60000,0,0,40-49,22716666.67,10363333.33,0.372404372,Moderate,2,No Late Payments,High
CC101650,21,Female,High School,Single,Salaried,7000000,22000000,58,3,1,0,7810000,8180000,7660000,350000,4230000,480000,1190000,2,0,21-29,7883333.333,1686666.667,0.358333333,Moderate,2,Low,Low
CC101651,21,Female,High School,Single,Other,5000000,20000000,3,2,0,0,10420000,13360000,15070000,920000,2380000,1750000,990000,2,0,21-29,12950000,1683333.333,0.6475,High,3,Low,Low
CC101652,35,Female,High School,Married,Salaried,11900000,61000000,115,0,2,2,39020000,41730000,39790000,9530000,2220000,990000,9830000,2,0,30-39,40180000,4246666.667,0.658688525,High,3,Low,High
CC101653,25,Female,Bachelor,Single,Salaried,8800000,36000000,32,0,0,0,15580000,18380000,16480000,6220000,7450000,4780000,3110000,1,0,21-29,16813333.33,6150000,0.467037037,Moderate,2,Low,Low
CC101654,47,Female,High School,Married,Contract,8600000,36000000,157,3,3,0,17630000,14680000,12350000,680000,680000,3790000,1970000,3,1,40-49,14886666.67,1716666.667,0.413518519,Moderate,2,Moderate,Low
CC101655,29,Female,Diploma,Married,Salaried,8700000,26000000,25,0,2,0,10350000,8460000,6230000,890000,2090000,2100000,2350000,2,0,21-29,8346666.667,1693333.333,0.321025641,Moderate,2,Low,Low
CC101656,47,Female,Bachelor,Married,Salaried,10400000,49000000,100,0,0,0,9200000,8660000,11290000,2870000,6000000,5340000,2610000,0,0,40-49,9716666.667,4736666.667,0.19829932,Low,1,No Late Payments,Medium
CC101657,48,Female,Bachelor,Married,Self-employed,15000000,83000000,117,1,0,0,47310000,43490000,36370000,19320000,12380000,14990000,8730000,3,0,40-49,42390000,15563333.33,0.510722892,High,3,Moderate,High
CC101658,46,Female,High School,Married,Salaried,10600000,72000000,102,1,0,0,23950000,33380000,33990000,2700000,9360000,4320000,2250000,1,0,40-49,30440000,5460000,0.422777778,Moderate,2,Low,High
CC101659,37,Female,Bachelor,Single,Salaried,11600000,36000000,99,0,0,0,3250000,7690000,7900000,2810000,3180000,2360000,1580000,0,0,30-39,6280000,2783333.333,0.174444444,Low,1,No Late Payments,Low
CC101660,34,Male,Bachelor,Single,Salaried,23000000,106000000,91,3,3,3,74230000,65680000,70150000,3550000,1240000,1300000,11170000,4,1,30-39,70020000,2030000,0.660566038,High,3,Moderate,Very High
CC101661,43,Female,Postgraduate,Single,Salaried,13200000,56000000,97,3,0,0,18400000,28790000,23300000,1290000,2940000,5930000,2720000,1,1,40-49,23496666.67,3386666.667,0.419583333,Moderate,2,Low,Medium
CC101662,32,Female,Bachelor,Single,Salaried,14200000,61000000,97,0,0,0,34400000,24810000,20570000,8520000,9180000,3320000,2460000,1,0,30-39,26593333.33,7006666.667,0.435956284,Moderate,2,Low,High
CC101663,39,Male,High School,Other,Salaried,10800000,64000000,157,0,0,0,10820000,13770000,18080000,8900000,5760000,6990000,5220000,1,0,30-39,14223333.33,7216666.667,0.222239583,Low,1,Low,High
CC101664,47,Male,Diploma,Single,Contract,14800000,53000000,160,2,2,0,20950000,29620000,26350000,680000,5250000,7440000,6560000,2,1,40-49,25640000,4456666.667,0.483773585,Moderate,2,Low,Medium
CC101665,52,Female,Diploma,Married,Salaried,10300000,59000000,159,0,0,0,20010000,15700000,4850000,11940000,8290000,2330000,480000,1,0,50-59,13520000,7520000,0.229152542,Low,1,Low,Medium
CC101666,45,Female,High School,Married,Government,12500000,63000000,116,0,2,0,49870000,43950000,40920000,13740000,9560000,8480000,2430000,2,0,40-49,44913333.33,10593333.33,0.712910053,High,3,Low,High
CC101667,47,Male,Postgraduate,Other,Salaried,12600000,57000000,85,0,1,0,25630000,28520000,26860000,8830000,7030000,11490000,910000,1,0,40-49,27003333.33,9116666.667,0.47374269,Moderate,2,Low,Medium
CC101668,21,Female,High School,Single,Other,5000000,20000000,33,0,0,0,7980000,9870000,9450000,4770000,3740000,3450000,700000,0,0,21-29,9100000,3986666.667,0.455,Moderate,2,No Late Payments,Low
CC101669,24,Male,High School,Single,Salaried,6400000,34000000,3,0,0,0,8770000,6120000,4710000,2770000,2500000,880000,1700000,0,0,21-29,6533333.333,2050000,0.192156863,Low,1,No Late Payments,Low
CC101670,42,Female,Diploma,Married,Salaried,10500000,41000000,150,0,0,0,23520000,22470000,22090000,10360000,8050000,6940000,2340000,0,0,40-49,22693333.33,8450000,0.553495935,High,3,No Late Payments,Medium
CC101671,35,Female,Diploma,Married,Salaried,9500000,39000000,82,0,0,0,19560000,11790000,24230000,19980000,4240000,11750000,130000,0,0,30-39,18526666.67,11990000,0.475042735,Moderate,2,No Late Payments,Low
CC101672,33,Male,High School,Single,Self-employed,7400000,37000000,120,0,3,2,24450000,21440000,21990000,10590000,470000,2060000,4620000,2,1,30-39,22626666.67,4373333.333,0.611531532,High,3,Low,Low
CC101673,38,Female,Bachelor,Married,Salaried,11800000,47000000,108,2,0,0,30210000,31550000,35240000,790000,4060000,5590000,6130000,1,1,30-39,32333333.33,3480000,0.687943262,High,3,Low,Medium
CC101674,21,Female,Bachelor,Single,Self-employed,11400000,58000000,34,0,0,1,19820000,21250000,24010000,6750000,5190000,6860000,650000,2,0,21-29,21693333.33,6266666.667,0.374022989,Moderate,2,Low,Medium
CC101675,44,Male,High School,Married,Salaried,5600000,23000000,120,0,0,0,8060000,11510000,9550000,4330000,11510000,4080000,100000,0,0,40-49,9706666.667,6640000,0.422028986,Moderate,2,No Late Payments,Low
CC101676,29,Female,Bachelor,Single,Salaried,8800000,42000000,77,0,0,0,2370000,11290000,13130000,770000,11640000,10960000,1150000,0,0,21-29,8930000,7790000,0.212619048,Low,1,No Late Payments,Medium
CC101677,21,Female,Diploma,Single,Government,5100000,30000000,44,3,3,3,21250000,18380000,19450000,670000,370000,470000,2950000,4,1,21-29,19693333.33,503333.3333,0.656444444,High,3,Moderate,Low
CC101678,41,Female,Bachelor,Married,Salaried,15700000,86000000,134,0,0,0,33400000,35910000,33290000,8010000,16240000,15340000,1530000,0,0,40-49,34200000,13196666.67,0.397674419,Moderate,2,No Late Payments,High
CC101679,31,Female,Postgraduate,Married,Salaried,10700000,44000000,57,0,0,0,30680000,33930000,36110000,27830000,11950000,13510000,2870000,1,0,30-39,33573333.33,17763333.33,0.763030303,Very High,4,Low,Medium
CC101680,26,Female,Diploma,Single,Salaried,5000000,26000000,23,0,0,1,6090000,2910000,5120000,2090000,1000000,980000,1190000,2,0,21-29,4706666.667,1356666.667,0.181025641,Low,1,Low,Low
CC101681,34,Female,Bachelor,Married,Self-employed,10100000,53000000,98,2,0,0,13590000,8230000,10630000,2580000,1660000,4400000,3480000,2,0,30-39,10816666.67,2880000,0.20408805,Low,1,Low,Medium
CC101682,37,Male,High School,Married,Salaried,10000000,58000000,54,0,0,0,20210000,26050000,30090000,5430000,12450000,12440000,5140000,1,0,30-39,25450000,10106666.67,0.438793103,Moderate,2,Low,Medium
CC101683,47,Female,Postgraduate,Married,Salaried,18100000,59000000,155,0,1,0,16050000,25790000,19380000,3400000,12730000,6560000,830000,1,0,40-49,20406666.67,7563333.333,0.345875706,Moderate,2,Low,Medium
CC101684,28,Male,Bachelor,Married,Salaried,9000000,43000000,68,0,0,0,20600000,29210000,34280000,5950000,12700000,14370000,860000,0,0,21-29,28030000,11006666.67,0.651860465,High,3,No Late Payments,Medium
CC101685,40,Female,High School,Married,Salaried,8200000,39000000,119,2,3,0,19370000,26020000,21240000,1380000,1290000,9550000,2180000,3,1,40-49,22210000,4073333.333,0.569487179,High,3,Moderate,Low
CC101686,37,Female,Bachelor,Single,Salaried,22600000,104000000,54,0,0,0,40880000,29310000,21570000,8670000,1890000,5970000,9820000,2,0,30-39,30586666.67,5510000,0.294102564,Moderate,2,Low,Very High
CC101687,21,Male,Bachelor,Single,Salaried,12600000,28000000,40,3,3,0,24570000,27260000,23990000,1200000,2240000,4420000,4530000,3,1,21-29,25273333.33,2620000,0.902619048,Very High,4,Moderate,Low
CC101688,31,Female,Diploma,Other,Government,9700000,57000000,78,0,0,0,26830000,25370000,22290000,12700000,8590000,12720000,550000,0,0,30-39,24830000,11336666.67,0.435614035,Moderate,2,No Late Payments,Medium
CC101689,41,Male,Bachelor,Married,Government,13500000,71000000,150,0,0,0,21820000,23200000,23490000,9410000,10930000,12220000,780000,0,0,40-49,22836666.67,10853333.33,0.321643192,Moderate,2,No Late Payments,High
CC101690,50,Male,High School,Married,Salaried,15800000,42000000,145,0,0,0,10150000,8280000,11800000,8450000,3430000,2550000,590000,1,0,50-59,10076666.67,4810000,0.239920635,Low,1,Low,Medium
CC101691,21,Male,Diploma,Single,Contract,6500000,25000000,3,0,0,0,8290000,7320000,11510000,3280000,1710000,2780000,700000,0,0,21-29,9040000,2590000,0.3616,Moderate,2,No Late Payments,Low
CC101692,36,Male,Diploma,Single,Government,9600000,20000000,54,0,0,0,4690000,4950000,6310000,4810000,1710000,2150000,310000,0,0,30-39,5316666.667,2890000,0.265833333,Moderate,2,No Late Payments,Low
CC101693,39,Male,Postgraduate,Married,Salaried,17300000,61000000,73,0,0,0,13780000,12450000,19640000,4740000,2980000,19490000,4730000,1,0,30-39,15290000,9070000,0.250655738,Moderate,2,Low,High
CC101694,32,Female,Bachelor,Single,Salaried,8000000,44000000,68,0,0,0,5070000,13910000,12130000,3190000,6810000,3050000,570000,0,0,30-39,10370000,4350000,0.235681818,Low,1,No Late Payments,Medium
CC101695,55,Male,High School,Married,Other,5500000,20000000,72,0,0,1,9310000,11670000,12670000,3030000,11610000,1580000,900000,1,0,50-59,11216666.67,5406666.667,0.560833333,High,3,Low,Low
CC101696,46,Male,Diploma,Single,Contract,7900000,26000000,144,1,0,0,14570000,15970000,14300000,3210000,2570000,14120000,650000,1,1,40-49,14946666.67,6633333.333,0.574871795,High,3,Low,Low
CC101697,52,Male,Diploma,Single,Salaried,21400000,87000000,105,0,1,0,36290000,57820000,50870000,15470000,4660000,21850000,4540000,2,0,50-59,48326666.67,13993333.33,0.555478927,High,3,Low,High
CC101698,42,Male,High School,Married,Other,5000000,22000000,144,3,3,0,11150000,10360000,10610000,420000,560000,4530000,1190000,2,1,40-49,10706666.67,1836666.667,0.486666667,Moderate,2,Low,Low
CC101699,37,Male,High School,Married,Salaried,14300000,67000000,55,0,0,0,15410000,12750000,12250000,13050000,4660000,2540000,1260000,0,0,30-39,13470000,6750000,0.201044776,Low,1,No Late Payments,High
CC101700,51,Male,Diploma,Married,Self-employed,12900000,64000000,73,0,0,0,16310000,11630000,21670000,1500000,4090000,9500000,2790000,1,0,50-59,16536666.67,5030000,0.258385417,Moderate,2,Low,High
CC101701,40,Male,High School,Married,Salaried,5600000,24000000,146,1,0,0,8610000,10180000,9000000,1100000,3070000,7310000,620000,1,0,40-49,9263333.333,3826666.667,0.385972222,Moderate,2,Low,Low
CC101702,21,Male,Bachelor,Single,Contract,11500000,38000000,36,0,0,0,11350000,15450000,19480000,11430000,9880000,7370000,770000,1,0,21-29,15426666.67,9560000,0.405964912,Moderate,2,Low,Low
CC101703,22,Female,Diploma,Married,Other,5300000,20000000,28,0,1,0,21190000,14500000,15090000,19730000,2700000,7080000,3070000,1,0,21-29,16926666.67,9836666.667,0.846333333,Very High,4,Low,Low
CC101704,45,Female,Diploma,Married,Salaried,8200000,36000000,101,0,0,0,21050000,16300000,18720000,10310000,4870000,5800000,490000,0,0,40-49,18690000,6993333.333,0.519166667,High,3,No Late Payments,Low
CC101705,39,Female,High School,Married,Self-employed,11800000,87000000,41,0,0,0,13500000,1580000,2260000,5360000,990000,1340000,8880000,0,0,30-39,5780000,2563333.333,0.066436782,Low,1,No Late Payments,High
CC101706,52,Female,Bachelor,Married,Government,17200000,96000000,153,0,0,0,39310000,38110000,49580000,1620000,39170000,51760000,860000,1,0,50-59,42333333.33,30850000,0.440972222,Moderate,2,Low,High
CC101707,46,Male,Postgraduate,Single,Self-employed,16600000,66000000,138,0,0,0,21460000,34160000,25800000,4340000,14080000,5060000,6010000,0,0,40-49,27140000,7826666.667,0.411212121,Moderate,2,No Late Payments,High
CC101708,54,Female,Postgraduate,Married,Self-employed,15600000,101000000,204,0,1,1,42690000,41280000,53800000,2160000,10850000,9620000,4730000,3,0,50-59,45923333.33,7543333.333,0.454686469,Moderate,2,Moderate,Very High
CC101709,35,Female,High School,Single,Salaried,9100000,34000000,124,0,0,0,19060000,14490000,10020000,8140000,7330000,2530000,1000000,1,0,30-39,14523333.33,6000000,0.427156863,Moderate,2,Low,Low
CC101710,36,Male,Bachelor,Married,Contract,6500000,20000000,86,0,0,0,2380000,2710000,4520000,470000,1060000,940000,410000,0,0,30-39,3203333.333,823333.3333,0.160166667,Low,1,No Late Payments,Low
CC101711,29,Female,Bachelor,Married,Self-employed,11400000,68000000,55,0,0,0,39410000,35240000,39810000,12310000,15500000,23240000,5060000,0,0,21-29,38153333.33,17016666.67,0.561078431,High,3,No Late Payments,High
CC101712,39,Female,Bachelor,Married,Self-employed,13700000,70000000,144,2,3,3,19430000,12280000,12600000,1740000,1540000,860000,9750000,3,1,30-39,14770000,1380000,0.211,Low,1,Moderate,High
CC101713,53,Male,Postgraduate,Married,Government,24900000,160000000,240,0,3,3,115930000,125490000,123200000,11730000,2650000,2780000,17110000,2,0,50-59,121540000,5720000,0.759625,Very High,4,Low,Very High
CC101714,33,Male,High School,Married,Contract,8700000,38000000,90,0,0,0,11020000,9190000,8980000,5290000,8760000,9110000,310000,1,0,30-39,9730000,7720000,0.256052632,Moderate,2,Low,Low
CC101715,44,Male,Postgraduate,Married,Government,27500000,137000000,98,0,0,0,56460000,51280000,58310000,49730000,25170000,28710000,2060000,0,0,40-49,55350000,34536666.67,0.404014599,Moderate,2,No Late Payments,Very High
CC101716,29,Male,Bachelor,Single,Other,7700000,33000000,42,0,0,0,18520000,14360000,14040000,5540000,4000000,810000,1730000,0,0,21-29,15640000,3450000,0.473939394,Moderate,2,No Late Payments,Low
CC101717,40,Male,Bachelor,Married,Contract,6900000,38000000,96,0,0,0,14270000,19580000,23060000,6640000,16500000,4480000,3440000,0,0,40-49,18970000,9206666.667,0.499210526,Moderate,2,No Late Payments,Low
CC101718,26,Male,Bachelor,Single,Salaried,19300000,121000000,55,0,0,0,29490000,33090000,44300000,9600000,10820000,5480000,7440000,0,0,21-29,35626666.67,8633333.333,0.294435262,Moderate,2,No Late Payments,Very High
CC101719,30,Male,Diploma,Married,Salaried,5700000,36000000,104,0,0,0,23340000,22480000,23420000,8360000,4140000,7530000,750000,0,0,30-39,23080000,6676666.667,0.641111111,High,3,No Late Payments,Low
CC101720,21,Male,Bachelor,Single,Self-employed,9400000,43000000,3,1,3,2,19180000,19460000,16850000,3500000,1680000,3670000,2010000,3,1,21-29,18496666.67,2950000,0.430155039,Moderate,2,Moderate,Medium
CC101721,45,Female,Bachelor,Married,Salaried,12400000,67000000,187,0,0,0,28180000,28540000,20690000,7670000,5330000,6640000,3420000,0,0,40-49,25803333.33,6546666.667,0.385124378,Moderate,2,No Late Payments,High
CC101722,54,Female,Postgraduate,Married,Salaried,18800000,83000000,108,0,0,0,74570000,62640000,50200000,73860000,23320000,15990000,3880000,0,0,50-59,62470000,37723333.33,0.752650602,Very High,4,No Late Payments,High
CC101723,38,Female,Diploma,Single,Contract,9400000,22000000,74,0,0,0,14860000,17900000,16450000,7410000,4440000,8120000,1000000,0,0,30-39,16403333.33,6656666.667,0.745606061,High,3,No Late Payments,Low
CC101724,41,Female,Diploma,Married,Salaried,9800000,20000000,52,3,3,3,11890000,9630000,12090000,270000,390000,430000,2130000,4,1,40-49,11203333.33,363333.3333,0.560166667,High,3,Moderate,Low
CC101725,45,Female,Diploma,Married,Salaried,11300000,47000000,152,0,0,0,23730000,18710000,17460000,22210000,4520000,6040000,1570000,0,1,40-49,19966666.67,10923333.33,0.424822695,Moderate,2,No Late Payments,Medium
CC101726,29,Female,Bachelor,Married,Salaried,11400000,46000000,88,0,0,1,11460000,7460000,16060000,4210000,2900000,6260000,70000,1,0,21-29,11660000,4456666.667,0.253478261,Moderate,2,Low,Medium
CC101727,27,Male,Postgraduate,Married,Self-employed,13600000,65000000,47,0,0,0,7170000,16190000,11980000,2680000,13220000,5110000,1660000,1,0,21-29,11780000,7003333.333,0.181230769,Low,1,Low,High
CC101728,39,Male,Bachelor,Single,Salaried,13500000,67000000,94,3,3,0,56600000,51820000,49800000,4630000,710000,13780000,4270000,3,1,30-39,52740000,6373333.333,0.787164179,Very High,4,Moderate,High
CC101729,34,Male,Bachelor,Single,Salaried,10200000,50000000,88,1,0,0,16070000,21860000,23490000,7360000,7380000,11030000,1180000,1,0,30-39,20473333.33,8590000,0.409466667,Moderate,2,Low,Medium
CC101730,21,Female,Diploma,Married,Contract,7300000,31000000,22,3,3,0,10650000,15180000,18520000,450000,340000,3150000,2700000,2,1,21-29,14783333.33,1313333.333,0.47688172,Moderate,2,Low,Low
CC101731,47,Female,Bachelor,Married,Other,8600000,24000000,217,0,1,0,14810000,13700000,15690000,1250000,4560000,3350000,2860000,1,0,40-49,14733333.33,3053333.333,0.613888889,High,3,Low,Low
CC101732,28,Female,Diploma,Single,Government,8400000,20000000,61,0,0,0,12620000,11430000,13580000,5570000,4200000,6660000,590000,0,0,21-29,12543333.33,5476666.667,0.627166667,High,3,No Late Payments,Low
CC101733,31,Male,High School,Single,Salaried,12100000,57000000,110,0,0,0,33810000,30220000,19920000,18720000,24810000,8450000,520000,0,0,30-39,27983333.33,17326666.67,0.490935673,Moderate,2,No Late Payments,Medium
CC101734,29,Male,Diploma,Married,Salaried,9600000,20000000,57,0,0,0,10570000,12930000,12480000,2990000,13010000,6330000,930000,0,0,21-29,11993333.33,7443333.333,0.599666667,High,3,No Late Payments,Low
CC101735,51,Male,Bachelor,Married,Contract,15100000,112000000,148,0,0,0,39250000,42990000,37840000,16810000,18090000,20870000,940000,1,0,50-59,40026666.67,18590000,0.357380952,Moderate,2,Low,Very High
CC101736,56,Female,Diploma,Single,Salaried,17400000,69000000,124,0,0,0,53420000,32760000,50600000,19720000,34030000,24170000,510000,0,0,50-59,45593333.33,25973333.33,0.660772947,High,3,No Late Payments,High
CC101737,21,Male,Bachelor,Married,Salaried,7100000,21000000,31,0,0,0,12810000,10600000,10510000,6060000,5330000,3140000,630000,0,0,21-29,11306666.67,4843333.333,0.538412698,High,3,No Late Payments,Low
CC101738,34,Male,Bachelor,Married,Government,7600000,45000000,117,0,0,0,28710000,26250000,29510000,13540000,14250000,23470000,5660000,0,0,30-39,28156666.67,17086666.67,0.625703704,High,3,No Late Payments,Medium
CC101739,42,Female,Diploma,Married,Salaried,9700000,40000000,89,0,0,0,18670000,14840000,11240000,8460000,6850000,5720000,2140000,1,0,40-49,14916666.67,7010000,0.372916667,Moderate,2,Low,Medium
CC101740,44,Male,High School,Married,Contract,10000000,27000000,138,0,0,0,28480000,19110000,17900000,10710000,9050000,5400000,1630000,0,0,40-49,21830000,8386666.667,0.808518519,Very High,4,No Late Payments,Low
CC101741,36,Female,Diploma,Married,Contract,5300000,20000000,97,1,0,0,11860000,12000000,12470000,4200000,10150000,1020000,1210000,2,0,30-39,12110000,5123333.333,0.6055,High,3,Low,Low
CC101742,35,Female,Bachelor,Married,Self-employed,9800000,45000000,58,2,3,0,21530000,11940000,17370000,2580000,2990000,4530000,3100000,3,1,30-39,16946666.67,3366666.667,0.376592593,Moderate,2,Moderate,Medium
CC101743,33,Male,Diploma,Other,Self-employed,12200000,64000000,107,0,0,0,6620000,22950000,21210000,5740000,9310000,22130000,20000,0,0,30-39,16926666.67,12393333.33,0.264479167,Moderate,2,No Late Payments,High
CC101744,35,Male,Bachelor,Single,Government,13900000,73000000,51,0,0,0,20700000,29470000,29680000,18070000,3780000,10220000,3750000,0,0,30-39,26616666.67,10690000,0.364611872,Moderate,2,No Late Payments,High
CC101745,48,Female,Diploma,Married,Other,6700000,30000000,165,0,0,1,5980000,7580000,6050000,2050000,2780000,2370000,1540000,2,0,40-49,6536666.667,2400000,0.217888889,Low,1,Low,Low
CC101746,41,Female,High School,Married,Salaried,9900000,48000000,148,0,0,0,10520000,9500000,14050000,4540000,7710000,3250000,1730000,0,0,40-49,11356666.67,5166666.667,0.236597222,Low,1,No Late Payments,Medium
CC101747,53,Male,Bachelor,Married,Government,10800000,55000000,204,0,2,3,37450000,23320000,15240000,13510000,5590000,690000,1670000,3,1,50-59,25336666.67,6596666.667,0.460666667,Moderate,2,Moderate,Medium
CC101748,49,Female,Postgraduate,Single,Government,17900000,106000000,125,1,2,1,70280000,77250000,56330000,1720000,7520000,2110000,11920000,3,1,40-49,67953333.33,3783333.333,0.641069182,High,3,Moderate,Very High
CC101749,29,Female,High School,Married,Self-employed,10900000,60000000,61,0,0,2,44610000,57310000,53600000,9220000,8290000,8310000,5030000,1,0,21-29,51840000,8606666.667,0.864,Very High,4,Low,High
CC101750,39,Female,Diploma,Married,Salaried,11900000,78000000,143,0,0,0,24020000,21900000,16120000,23970000,6180000,7390000,2570000,0,0,30-39,20680000,12513333.33,0.265128205,Moderate,2,No Late Payments,High
CC101751,23,Male,Diploma,Single,Other,5000000,20000000,34,0,0,0,4150000,2480000,280000,1490000,2170000,220000,710000,0,0,21-29,2303333.333,1293333.333,0.115166667,Low,1,No Late Payments,Low
CC101752,39,Male,Diploma,Single,Salaried,9900000,39000000,122,1,0,0,22920000,16610000,16420000,3790000,6110000,3900000,2470000,2,0,30-39,18650000,4600000,0.478205128,Moderate,2,Low,Low
CC101753,31,Female,Bachelor,Single,Government,16600000,61000000,42,1,0,0,17630000,19970000,21330000,5090000,3670000,9770000,8240000,1,0,30-39,19643333.33,6176666.667,0.322021858,Moderate,2,Low,High
CC101754,37,Female,Bachelor,Single,Contract,9700000,40000000,114,3,0,2,20080000,21660000,25210000,1460000,22230000,2660000,2530000,3,0,30-39,22316666.67,8783333.333,0.557916667,High,3,Moderate,Medium
CC101755,45,Female,High School,Married,Self-employed,15500000,77000000,148,3,2,2,63670000,69030000,72380000,1470000,3590000,13670000,7020000,3,1,40-49,68360000,6243333.333,0.887792208,Very High,4,Moderate,High
CC101756,21,Female,Diploma,Single,Other,5800000,20000000,26,1,3,3,9360000,7190000,8360000,1220000,390000,430000,1440000,3,0,21-29,8303333.333,680000,0.415166667,Moderate,2,Moderate,Low
CC101757,21,Female,Bachelor,Other,Self-employed,8700000,31000000,31,0,0,0,4650000,1960000,4410000,4830000,390000,1400000,340000,0,0,21-29,3673333.333,2206666.667,0.118494624,Low,1,No Late Payments,Low
CC101758,42,Male,High School,Married,Government,12600000,78000000,107,0,0,0,0,11270000,20100000,0,4190000,4940000,1330000,0,0,40-49,10456666.67,3043333.333,0.134059829,Low,1,No Late Payments,High
CC101759,43,Male,Bachelor,Married,Salaried,15300000,85000000,167,1,0,0,51070000,54520000,44770000,16290000,52690000,10370000,2880000,1,0,40-49,50120000,26450000,0.589647059,High,3,Low,High
CC101760,41,Female,High School,Other,Contract,13200000,61000000,104,0,0,0,33640000,43410000,40970000,11980000,28090000,19590000,990000,0,0,40-49,39340000,19886666.67,0.644918033,High,3,No Late Payments,High
CC101761,45,Female,Bachelor,Single,Salaried,15400000,78000000,153,0,0,2,63120000,53230000,40780000,16780000,15960000,4370000,6020000,2,0,40-49,52376666.67,12370000,0.671495726,High,3,Low,High
CC101762,48,Female,Bachelor,Other,Salaried,20900000,99000000,71,0,0,0,6370000,31810000,32260000,2580000,6130000,14490000,3030000,0,0,40-49,23480000,7733333.333,0.237171717,Low,1,No Late Payments,High
CC101763,40,Male,Postgraduate,Married,Salaried,18400000,96000000,142,0,0,0,14850000,18030000,32360000,5730000,15690000,15100000,550000,0,0,40-49,21746666.67,12173333.33,0.226527778,Low,1,No Late Payments,High
CC101764,51,Female,Diploma,Single,Salaried,9600000,72000000,98,0,2,3,53700000,57230000,51520000,27610000,12760000,8300000,6360000,2,0,50-59,54150000,16223333.33,0.752083333,Very High,4,Low,High
CC101765,37,Female,Bachelor,Married,Other,10000000,42000000,74,0,2,0,29220000,35810000,29420000,7440000,4450000,8630000,2620000,3,1,30-39,31483333.33,6840000,0.749603175,High,3,Moderate,Medium
CC101766,38,Male,Bachelor,Other,Self-employed,16500000,72000000,99,2,3,0,45420000,62140000,48630000,1340000,3800000,16480000,5610000,3,1,30-39,52063333.33,7206666.667,0.723101852,High,3,Moderate,High
CC101767,21,Female,Bachelor,Single,Self-employed,7100000,34000000,16,0,0,0,13370000,15700000,10510000,2380000,13550000,5880000,820000,1,0,21-29,13193333.33,7270000,0.388039216,Moderate,2,Low,Low
CC101768,39,Female,Bachelor,Married,Contract,7400000,36000000,86,0,1,3,6960000,5610000,7530000,2610000,860000,640000,1380000,3,1,30-39,6700000,1370000,0.186111111,Low,1,Moderate,Low
CC101769,51,Male,Postgraduate,Married,Salaried,23700000,114000000,106,0,0,1,29430000,51250000,47100000,9800000,24420000,7230000,3130000,1,0,50-59,42593333.33,13816666.67,0.373625731,Moderate,2,Low,Very High
CC101770,47,Female,Diploma,Married,Self-employed,13700000,63000000,203,0,0,0,37420000,30080000,30240000,15490000,6450000,8770000,290000,0,0,40-49,32580000,10236666.67,0.517142857,High,3,No Late Payments,High
CC101771,58,Male,Diploma,Other,Government,22000000,98000000,240,0,0,3,54270000,36940000,37890000,56650000,9860000,11190000,4770000,1,0,50-59,43033333.33,25900000,0.439115646,Moderate,2,Low,High
CC101772,24,Female,High School,Single,Salaried,5000000,23000000,32,0,0,0,9040000,8030000,10640000,4470000,4140000,8680000,530000,0,0,21-29,9236666.667,5763333.333,0.401594203,Moderate,2,No Late Payments,Low
CC101773,47,Male,Postgraduate,Married,Self-employed,22400000,57000000,89,0,0,0,28220000,19540000,23960000,10860000,4740000,7390000,3570000,0,0,40-49,23906666.67,7663333.333,0.419415205,Moderate,2,No Late Payments,Medium
CC101774,50,Male,Postgraduate,Married,Government,15000000,79000000,168,0,0,1,38400000,48390000,42330000,17590000,9910000,18440000,530000,1,0,50-59,43040000,15313333.33,0.544810127,High,3,Low,High
CC101775,37,Female,Bachelor,Married,Salaried,9000000,45000000,99,0,0,0,11700000,15180000,16200000,5680000,6020000,11980000,3620000,0,0,30-39,14360000,7893333.333,0.319111111,Moderate,2,No Late Payments,Medium
CC101776,29,Male,Diploma,Married,Government,13000000,61000000,46,0,0,0,14300000,12120000,6880000,5290000,7250000,5710000,1080000,0,0,21-29,11100000,6083333.333,0.181967213,Low,1,No Late Payments,High
CC101777,42,Male,High School,Other,Salaried,13700000,67000000,171,0,0,0,34020000,23330000,19260000,31710000,10000000,6210000,300000,0,0,40-49,25536666.67,15973333.33,0.381144279,Moderate,2,No Late Payments,High
CC101778,34,Male,Bachelor,Other,Salaried,8900000,38000000,63,0,0,0,4300000,3990000,6340000,1720000,1070000,2320000,40000,0,0,30-39,4876666.667,1703333.333,0.128333333,Low,1,No Late Payments,Low
CC101779,43,Male,Diploma,Married,Salaried,11100000,49000000,80,0,0,1,28200000,28550000,21740000,9520000,3330000,7830000,1460000,2,0,40-49,26163333.33,6893333.333,0.533945578,High,3,Low,Medium
CC101780,32,Female,Bachelor,Married,Salaried,10500000,31000000,37,0,0,0,14720000,11920000,11580000,5000000,12190000,3750000,160000,0,1,30-39,12740000,6980000,0.410967742,Moderate,2,No Late Payments,Low
CC101781,39,Female,Bachelor,Married,Government,15100000,42000000,82,0,0,0,11490000,5310000,9720000,5130000,1860000,2900000,450000,0,0,30-39,8840000,3296666.667,0.21047619,Low,1,No Late Payments,Medium
CC101782,30,Female,Bachelor,Married,Government,14800000,62000000,53,0,0,1,24420000,12960000,8890000,5690000,1510000,1850000,5850000,1,0,30-39,15423333.33,3016666.667,0.248763441,Low,1,Low,High
CC101783,50,Male,Bachelor,Married,Contract,15600000,74000000,169,2,3,3,47700000,48430000,59320000,830000,4360000,1440000,5250000,3,1,50-59,51816666.67,2210000,0.700225225,High,3,Moderate,High
CC101784,23,Female,Bachelor,Single,Salaried,11300000,20000000,19,0,0,0,5410000,7380000,9200000,1470000,2150000,530000,10000,0,1,21-29,7330000,1383333.333,0.3665,Moderate,2,No Late Payments,Low
CC101785,21,Female,High School,Single,Salaried,5000000,20000000,21,2,0,0,10900000,11140000,11700000,1280000,3290000,4080000,1310000,1,0,21-29,11246666.67,2883333.333,0.562333333,High,3,Low,Low
CC101786,41,Female,High School,Single,Government,8600000,60000000,122,3,2,3,39440000,35920000,33880000,3390000,6110000,1490000,4460000,3,1,40-49,36413333.33,3663333.333,0.606888889,High,3,Moderate,High
CC101787,28,Male,High School,Married,Salaried,6600000,20000000,54,0,0,0,8660000,6830000,5460000,3500000,4270000,1860000,260000,0,1,21-29,6983333.333,3210000,0.349166667,Moderate,2,No Late Payments,Low
CC101788,38,Female,High School,Married,Salaried,8200000,44000000,105,0,0,0,1380000,530000,7910000,620000,480000,4540000,1730000,0,0,30-39,3273333.333,1880000,0.074393939,Low,1,No Late Payments,Medium
CC101789,31,Male,Diploma,Single,Salaried,10700000,57000000,123,0,0,0,19530000,26960000,39870000,6200000,7700000,14900000,4800000,0,0,30-39,28786666.67,9600000,0.50502924,High,3,No Late Payments,Medium
CC101790,32,Male,High School,Married,Contract,13500000,45000000,131,0,0,0,11170000,11220000,16690000,3950000,3470000,8450000,560000,0,0,30-39,13026666.67,5290000,0.289481481,Moderate,2,No Late Payments,Medium
CC101791,21,Female,Diploma,Single,Self-employed,9900000,29000000,22,0,0,0,1260000,8710000,5340000,1310000,8290000,5270000,760000,1,0,21-29,5103333.333,4956666.667,0.175977011,Low,1,Low,Low
CC101792,57,Female,High School,Other,Salaried,7200000,38000000,129,1,1,0,22270000,15540000,16690000,1910000,1960000,3860000,2530000,2,1,50-59,18166666.67,2576666.667,0.478070175,Moderate,2,Low,Low
CC101793,36,Female,Bachelor,Single,Salaried,9900000,57000000,107,0,0,0,25180000,19050000,20900000,6630000,3020000,11360000,350000,0,0,30-39,21710000,7003333.333,0.380877193,Moderate,2,No Late Payments,Medium
CC101794,22,Female,High School,Single,Contract,9300000,24000000,22,3,1,1,14780000,17760000,19240000,330000,6020000,7050000,860000,3,0,21-29,17260000,4466666.667,0.719166667,High,3,Moderate,Low
CC101795,32,Male,Postgraduate,Married,Salaried,29500000,83000000,87,0,2,0,14310000,17290000,13750000,5580000,3850000,3700000,2490000,1,0,30-39,15116666.67,4376666.667,0.182128514,Low,1,Low,High
CC101796,37,Male,Bachelor,Single,Salaried,10500000,41000000,62,0,2,0,20180000,13170000,21750000,11360000,1940000,2050000,1460000,2,0,30-39,18366666.67,5116666.667,0.44796748,Moderate,2,Low,Medium
CC101797,41,Male,Bachelor,Married,Government,34300000,209000000,160,0,0,2,162240000,190750000,191780000,57630000,24230000,2600000,10130000,2,0,40-49,181590000,28153333.33,0.868851675,Very High,4,Low,Very High
CC101798,39,Female,Bachelor,Married,Salaried,13400000,57000000,50,1,3,0,31080000,17660000,12180000,7450000,1200000,10090000,5470000,2,1,30-39,20306666.67,6246666.667,0.35625731,Moderate,2,Low,Medium
CC101799,36,Female,High School,Married,Salaried,9000000,54000000,114,0,0,0,21220000,22620000,25500000,11250000,5620000,8090000,1320000,0,0,30-39,23113333.33,8320000,0.428024691,Moderate,2,No Late Payments,Medium
CC101800,21,Male,High School,Single,Salaried,5000000,20000000,53,0,0,0,3770000,6300000,8680000,730000,2430000,1720000,520000,1,0,21-29,6250000,1626666.667,0.3125,Moderate,2,Low,Low
CC101801,33,Female,Bachelor,Married,Government,12100000,78000000,91,0,0,0,6760000,9880000,2000000,4040000,3750000,870000,1020000,0,0,30-39,6213333.333,2886666.667,0.07965812,Low,1,No Late Payments,High
CC101802,21,Female,Bachelor,Other,Salaried,8100000,26000000,3,1,2,2,8550000,7420000,12080000,1640000,440000,520000,2080000,4,0,21-29,9350000,866666.6667,0.359615385,Moderate,2,Moderate,Low
CC101803,39,Female,Bachelor,Married,Salaried,9100000,47000000,113,3,3,3,24990000,22100000,20790000,820000,960000,640000,4210000,3,1,30-39,22626666.67,806666.6667,0.48141844,Moderate,2,Moderate,Medium
CC101804,40,Female,Diploma,Single,Salaried,11600000,60000000,107,1,0,0,18920000,38630000,35480000,3960000,9820000,10850000,150000,1,0,40-49,31010000,8210000,0.516833333,High,3,Low,High
CC101805,38,Female,Diploma,Married,Salaried,8600000,49000000,107,3,3,3,23540000,27010000,17930000,990000,2360000,970000,2360000,3,1,30-39,22826666.67,1440000,0.46585034,Moderate,2,Moderate,Medium
CC101806,44,Female,Diploma,Married,Salaried,13400000,71000000,83,0,0,0,40130000,38350000,31700000,18170000,8470000,10320000,3110000,1,0,40-49,36726666.67,12320000,0.517276995,High,3,Low,High
CC101807,24,Female,Bachelor,Single,Salaried,7900000,32000000,30,0,0,0,15040000,13800000,12120000,12460000,4310000,5310000,1240000,0,0,21-29,13653333.33,7360000,0.426666667,Moderate,2,No Late Payments,Low
CC101808,46,Male,Postgraduate,Married,Self-employed,18700000,99000000,107,0,0,0,2250000,20150000,7260000,1610000,6550000,1490000,2320000,1,0,40-49,9886666.667,3216666.667,0.09986532,Low,1,Low,High
CC101809,26,Female,Bachelor,Single,Salaried,14900000,65000000,34,0,0,1,43680000,41720000,48850000,8930000,15920000,16110000,2340000,1,0,21-29,44750000,13653333.33,0.688461538,High,3,Low,High
CC101810,26,Female,Bachelor,Single,Self-employed,18800000,57000000,35,0,0,0,25010000,24530000,8230000,12020000,9610000,4090000,5750000,0,0,21-29,19256666.67,8573333.333,0.337836257,Moderate,2,No Late Payments,Medium
CC101811,43,Male,High School,Married,Self-employed,11600000,68000000,117,0,0,0,46470000,48410000,42140000,13430000,46720000,22310000,1280000,1,0,40-49,45673333.33,27486666.67,0.671666667,High,3,Low,High
CC101812,32,Female,Diploma,Other,Salaried,6100000,22000000,70,2,3,2,14950000,12370000,11370000,320000,480000,330000,1280000,3,0,30-39,12896666.67,376666.6667,0.586212121,High,3,Moderate,Low
CC101813,50,Female,High School,Single,Salaried,6600000,39000000,173,0,0,0,14470000,16060000,18410000,6370000,5820000,7160000,940000,0,0,50-59,16313333.33,6450000,0.418290598,Moderate,2,No Late Payments,Low
CC101814,45,Male,High School,Married,Salaried,9200000,40000000,110,0,0,0,14900000,15040000,18390000,8700000,6560000,12460000,40000,0,0,40-49,16110000,9240000,0.40275,Moderate,2,No Late Payments,Medium
CC101815,39,Male,High School,Married,Self-employed,10500000,49000000,148,0,2,0,16140000,11880000,18990000,5430000,1100000,7810000,6710000,1,0,30-39,15670000,4780000,0.319795918,Moderate,2,Low,Medium
CC101816,51,Female,High School,Married,Salaried,9400000,42000000,158,0,0,0,14970000,13880000,16830000,9690000,5460000,6970000,6190000,0,0,50-59,15226666.67,7373333.333,0.362539683,Moderate,2,No Late Payments,Medium
CC101817,36,Female,Diploma,Married,Salaried,6800000,22000000,118,1,0,0,9790000,10910000,11890000,1850000,4040000,2490000,1370000,1,0,30-39,10863333.33,2793333.333,0.493787879,Moderate,2,Low,Low
CC101818,50,Female,Bachelor,Married,Other,13400000,88000000,135,0,1,0,33550000,27740000,30530000,1850000,8360000,13880000,4720000,1,0,50-59,30606666.67,8030000,0.34780303,Moderate,2,Low,High
CC101819,38,Male,Diploma,Single,Contract,9700000,44000000,137,3,2,3,38880000,39330000,37090000,780000,3370000,3080000,4400000,3,1,30-39,38433333.33,2410000,0.873484848,Very High,4,Moderate,Medium
CC101820,21,Female,High School,Single,Other,5400000,28000000,33,0,0,0,8120000,10610000,8960000,7860000,4100000,3030000,520000,0,0,21-29,9230000,4996666.667,0.329642857,Moderate,2,No Late Payments,Low
CC101821,45,Male,High School,Single,Salaried,9700000,45000000,101,0,0,0,3880000,4060000,0,1330000,3320000,0,1230000,0,0,40-49,2646666.667,1550000,0.058814815,Low,1,No Late Payments,Medium
CC101822,39,Female,Diploma,Married,Salaried,11900000,75000000,109,0,0,0,22150000,9840000,25340000,10120000,3990000,12490000,3250000,0,0,30-39,19110000,8866666.667,0.2548,Moderate,2,No Late Payments,High
CC101823,55,Female,Diploma,Married,Self-employed,18300000,107000000,147,0,0,0,11170000,5260000,28520000,5250000,1550000,11520000,4640000,1,0,50-59,14983333.33,6106666.667,0.140031153,Low,1,Low,Very High
CC101824,55,Female,Bachelor,Married,Self-employed,22300000,115000000,195,0,0,0,56130000,55450000,51200000,28200000,34020000,8250000,7840000,0,1,50-59,54260000,23490000,0.471826087,Moderate,2,No Late Payments,Very High
CC101825,47,Female,Bachelor,Married,Contract,8900000,36000000,98,0,0,0,20100000,20270000,25050000,5360000,5540000,8020000,70000,1,0,40-49,21806666.67,6306666.667,0.605740741,High,3,Low,Low
CC101826,50,Female,Bachelor,Other,Salaried,12400000,54000000,216,0,0,2,23430000,12010000,16120000,7020000,2720000,1130000,1560000,1,0,50-59,17186666.67,3623333.333,0.318271605,Moderate,2,Low,Medium
CC101827,22,Female,Bachelor,Single,Contract,5000000,20000000,4,3,3,3,20640000,19070000,19170000,220000,300000,330000,2820000,3,1,21-29,19626666.67,283333.3333,0.981333333,Very High,4,Moderate,Low
CC101828,28,Male,High School,Married,Salaried,9800000,29000000,41,0,0,1,10600000,10200000,7890000,3950000,9490000,1550000,580000,2,0,21-29,9563333.333,4996666.667,0.329770115,Moderate,2,Low,Low
CC101829,38,Male,Bachelor,Single,Salaried,13800000,54000000,103,3,0,0,27630000,27880000,37800000,1010000,24550000,15520000,3720000,2,1,30-39,31103333.33,13693333.33,0.575987654,High,3,Low,Medium
CC101830,42,Female,High School,Other,Government,5400000,27000000,183,0,0,0,11460000,8700000,10000000,5650000,4400000,5000000,400000,0,0,40-49,10053333.33,5016666.667,0.372345679,Moderate,2,No Late Payments,Low
CC101831,52,Female,Diploma,Single,Self-employed,20500000,81000000,148,0,0,0,33110000,35460000,38180000,13930000,13540000,11350000,3110000,0,0,50-59,35583333.33,12940000,0.439300412,Moderate,2,No Late Payments,High
CC101832,26,Female,Bachelor,Single,Contract,10700000,44000000,31,0,0,0,12130000,6280000,9890000,5090000,2780000,8940000,1900000,1,0,21-29,9433333.333,5603333.333,0.214393939,Low,1,Low,Medium
CC101833,50,Female,Bachelor,Married,Self-employed,14300000,44000000,161,0,0,0,15480000,18580000,20240000,5160000,8610000,5780000,1860000,0,0,50-59,18100000,6516666.667,0.411363636,Moderate,2,No Late Payments,Medium
CC101834,29,Male,Bachelor,Married,Contract,8400000,20000000,68,3,0,1,10570000,16040000,15170000,380000,2110000,540000,1330000,3,1,21-29,13926666.67,1010000,0.696333333,High,3,Moderate,Low
CC101835,37,Male,High School,Single,Salaried,8200000,39000000,106,0,0,0,17560000,22880000,26400000,15240000,10590000,11210000,1020000,0,0,30-39,22280000,12346666.67,0.571282051,High,3,No Late Payments,Low
CC101836,21,Female,Diploma,Single,Contract,6000000,20000000,22,0,0,0,7270000,6010000,7340000,710000,2700000,7050000,570000,0,0,21-29,6873333.333,3486666.667,0.343666667,Moderate,2,No Late Payments,Low
CC101837,35,Male,Diploma,Married,Contract,11400000,50000000,31,1,0,0,23350000,26130000,27740000,9000000,10160000,10100000,1540000,1,0,30-39,25740000,9753333.333,0.5148,High,3,Low,Medium
CC101838,36,Male,Postgraduate,Married,Government,24800000,106000000,106,1,3,0,18160000,36140000,28550000,5160000,7100000,12720000,3090000,2,0,30-39,27616666.67,8326666.667,0.260534591,Moderate,2,Low,Very High
CC101839,35,Female,Bachelor,Married,Salaried,15800000,95000000,93,0,0,0,36300000,50020000,47490000,31820000,47780000,20960000,1890000,0,0,30-39,44603333.33,33520000,0.469508772,Moderate,2,No Late Payments,High
CC101840,27,Male,Bachelor,Married,Salaried,7600000,43000000,29,3,3,3,36690000,32710000,40310000,11070000,780000,10580000,2810000,3,1,21-29,36570000,7476666.667,0.850465116,Very High,4,Moderate,Medium
CC101841,51,Male,Bachelor,Married,Salaried,16900000,64000000,180,0,0,0,6680000,3930000,2300000,2530000,1050000,2030000,2830000,1,0,50-59,4303333.333,1870000,0.067239583,Low,1,Low,High
CC101842,56,Male,Diploma,Married,Government,7400000,34000000,116,2,1,3,25620000,25140000,21400000,8100000,710000,730000,1930000,4,1,50-59,24053333.33,3180000,0.70745098,High,3,Moderate,Low
CC101843,43,Male,Bachelor,Married,Salaried,9200000,36000000,91,0,0,0,22470000,22630000,25780000,10940000,7200000,10850000,3740000,0,0,40-49,23626666.67,9663333.333,0.656296296,High,3,No Late Payments,Low
CC101844,46,Male,High School,Married,Government,17100000,86000000,147,0,0,0,24410000,13650000,6950000,22560000,8340000,2550000,6130000,0,0,40-49,15003333.33,11150000,0.174457364,Low,1,No Late Payments,High
CC101845,23,Male,Bachelor,Single,Contract,8200000,26000000,52,0,1,0,11210000,9540000,6070000,2980000,2530000,1630000,3110000,2,0,21-29,8940000,2380000,0.343846154,Moderate,2,Low,Low
CC101846,21,Male,Bachelor,Single,Self-employed,7100000,28000000,16,0,3,0,17330000,19990000,20890000,5480000,300000,4260000,1540000,1,0,21-29,19403333.33,3346666.667,0.69297619,High,3,Low,Low
CC101847,41,Male,High School,Married,Self-employed,9300000,35000000,164,0,0,0,12950000,9250000,9570000,5600000,9350000,7810000,1940000,1,0,40-49,10590000,7586666.667,0.302571429,Moderate,2,Low,Low
CC101848,31,Male,Bachelor,Single,Salaried,13100000,58000000,116,0,1,3,7530000,5330000,8110000,2260000,1120000,750000,3490000,3,1,30-39,6990000,1376666.667,0.120517241,Low,1,Moderate,Medium
CC101849,38,Female,Postgraduate,Married,Salaried,13200000,59000000,112,0,0,0,45040000,50260000,43760000,20830000,16960000,19080000,4670000,0,0,30-39,46353333.33,18956666.67,0.785649718,Very High,4,No Late Payments,Medium
CC101850,55,Male,Bachelor,Married,Salaried,20500000,118000000,178,1,2,2,23040000,24060000,22490000,6310000,2390000,1690000,6800000,3,1,50-59,23196666.67,3463333.333,0.196581921,Low,1,Moderate,Very High
CC101851,38,Female,Bachelor,Married,Salaried,13100000,58000000,46,0,0,0,20380000,18700000,23260000,7760000,5300000,9560000,7940000,0,0,30-39,20780000,7540000,0.358275862,Moderate,2,No Late Payments,Medium
CC101852,21,Male,High School,Single,Government,5000000,20000000,36,0,0,0,3470000,6000000,5840000,1690000,2610000,1120000,930000,0,0,21-29,5103333.333,1806666.667,0.255166667,Moderate,2,No Late Payments,Low
CC101853,26,Male,Bachelor,Single,Government,12500000,40000000,10,0,0,0,5330000,4900000,11500000,1420000,1530000,11930000,1970000,1,0,21-29,7243333.333,4960000,0.181083333,Low,1,Low,Medium
CC101854,42,Female,Bachelor,Married,Salaried,10500000,44000000,68,0,0,0,11650000,16790000,17350000,4940000,6350000,9760000,3690000,0,0,40-49,15263333.33,7016666.667,0.346893939,Moderate,2,No Late Payments,Medium
CC101855,40,Male,Diploma,Married,Other,7800000,20000000,78,0,0,0,14540000,14550000,13130000,4610000,4200000,4880000,1830000,0,1,40-49,14073333.33,4563333.333,0.703666667,High,3,No Late Payments,Low
CC101856,43,Male,Diploma,Single,Salaried,9000000,48000000,149,0,0,0,30000,9610000,12100000,30000,4360000,7740000,1030000,0,0,40-49,7246666.667,4043333.333,0.150972222,Low,1,No Late Payments,Medium
CC101857,40,Male,Diploma,Married,Self-employed,14800000,67000000,111,0,0,0,33370000,40660000,36970000,16840000,16660000,22510000,180000,0,0,40-49,37000000,18670000,0.552238806,High,3,No Late Payments,High
CC101858,31,Male,Bachelor,Married,Salaried,12100000,54000000,48,1,0,0,29470000,28030000,32790000,8620000,8320000,15690000,7250000,2,0,30-39,30096666.67,10876666.67,0.557345679,High,3,Low,Medium
CC101859,38,Female,Bachelor,Single,Government,10600000,62000000,143,0,0,0,16270000,9830000,16200000,940000,3140000,6020000,1660000,1,1,30-39,14100000,3366666.667,0.227419355,Low,1,Low,High
CC101860,36,Female,High School,Other,Salaried,12000000,48000000,41,3,3,3,34360000,36270000,25040000,640000,1430000,1030000,3460000,3,1,30-39,31890000,1033333.333,0.664375,High,3,Moderate,Medium
CC101861,32,Male,Bachelor,Married,Salaried,12100000,60000000,74,0,1,0,41530000,34260000,42910000,15800000,12830000,16910000,1360000,1,0,30-39,39566666.67,15180000,0.659444444,High,3,Low,High
CC101862,38,Female,High School,Single,Salaried,9900000,61000000,104,3,3,3,36710000,36490000,39730000,680000,660000,1340000,5930000,3,1,30-39,37643333.33,893333.3333,0.617103825,High,3,Moderate,High
CC101863,37,Male,High School,Other,Self-employed,9500000,60000000,120,0,0,0,24550000,20340000,19740000,9770000,6290000,18160000,3050000,0,0,30-39,21543333.33,11406666.67,0.359055556,Moderate,2,No Late Payments,High
CC101864,36,Female,Diploma,Married,Salaried,16600000,71000000,36,0,0,0,32960000,31290000,25800000,29580000,7560000,11830000,9860000,0,0,30-39,30016666.67,16323333.33,0.422769953,Moderate,2,No Late Payments,High
CC101865,33,Male,Bachelor,Single,Salaried,15900000,58000000,85,0,0,0,41320000,40640000,23890000,17260000,8800000,10790000,3410000,0,0,30-39,35283333.33,12283333.33,0.608333333,High,3,No Late Payments,Medium
CC101866,36,Male,Bachelor,Married,Salaried,14100000,92000000,123,3,3,0,62560000,53440000,68960000,1010000,1520000,13250000,4950000,2,1,30-39,61653333.33,5260000,0.670144928,High,3,Low,High
CC101867,25,Male,Bachelor,Single,Salaried,10600000,38000000,7,0,0,0,24280000,14720000,16580000,8540000,6080000,14380000,1840000,0,0,21-29,18526666.67,9666666.667,0.48754386,Moderate,2,No Late Payments,Low
CC101868,28,Male,Diploma,Married,Salaried,6800000,21000000,55,1,0,0,2270000,90000,590000,330000,90000,320000,880000,1,1,21-29,983333.3333,246666.6667,0.046825397,Low,1,Low,Low
CC101869,27,Male,Bachelor,Married,Contract,9000000,28000000,57,0,0,0,8520000,12090000,11740000,1690000,1480000,4150000,530000,2,0,21-29,10783333.33,2440000,0.385119048,Moderate,2,Low,Low
CC101870,44,Male,Bachelor,Single,Contract,9300000,37000000,173,3,3,3,26070000,18080000,19540000,440000,590000,410000,2540000,3,1,40-49,21230000,480000,0.573783784,High,3,Moderate,Low
CC101871,39,Female,Postgraduate,Single,Government,15600000,74000000,37,0,0,0,41200000,36950000,40550000,14240000,5410000,14880000,6660000,1,0,30-39,39566666.67,11510000,0.534684685,High,3,Low,High
CC101872,37,Male,Bachelor,Married,Self-employed,14800000,63000000,83,0,0,0,42090000,37370000,36200000,10240000,32360000,12440000,5310000,0,0,30-39,38553333.33,18346666.67,0.611957672,High,3,No Late Payments,High
CC101873,40,Male,High School,Single,Salaried,9400000,39000000,67,0,0,0,12490000,13560000,19470000,1460000,5760000,18960000,4030000,0,0,40-49,15173333.33,8726666.667,0.389059829,Moderate,2,No Late Payments,Low
CC101874,26,Male,Postgraduate,Married,Salaried,11500000,36000000,53,0,0,0,3010000,5930000,7310000,1450000,2000000,3240000,960000,0,0,21-29,5416666.667,2230000,0.150462963,Low,1,No Late Payments,Low
CC101875,28,Male,Postgraduate,Single,Contract,7500000,30000000,21,3,3,2,14320000,16220000,15370000,660000,590000,690000,940000,3,1,21-29,15303333.33,646666.6667,0.510111111,High,3,Moderate,Low
CC101876,43,Female,High School,Married,Salaried,10800000,64000000,86,0,0,0,28420000,31960000,25400000,15470000,11420000,21710000,1040000,0,0,40-49,28593333.33,16200000,0.446770833,Moderate,2,No Late Payments,High
CC101877,36,Male,Bachelor,Single,Government,10600000,53000000,65,0,0,0,25070000,29050000,27340000,11970000,9780000,4840000,870000,0,0,30-39,27153333.33,8863333.333,0.512327044,High,3,No Late Payments,Medium
CC101878,36,Male,Bachelor,Married,Self-employed,25100000,103000000,58,0,0,0,66420000,57780000,48700000,16490000,9920000,16510000,6660000,0,0,30-39,57633333.33,14306666.67,0.559546926,High,3,No Late Payments,Very High
CC101879,26,Female,Diploma,Single,Salaried,6700000,21000000,8,0,0,0,5900000,5550000,5210000,3540000,5600000,3980000,120000,0,0,21-29,5553333.333,4373333.333,0.264444444,Moderate,2,No Late Payments,Low
CC101880,33,Female,Diploma,Married,Government,8400000,51000000,58,0,0,0,44100000,37400000,30840000,14670000,9540000,31420000,3560000,0,0,30-39,37446666.67,18543333.33,0.734248366,High,3,No Late Payments,Medium
CC101881,38,Male,Diploma,Married,Self-employed,17400000,98000000,63,2,0,0,57580000,56420000,55870000,8500000,20540000,50610000,7960000,1,1,30-39,56623333.33,26550000,0.577789116,High,3,Low,High
CC101882,34,Female,Bachelor,Married,Salaried,8000000,39000000,46,1,0,0,19830000,21890000,16390000,2750000,10240000,6460000,1270000,2,0,30-39,19370000,6483333.333,0.496666667,Moderate,2,Low,Low
CC101883,27,Female,Diploma,Married,Salaried,6900000,36000000,54,3,3,0,20660000,30690000,28660000,1210000,440000,5100000,7200000,3,0,21-29,26670000,2250000,0.740833333,High,3,Moderate,Low
CC101884,43,Male,High School,Married,Salaried,7800000,30000000,153,0,0,0,21010000,18640000,21010000,18410000,7690000,7110000,1710000,0,0,40-49,20220000,11070000,0.674,High,3,No Late Payments,Low
CC101885,37,Female,Bachelor,Married,Government,17600000,80000000,85,0,0,0,9140000,9350000,16860000,4650000,3620000,8500000,1470000,0,0,30-39,11783333.33,5590000,0.147291667,Low,1,No Late Payments,High
CC101886,58,Male,Bachelor,Single,Self-employed,24900000,101000000,179,0,0,0,59530000,78900000,82300000,16130000,27470000,20790000,3360000,0,0,50-59,73576666.67,21463333.33,0.728481848,High,3,No Late Payments,Very High
CC101887,47,Male,Bachelor,Other,Other,9600000,38000000,169,0,0,0,15750000,12000000,10280000,3490000,5180000,4520000,800000,0,0,40-49,12676666.67,4396666.667,0.333596491,Moderate,2,No Late Payments,Low
CC101888,41,Female,Bachelor,Single,Salaried,11900000,61000000,128,0,0,0,9170000,19620000,23830000,3730000,18330000,24630000,1380000,0,0,40-49,17540000,15563333.33,0.287540984,Moderate,2,No Late Payments,High
CC101889,41,Male,Bachelor,Married,Salaried,14000000,81000000,116,0,0,0,66720000,75660000,63440000,57110000,18960000,65440000,4080000,0,0,40-49,68606666.67,47170000,0.846995885,Very High,4,No Late Payments,High
CC101890,37,Male,High School,Married,Self-employed,5800000,30000000,123,0,0,0,11230000,13450000,10130000,3460000,7060000,6580000,100000,0,0,30-39,11603333.33,5700000,0.386777778,Moderate,2,No Late Payments,Low
CC101891,27,Female,Diploma,Married,Salaried,7500000,35000000,30,0,0,0,16000000,10360000,11070000,8760000,3850000,5950000,630000,0,0,21-29,12476666.67,6186666.667,0.35647619,Moderate,2,No Late Payments,Low
CC101892,32,Female,Bachelor,Married,Self-employed,11100000,68000000,56,0,0,0,22540000,23340000,5290000,9340000,9020000,4280000,840000,1,1,30-39,17056666.67,7546666.667,0.250833333,Moderate,2,Low,High
CC101893,25,Female,High School,Single,Contract,5500000,20000000,47,0,1,1,15280000,13930000,13490000,2550000,6010000,370000,1540000,3,0,21-29,14233333.33,2976666.667,0.711666667,High,3,Moderate,Low
CC101894,40,Female,Diploma,Married,Contract,10100000,47000000,46,0,1,2,27500000,25740000,18580000,5250000,520000,2100000,1810000,2,1,40-49,23940000,2623333.333,0.509361702,High,3,Low,Medium
CC101895,49,Male,Bachelor,Single,Salaried,18200000,58000000,195,0,0,0,57690000,50810000,40110000,30490000,18440000,10510000,1820000,1,0,40-49,49536666.67,19813333.33,0.85408046,Very High,4,Low,Medium
CC101896,38,Female,High School,Single,Contract,8300000,39000000,133,0,0,0,22200000,25840000,24770000,7380000,8880000,23250000,130000,0,0,30-39,24270000,13170000,0.622307692,High,3,No Late Payments,Low
CC101897,43,Female,Bachelor,Married,Salaried,10900000,52000000,146,0,0,1,23060000,15920000,17470000,8660000,7220000,2100000,3180000,2,0,40-49,18816666.67,5993333.333,0.361858974,Moderate,2,Low,Medium
CC101898,30,Female,Diploma,Married,Salaried,7900000,29000000,82,0,0,0,8910000,10950000,10350000,3150000,4700000,5020000,280000,1,0,30-39,10070000,4290000,0.347241379,Moderate,2,Low,Low
CC101899,38,Female,Bachelor,Married,Salaried,14800000,40000000,89,1,0,3,18700000,17540000,21790000,4340000,8390000,830000,5730000,2,0,30-39,19343333.33,4520000,0.483583333,Moderate,2,Low,Medium
CC101900,28,Female,High School,Other,Government,5600000,20000000,59,3,0,0,11470000,10290000,13270000,380000,8240000,6910000,1470000,1,0,21-29,11676666.67,5176666.667,0.583833333,High,3,Low,Low
CC101901,37,Male,Diploma,Married,Salaried,11600000,44000000,156,0,0,0,17580000,11230000,12420000,14360000,4550000,4970000,1300000,0,1,30-39,13743333.33,7960000,0.312348485,Moderate,2,No Late Payments,Medium
CC101902,45,Female,Bachelor,Married,Self-employed,20200000,99000000,155,0,0,0,30110000,40790000,29250000,9400000,9510000,14360000,2090000,1,0,40-49,33383333.33,11090000,0.337205387,Moderate,2,Low,High
CC101903,34,Male,Bachelor,Married,Salaried,9600000,35000000,47,0,0,0,33140000,25650000,26820000,17220000,2040000,10540000,2950000,0,0,30-39,28536666.67,9933333.333,0.815333333,Very High,4,No Late Payments,Low
CC101904,42,Female,Bachelor,Married,Salaried,16100000,88000000,134,0,0,0,58360000,49410000,58790000,18010000,11620000,20550000,4660000,0,0,40-49,55520000,16726666.67,0.630909091,High,3,No Late Payments,High
CC101905,48,Female,Bachelor,Married,Self-employed,16100000,60000000,95,0,0,1,11910000,11540000,11550000,4660000,3840000,4160000,3780000,2,0,40-49,11666666.67,4220000,0.194444444,Low,1,Low,High
CC101906,43,Female,High School,Married,Contract,8700000,38000000,123,0,0,2,31130000,29590000,24690000,9340000,10860000,5100000,2680000,2,0,40-49,28470000,8433333.333,0.749210526,High,3,Low,Low
CC101907,47,Female,High School,Married,Government,10600000,67000000,59,2,0,0,51240000,50090000,50110000,8170000,14640000,24880000,4700000,1,0,40-49,50480000,15896666.67,0.753432836,Very High,4,Low,High
CC101908,40,Male,High School,Single,Contract,7100000,20000000,44,0,0,0,7620000,7970000,10290000,3380000,1370000,4000000,640000,1,0,40-49,8626666.667,2916666.667,0.431333333,Moderate,2,Low,Low
CC101909,43,Male,High School,Married,Other,5100000,37000000,176,2,1,0,32260000,22250000,31800000,1850000,9130000,8150000,4060000,2,0,40-49,28770000,6376666.667,0.777567568,Very High,4,Low,Low
CC101910,29,Female,Postgraduate,Married,Self-employed,20900000,96000000,57,1,0,0,74600000,78000000,67590000,22650000,19050000,23130000,2430000,2,0,21-29,73396666.67,21610000,0.764548611,Very High,4,Low,High
CC101911,43,Female,Postgraduate,Single,Salaried,13400000,52000000,105,0,0,3,46500000,45300000,41620000,47780000,11890000,710000,4140000,1,0,40-49,44473333.33,20126666.67,0.85525641,Very High,4,Low,Medium
CC101912,38,Female,Bachelor,Married,Contract,10700000,30000000,111,3,3,3,21750000,19300000,21400000,4070000,420000,620000,6950000,4,1,30-39,20816666.67,1703333.333,0.693888889,High,3,Moderate,Low
CC101913,56,Female,Bachelor,Other,Salaried,13300000,86000000,219,0,0,0,14050000,7670000,19680000,2920000,4470000,11470000,3970000,1,0,50-59,13800000,6286666.667,0.160465116,Low,1,Low,High
CC101914,40,Male,Diploma,Married,Other,6100000,37000000,158,3,3,3,16070000,16810000,14700000,4060000,390000,700000,2920000,3,1,40-49,15860000,1716666.667,0.428648649,Moderate,2,Moderate,Low
CC101915,36,Female,Diploma,Married,Salaried,10600000,54000000,53,0,0,0,12830000,7030000,13040000,11710000,2980000,4880000,1010000,0,1,30-39,10966666.67,6523333.333,0.20308642,Low,1,No Late Payments,Medium
CC101916,44,Male,Diploma,Married,Self-employed,19000000,66000000,93,0,0,0,34560000,21030000,18190000,6970000,10290000,2020000,2600000,1,0,40-49,24593333.33,6426666.667,0.372626263,Moderate,2,Low,High
CC101917,32,Male,Bachelor,Other,Government,11200000,40000000,92,0,0,0,34370000,33030000,28360000,5180000,11550000,7930000,1590000,0,0,30-39,31920000,8220000,0.798,Very High,4,No Late Payments,Medium
CC101918,37,Female,Diploma,Married,Self-employed,13700000,42000000,81,1,0,0,14800000,13880000,14730000,4560000,2160000,6130000,2780000,1,0,30-39,14470000,4283333.333,0.34452381,Moderate,2,Low,Medium
CC101919,43,Male,Diploma,Married,Government,7200000,40000000,116,0,2,0,11180000,9780000,5840000,1150000,3130000,1370000,1800000,2,0,40-49,8933333.333,1883333.333,0.223333333,Low,1,Low,Medium
CC101920,23,Female,Bachelor,Married,Government,10600000,41000000,37,0,0,0,3720000,5380000,11150000,3180000,2350000,6110000,1110000,0,0,21-29,6750000,3880000,0.164634146,Low,1,No Late Payments,Medium
CC101921,38,Male,Bachelor,Married,Self-employed,17200000,82000000,139,0,0,0,4250000,18970000,19720000,1340000,4280000,15830000,4430000,1,0,30-39,14313333.33,7150000,0.174552846,Low,1,Low,High
CC101922,43,Male,Bachelor,Married,Government,15600000,55000000,128,0,0,0,5920000,17780000,18700000,1830000,8300000,4620000,660000,0,0,40-49,14133333.33,4916666.667,0.256969697,Moderate,2,No Late Payments,Medium
CC101923,44,Male,Bachelor,Married,Salaried,15800000,65000000,112,3,3,0,38790000,31290000,39810000,800000,700000,5960000,3850000,2,1,40-49,36630000,2486666.667,0.563538462,High,3,Low,High
CC101924,46,Male,Diploma,Married,Government,10500000,54000000,113,0,0,0,26470000,30110000,32760000,9900000,10980000,8550000,1810000,0,0,40-49,29780000,9810000,0.551481481,High,3,No Late Payments,Medium
CC101925,51,Female,Bachelor,Other,Self-employed,14700000,72000000,190,3,3,3,28090000,29990000,43510000,1520000,1260000,1620000,9190000,3,1,50-59,33863333.33,1466666.667,0.470324074,Moderate,2,Moderate,High
CC101926,27,Female,Bachelor,Married,Other,7200000,20000000,11,0,2,3,10090000,11500000,13900000,2230000,3270000,440000,1290000,3,0,21-29,11830000,1980000,0.5915,High,3,Moderate,Low
CC101927,27,Male,Bachelor,Single,Salaried,7000000,24000000,29,0,0,0,3820000,7430000,11750000,1330000,2930000,9510000,120000,0,0,21-29,7666666.667,4590000,0.319444444,Moderate,2,No Late Payments,Low
CC101928,28,Female,Bachelor,Married,Government,7100000,38000000,45,0,0,0,8090000,5330000,7850000,1790000,1850000,3670000,3050000,0,0,21-29,7090000,2436666.667,0.186578947,Low,1,No Late Payments,Low
CC101929,32,Female,Bachelor,Married,Government,11800000,50000000,85,0,1,0,20860000,17640000,11170000,6360000,5000000,2540000,3890000,1,0,30-39,16556666.67,4633333.333,0.331133333,Moderate,2,Low,Medium
CC101930,23,Male,Postgraduate,Single,Self-employed,10000000,43000000,45,0,0,0,15430000,12990000,7520000,6040000,5550000,1600000,540000,1,0,21-29,11980000,4396666.667,0.278604651,Moderate,2,Low,Medium
CC101931,26,Male,Diploma,Single,Self-employed,8300000,34000000,36,0,0,0,6110000,10740000,10560000,5130000,5040000,3850000,3160000,0,0,21-29,9136666.667,4673333.333,0.26872549,Moderate,2,No Late Payments,Low
CC101932,30,Female,High School,Single,Other,6200000,24000000,48,0,0,0,14610000,10270000,14760000,4440000,4390000,6480000,2760000,1,0,30-39,13213333.33,5103333.333,0.550555556,High,3,Low,Low
CC101933,31,Female,Bachelor,Married,Self-employed,19000000,64000000,91,2,0,0,28730000,37880000,30620000,7040000,14450000,7680000,1250000,3,0,30-39,32410000,9723333.333,0.50640625,High,3,Moderate,High
CC101934,34,Female,Diploma,Married,Government,9800000,49000000,108,2,3,3,25990000,33410000,28410000,940000,860000,1090000,2970000,3,1,30-39,29270000,963333.3333,0.597346939,High,3,Moderate,Medium
CC101935,50,Female,Diploma,Married,Contract,13800000,40000000,197,0,0,0,12250000,9020000,7550000,3080000,4580000,5120000,2840000,0,0,50-59,9606666.667,4260000,0.240166667,Low,1,No Late Payments,Medium
CC101936,59,Male,Diploma,Married,Self-employed,23600000,143000000,136,0,1,0,66570000,70970000,72950000,24930000,2190000,22040000,3200000,1,0,50-59,70163333.33,16386666.67,0.490652681,Moderate,2,Low,Very High
CC101937,35,Female,Bachelor,Single,Contract,11500000,57000000,88,3,3,3,43010000,46830000,43970000,740000,920000,7910000,4370000,4,1,30-39,44603333.33,3190000,0.78251462,Very High,4,Moderate,Medium
CC101938,31,Female,Bachelor,Married,Self-employed,8000000,36000000,92,0,0,0,4960000,3870000,6650000,1970000,1490000,2530000,2020000,1,0,30-39,5160000,1996666.667,0.143333333,Low,1,Low,Low
CC101939,27,Male,Bachelor,Single,Salaried,9000000,27000000,48,2,0,0,17760000,20130000,14210000,3740000,9820000,3910000,3280000,1,1,21-29,17366666.67,5823333.333,0.643209877,High,3,Low,Low
CC101940,53,Female,Bachelor,Married,Government,13700000,69000000,183,0,0,0,14680000,16750000,13100000,4840000,16250000,5240000,2390000,0,0,50-59,14843333.33,8776666.667,0.215120773,Low,1,No Late Payments,High
CC101941,47,Male,Diploma,Single,Salaried,11500000,22000000,173,1,0,0,4080000,5040000,2350000,1210000,1710000,950000,1190000,1,0,40-49,3823333.333,1290000,0.173787879,Low,1,Low,Low
CC101942,39,Female,Diploma,Married,Salaried,14400000,26000000,107,1,0,0,19610000,18010000,18190000,4620000,11160000,7130000,1160000,2,0,30-39,18603333.33,7636666.667,0.715512821,High,3,Low,Low
CC101943,44,Female,Bachelor,Married,Salaried,18800000,87000000,180,0,0,0,40940000,53260000,42890000,15430000,22440000,9800000,1400000,0,0,40-49,45696666.67,15890000,0.525249042,High,3,No Late Payments,High
CC101944,57,Female,High School,Married,Salaried,15500000,80000000,193,0,0,0,2390000,1770000,32460000,1350000,1580000,33190000,4260000,1,0,50-59,12206666.67,12040000,0.152583333,Low,1,Low,High
CC101945,21,Male,Postgraduate,Single,Salaried,13100000,48000000,5,0,0,0,23850000,20780000,28080000,7570000,9510000,9460000,1260000,0,0,21-29,24236666.67,8846666.667,0.504930556,High,3,No Late Payments,Medium
CC101946,45,Female,Diploma,Married,Contract,9800000,44000000,155,0,0,0,15030000,12710000,13730000,13900000,3520000,6940000,1560000,2,0,40-49,13823333.33,8120000,0.314166667,Moderate,2,Low,Medium
CC101947,43,Male,Bachelor,Married,Government,22100000,139000000,169,0,0,0,4000000,33530000,39520000,1890000,15520000,21930000,4410000,0,0,40-49,25683333.33,13113333.33,0.184772182,Low,1,No Late Payments,Very High
CC101948,46,Female,Bachelor,Single,Self-employed,12000000,56000000,151,0,1,0,24110000,11570000,13180000,3510000,1260000,13450000,2720000,1,0,40-49,16286666.67,6073333.333,0.290833333,Moderate,2,Low,Medium
CC101949,28,Female,High School,Married,Contract,5800000,26000000,88,2,3,0,18020000,24320000,23390000,570000,940000,5730000,1210000,2,1,21-29,21910000,2413333.333,0.842692308,Very High,4,Low,Low
CC101950,41,Male,Diploma,Married,Self-employed,15400000,101000000,141,0,0,0,85580000,71210000,65750000,89180000,14930000,1590000,12950000,0,0,40-49,74180000,35233333.33,0.734455446,High,3,No Late Payments,Very High
CC101951,41,Male,High School,Married,Self-employed,11000000,54000000,73,0,0,0,15890000,22580000,15580000,6780000,10500000,13970000,2710000,0,0,40-49,18016666.67,10416666.67,0.333641975,Moderate,2,No Late Payments,Medium
CC101952,52,Female,Diploma,Married,Salaried,13100000,78000000,110,2,0,0,71570000,57720000,52790000,5730000,6390000,19320000,3490000,1,1,50-59,60693333.33,10480000,0.778119658,Very High,4,Low,High
CC101953,24,Male,Postgraduate,Single,Self-employed,15200000,67000000,5,1,0,0,20370000,23570000,17070000,5580000,11000000,3980000,2930000,2,0,21-29,20336666.67,6853333.333,0.303532338,Moderate,2,Low,High
CC101954,50,Male,High School,Other,Salaried,7500000,36000000,120,1,1,2,22330000,16380000,18140000,8950000,750000,780000,1390000,3,0,50-59,18950000,3493333.333,0.526388889,High,3,Moderate,Low
CC101955,53,Male,High School,Single,Self-employed,9900000,59000000,68,0,0,0,6770000,1540000,3720000,3820000,840000,1390000,930000,1,0,50-59,4010000,2016666.667,0.067966102,Low,1,Low,Medium
CC101956,27,Male,Postgraduate,Married,Salaried,9400000,57000000,55,0,0,0,31820000,28880000,29590000,5410000,16730000,11010000,3330000,0,0,21-29,30096666.67,11050000,0.528011696,High,3,No Late Payments,Medium
CC101957,36,Male,Bachelor,Married,Self-employed,11200000,60000000,88,3,3,0,51800000,50060000,46660000,1270000,1090000,5380000,4810000,2,1,30-39,49506666.67,2580000,0.825111111,Very High,4,Low,High
CC101958,60,Male,Postgraduate,Married,Self-employed,24700000,132000000,237,0,1,0,66830000,86170000,82670000,19470000,14140000,41130000,3710000,2,0,60+,78556666.67,24913333.33,0.595126263,High,3,Low,Very High
CC101959,25,Female,Bachelor,Single,Contract,6600000,25000000,32,0,0,0,4980000,6730000,5260000,1870000,3490000,1990000,690000,0,0,21-29,5656666.667,2450000,0.226266667,Low,1,No Late Payments,Low
CC101960,43,Male,Bachelor,Married,Contract,15600000,56000000,71,0,0,0,6540000,5650000,8690000,2840000,2410000,3720000,110000,0,0,40-49,6960000,2990000,0.124285714,Low,1,No Late Payments,Medium
CC101961,46,Female,Bachelor,Other,Government,11900000,45000000,117,1,0,1,9700000,9410000,10410000,1590000,5860000,3310000,150000,2,0,40-49,9840000,3586666.667,0.218666667,Low,1,Low,Medium
CC101962,41,Male,Bachelor,Married,Government,18900000,101000000,54,0,0,0,13120000,4110000,17780000,13590000,1320000,7910000,1680000,0,0,40-49,11670000,7606666.667,0.115544554,Low,1,No Late Payments,Very High
CC101963,28,Female,High School,Single,Self-employed,8800000,31000000,20,3,0,1,18860000,14610000,14600000,810000,3560000,2940000,480000,2,1,21-29,16023333.33,2436666.667,0.51688172,High,3,Low,Low
CC101964,30,Male,Bachelor,Single,Salaried,11400000,62000000,69,0,0,0,50180000,61040000,59740000,29160000,21350000,22650000,2430000,0,0,30-39,56986666.67,24386666.67,0.919139785,Very High,4,No Late Payments,High
CC101965,44,Female,Diploma,Married,Government,10400000,57000000,170,0,0,0,10490000,10010000,9930000,9260000,3260000,3560000,310000,0,0,40-49,10143333.33,5360000,0.177953216,Low,1,No Late Payments,Medium
CC101966,31,Female,Diploma,Married,Salaried,11200000,61000000,44,0,0,0,31240000,41690000,24230000,25570000,14740000,8920000,1360000,0,0,30-39,32386666.67,16410000,0.530928962,High,3,No Late Payments,High
CC101967,34,Female,Bachelor,Single,Salaried,12800000,42000000,57,0,0,0,26990000,35150000,30340000,5140000,9110000,10170000,3610000,0,0,30-39,30826666.67,8140000,0.733968254,High,3,No Late Payments,Medium
CC101968,24,Female,Bachelor,Single,Salaried,6800000,35000000,34,0,0,0,12000000,12170000,15230000,3090000,4800000,4550000,2810000,0,0,21-29,13133333.33,4146666.667,0.375238095,Moderate,2,No Late Payments,Low
CC101969,36,Male,High School,Married,Other,5200000,33000000,92,3,3,3,20480000,20230000,20150000,360000,3920000,640000,3200000,5,1,30-39,20286666.67,1640000,0.614747475,High,3,High,Low
CC101970,35,Male,Bachelor,Married,Contract,10400000,38000000,47,0,3,0,18190000,21840000,16770000,16940000,500000,6530000,1340000,2,0,30-39,18933333.33,7990000,0.498245614,Moderate,2,Low,Low
CC101971,30,Female,Diploma,Married,Salaried,11500000,40000000,37,0,2,0,10430000,9370000,11400000,4660000,2190000,4270000,1430000,1,0,30-39,10400000,3706666.667,0.26,Moderate,2,Low,Medium
CC101972,33,Female,High School,Single,Self-employed,14100000,44000000,61,0,0,0,36100000,26850000,22570000,8520000,2660000,1620000,1850000,0,0,30-39,28506666.67,4266666.667,0.647878788,High,3,No Late Payments,Medium
CC101973,25,Female,High School,Other,Contract,5300000,20000000,28,0,0,0,4370000,4900000,1680000,2620000,2080000,1440000,350000,0,0,21-29,3650000,2046666.667,0.1825,Low,1,No Late Payments,Low
CC101974,32,Male,Diploma,Other,Contract,7500000,37000000,97,0,0,0,6360000,11330000,12410000,4130000,4670000,6800000,1070000,0,0,30-39,10033333.33,5200000,0.271171171,Moderate,2,No Late Payments,Low
CC101975,30,Female,Diploma,Single,Contract,5900000,23000000,24,2,2,0,13110000,10370000,13140000,3140000,900000,4170000,3950000,2,0,30-39,12206666.67,2736666.667,0.530724638,High,3,Low,Low
CC101976,35,Female,Bachelor,Married,Contract,11600000,63000000,42,0,1,3,45120000,49950000,34190000,16520000,3960000,920000,6400000,2,1,30-39,43086666.67,7133333.333,0.683915344,High,3,Low,High
CC101977,47,Male,Diploma,Married,Salaried,13400000,75000000,160,0,0,0,37240000,40510000,44610000,10380000,8480000,19020000,1640000,0,0,40-49,40786666.67,12626666.67,0.543822222,High,3,No Late Payments,High
CC101978,33,Female,High School,Married,Government,6300000,35000000,58,0,0,0,27270000,26310000,31360000,12770000,13150000,14330000,1880000,0,0,30-39,28313333.33,13416666.67,0.808952381,Very High,4,No Late Payments,Low
CC101979,21,Female,Bachelor,Married,Other,5500000,28000000,26,0,1,2,9650000,6850000,6970000,2470000,1780000,1680000,1900000,2,0,21-29,7823333.333,1976666.667,0.279404762,Moderate,2,Low,Low
CC101980,53,Female,High School,Single,Government,8400000,53000000,101,0,0,0,37320000,30190000,39500000,12490000,4990000,17840000,1630000,0,0,50-59,35670000,11773333.33,0.673018868,High,3,No Late Payments,Medium
CC101981,21,Male,High School,Single,Salaried,5000000,20000000,37,3,3,0,15200000,13560000,15750000,310000,2290000,2530000,1340000,2,1,21-29,14836666.67,1710000,0.741833333,High,3,Low,Low
CC101982,32,Female,Diploma,Married,Salaried,10500000,55000000,87,0,0,0,11130000,13640000,5220000,5780000,4360000,2370000,1140000,0,0,30-39,9996666.667,4170000,0.181757576,Low,1,No Late Payments,Medium
CC101983,48,Female,Bachelor,Married,Self-employed,16200000,66000000,150,0,0,0,10960000,5430000,15540000,5020000,1850000,4740000,2800000,0,0,40-49,10643333.33,3870000,0.161262626,Low,1,No Late Payments,High
CC101984,32,Male,Bachelor,Married,Self-employed,14900000,70000000,72,1,1,1,18130000,21090000,21550000,4270000,8190000,1440000,780000,4,1,30-39,20256666.67,4633333.333,0.289380952,Moderate,2,Moderate,High
CC101985,48,Male,Bachelor,Married,Self-employed,10900000,61000000,99,0,0,0,32850000,41260000,45190000,15650000,15430000,15680000,440000,0,0,40-49,39766666.67,15586666.67,0.651912568,High,3,No Late Payments,High
CC101986,44,Male,Bachelor,Single,Salaried,13500000,47000000,53,2,2,2,42230000,38940000,31730000,2950000,1390000,2790000,10240000,5,1,40-49,37633333.33,2376666.667,0.80070922,Very High,4,High,Medium
CC101987,37,Male,Bachelor,Married,Government,8600000,42000000,72,0,0,1,4020000,10680000,11220000,3830000,4100000,2220000,1400000,1,1,30-39,8640000,3383333.333,0.205714286,Low,1,Low,Medium
CC101988,28,Male,Diploma,Single,Salaried,8100000,27000000,27,0,0,0,10280000,12730000,14870000,3270000,7120000,4960000,2740000,0,0,21-29,12626666.67,5116666.667,0.467654321,Moderate,2,No Late Payments,Low
CC101989,47,Male,High School,Married,Self-employed,5000000,24000000,98,0,1,0,6240000,4780000,4510000,1990000,570000,1450000,670000,1,0,40-49,5176666.667,1336666.667,0.215694444,Low,1,Low,Low
CC101990,47,Female,Postgraduate,Married,Salaried,17400000,84000000,87,0,0,0,1350000,9000000,6380000,1350000,4780000,3210000,1530000,0,0,40-49,5576666.667,3113333.333,0.066388889,Low,1,No Late Payments,High
CC101991,32,Female,Diploma,Married,Salaried,7700000,35000000,101,2,3,0,11030000,13370000,17900000,1090000,1980000,4180000,2610000,2,1,30-39,14100000,2416666.667,0.402857143,Moderate,2,Low,Low
CC101992,28,Male,Bachelor,Married,Salaried,10700000,28000000,21,0,0,0,10730000,12240000,8750000,5060000,4740000,790000,940000,1,0,21-29,10573333.33,3530000,0.377619048,Moderate,2,Low,Low
CC101993,24,Male,High School,Single,Contract,8100000,39000000,45,3,2,0,17620000,12090000,15990000,540000,3230000,3220000,1040000,3,1,21-29,15233333.33,2330000,0.390598291,Moderate,2,Moderate,Low
CC101994,32,Male,Diploma,Married,Salaried,11900000,42000000,72,2,2,0,21080000,17940000,18650000,4200000,1610000,8640000,1750000,2,1,30-39,19223333.33,4816666.667,0.457698413,Moderate,2,Low,Medium
CC101995,21,Male,Bachelor,Other,Contract,6900000,20000000,30,3,3,0,10880000,10710000,14290000,1170000,280000,7310000,1590000,3,1,21-29,11960000,2920000,0.598,High,3,Moderate,Low
CC101996,43,Male,Bachelor,Single,Government,11900000,57000000,89,0,0,0,23310000,25260000,24110000,6090000,7230000,6140000,2220000,0,0,40-49,24226666.67,6486666.667,0.42502924,Moderate,2,No Late Payments,Medium
CC101997,48,Male,High School,Single,Salaried,5400000,27000000,127,0,0,0,14860000,13260000,14320000,6700000,2450000,5710000,540000,1,0,40-49,14146666.67,4953333.333,0.523950617,High,3,Low,Low
CC101998,29,Female,Bachelor,Married,Government,14400000,82000000,57,0,1,0,2040000,14210000,18230000,1160000,3220000,3580000,3750000,1,0,21-29,11493333.33,2653333.333,0.140162602,Low,1,Low,High
CC101999,46,Female,Bachelor,Married,Salaried,16400000,57000000,171,3,3,3,33290000,28900000,27040000,870000,1210000,4130000,4170000,4,1,40-49,29743333.33,2070000,0.521812865,High,3,Moderate,Medium
CC102000,66,Male,Diploma,Married,Government,15600000,62000000,173,0,0,0,34630000,30840000,41270000,9550000,5230000,37810000,1840000,0,0,60+,35580000,17530000,0.573870968,High,3,No Late Payments,High
CC102001,21,Male,Bachelor,Single,Contract,7400000,36000000,26,0,0,0,33470000,22140000,28090000,15040000,12590000,9600000,2060000,0,0,21-29,27900000,12410000,0.775,Very High,4,No Late Payments,Low
CC102002,58,Female,Postgraduate,Married,Contract,15200000,90000000,230,3,2,0,76530000,78550000,64250000,2000000,29930000,21030000,8200000,3,1,50-59,73110000,17653333.33,0.812333333,Very High,4,Moderate,High
CC102003,39,Male,Diploma,Single,Self-employed,9400000,62000000,131,0,0,0,20740000,30990000,25370000,6790000,12010000,25320000,1750000,0,0,30-39,25700000,14706666.67,0.414516129,Moderate,2,No Late Payments,High
CC102004,21,Male,High School,Single,Salaried,7400000,34000000,36,1,0,2,13320000,14570000,19180000,5090000,4720000,3040000,1290000,2,0,21-29,15690000,4283333.333,0.461470588,Moderate,2,Low,Low
CC102005,48,Male,High School,Married,Self-employed,18900000,93000000,91,0,0,0,47990000,44860000,47390000,20730000,25680000,18110000,3780000,0,0,40-49,46746666.67,21506666.67,0.50265233,High,3,No Late Payments,High
CC102006,29,Male,Postgraduate,Married,Self-employed,19600000,122000000,62,1,0,0,68150000,65330000,74150000,13120000,21180000,21160000,1300000,1,0,21-29,69210000,18486666.67,0.567295082,High,3,Low,Very High
CC102007,23,Female,High School,Single,Salaried,7200000,29000000,3,0,0,0,5090000,5470000,8740000,2010000,1410000,5690000,560000,0,0,21-29,6433333.333,3036666.667,0.22183908,Low,1,No Late Payments,Low
CC102008,22,Male,Diploma,Single,Government,8500000,33000000,13,1,0,0,15740000,23710000,19190000,2170000,21900000,10330000,2540000,1,0,21-29,19546666.67,11466666.67,0.592323232,High,3,Low,Low
CC102009,21,Male,Diploma,Single,Contract,9000000,22000000,28,0,0,1,11540000,9800000,11240000,5190000,2810000,260000,440000,1,0,21-29,10860000,2753333.333,0.493636364,Moderate,2,Low,Low
CC102010,40,Female,Diploma,Married,Salaried,11000000,57000000,111,1,1,0,14130000,28650000,27800000,2230000,7330000,2280000,2760000,2,0,40-49,23526666.67,3946666.667,0.412748538,Moderate,2,Low,Medium
CC102011,39,Male,High School,Single,Contract,10400000,40000000,95,1,3,3,20760000,20050000,19480000,830000,430000,730000,1580000,5,1,30-39,20096666.67,663333.3333,0.502416667,High,3,High,Medium
CC102012,43,Male,Diploma,Married,Salaried,12000000,34000000,64,0,0,0,16690000,16610000,17340000,8330000,14730000,7280000,2480000,1,0,40-49,16880000,10113333.33,0.496470588,Moderate,2,Low,Low
CC102013,31,Female,Bachelor,Married,Salaried,12000000,55000000,52,0,0,0,6270000,5670000,3290000,3740000,2670000,1130000,1630000,0,0,30-39,5076666.667,2513333.333,0.09230303,Low,1,No Late Payments,Medium
CC102014,56,Male,High School,Married,Salaried,12200000,48000000,217,0,0,0,6670000,19780000,15900000,1020000,17230000,7490000,580000,0,0,50-59,14116666.67,8580000,0.294097222,Moderate,2,No Late Payments,Medium
CC102015,35,Female,Bachelor,Married,Salaried,6200000,24000000,56,0,0,0,9300000,10760000,7950000,5340000,5090000,3330000,970000,0,0,30-39,9336666.667,4586666.667,0.389027778,Moderate,2,No Late Payments,Low
CC102016,47,Female,Postgraduate,Other,Self-employed,42600000,256000000,232,0,0,0,97630000,143160000,141950000,16880000,133960000,3120000,12740000,0,0,40-49,127580000,51320000,0.498359375,Moderate,2,No Late Payments,Very High
CC102017,44,Male,Bachelor,Other,Salaried,15900000,102000000,152,0,0,0,53540000,51160000,36240000,18490000,21450000,33600000,2890000,0,0,40-49,46980000,24513333.33,0.460588235,Moderate,2,No Late Payments,Very High
CC102018,53,Female,Bachelor,Other,Salaried,10700000,62000000,110,0,0,0,2070000,6940000,1410000,1360000,2320000,1150000,4030000,0,0,50-59,3473333.333,1610000,0.056021505,Low,1,No Late Payments,High
CC102019,32,Female,High School,Married,Government,6900000,20000000,72,1,0,2,9740000,8660000,10920000,620000,1580000,3830000,2770000,3,0,30-39,9773333.333,2010000,0.488666667,Moderate,2,Moderate,Low
CC102020,43,Female,High School,Single,Self-employed,10800000,60000000,99,0,0,0,23170000,24990000,27950000,6160000,6330000,10130000,3420000,0,0,40-49,25370000,7540000,0.422833333,Moderate,2,No Late Payments,High
CC102021,39,Female,High School,Married,Government,13600000,70000000,28,0,0,0,52800000,47050000,49350000,34560000,13770000,15990000,3440000,0,0,30-39,49733333.33,21440000,0.71047619,High,3,No Late Payments,High
CC102022,34,Female,High School,Single,Government,11000000,57000000,63,2,1,3,43150000,39080000,38900000,4500000,4140000,650000,3020000,3,0,30-39,40376666.67,3096666.667,0.708362573,High,3,Moderate,Medium
CC102023,25,Female,Bachelor,Single,Salaried,7400000,20000000,31,1,0,0,8120000,7810000,13210000,2150000,2290000,4980000,710000,1,1,21-29,9713333.333,3140000,0.485666667,Moderate,2,Low,Low
CC102024,28,Female,Bachelor,Single,Salaried,8700000,44000000,77,0,0,0,11200000,13470000,6520000,4900000,4300000,2050000,800000,1,0,21-29,10396666.67,3750000,0.236287879,Low,1,Low,Medium
CC102025,21,Female,Diploma,Single,Self-employed,10000000,24000000,28,0,0,0,11600000,12650000,13690000,3540000,2470000,7400000,860000,0,0,21-29,12646666.67,4470000,0.526944444,High,3,No Late Payments,Low
CC102026,51,Female,Bachelor,Married,Self-employed,17900000,90000000,173,0,0,0,11260000,17260000,15760000,1680000,1640000,7020000,490000,1,0,50-59,14760000,3446666.667,0.164,Low,1,Low,High
CC102027,23,Male,High School,Single,Salaried,5200000,20000000,50,1,0,0,8440000,5110000,5260000,1880000,1980000,2190000,40000,2,0,21-29,6270000,2016666.667,0.3135,Moderate,2,Low,Low
CC102028,37,Female,Bachelor,Single,Salaried,10200000,49000000,70,0,0,0,24080000,27650000,20990000,10760000,7530000,5940000,980000,0,0,30-39,24240000,8076666.667,0.494693878,Moderate,2,No Late Payments,Medium
CC102029,36,Male,Bachelor,Married,Government,12900000,86000000,143,0,0,0,15850000,18940000,12490000,5930000,10260000,7880000,730000,0,0,30-39,15760000,8023333.333,0.183255814,Low,1,No Late Payments,High
CC102030,33,Female,Postgraduate,Single,Salaried,13200000,45000000,104,2,2,3,29760000,35820000,34490000,760000,1180000,960000,2420000,3,1,30-39,33356666.67,966666.6667,0.741259259,High,3,Moderate,Medium
CC102031,36,Female,Bachelor,Married,Salaried,13800000,45000000,41,0,0,0,23570000,31440000,20090000,7280000,7640000,7070000,520000,0,0,30-39,25033333.33,7330000,0.556296296,High,3,No Late Payments,Medium
CC102032,26,Female,Bachelor,Single,Self-employed,5400000,20000000,29,2,2,0,12770000,16200000,13690000,940000,5770000,5850000,1170000,4,1,21-29,14220000,4186666.667,0.711,High,3,Moderate,Low
CC102033,41,Male,Bachelor,Married,Government,17600000,76000000,133,0,0,0,44820000,34320000,23240000,13300000,18570000,6020000,1210000,1,0,40-49,34126666.67,12630000,0.449035088,Moderate,2,Low,High
CC102034,21,Female,Bachelor,Single,Salaried,6700000,23000000,17,2,3,3,22040000,22590000,17250000,790000,350000,450000,2280000,3,1,21-29,20626666.67,530000,0.896811594,Very High,4,Moderate,Low
CC102035,31,Female,Diploma,Married,Government,6100000,30000000,52,0,0,0,24440000,19540000,17890000,10580000,5790000,15270000,1090000,0,0,30-39,20623333.33,10546666.67,0.687444444,High,3,No Late Payments,Low
CC102036,42,Female,Diploma,Single,Salaried,15000000,57000000,113,0,0,3,5630000,8230000,14730000,2370000,1330000,670000,6970000,1,0,40-49,9530000,1456666.667,0.167192982,Low,1,Low,Medium
CC102037,42,Male,Diploma,Single,Contract,8500000,32000000,51,0,0,0,7640000,4830000,5460000,2930000,760000,4610000,2030000,0,0,40-49,5976666.667,2766666.667,0.186770833,Low,1,No Late Payments,Low
CC102038,31,Male,High School,Married,Government,12300000,39000000,53,0,0,0,24700000,22730000,16630000,14870000,4380000,4220000,1660000,0,0,30-39,21353333.33,7823333.333,0.547521368,High,3,No Late Payments,Low
CC102039,48,Female,Postgraduate,Married,Salaried,20000000,103000000,144,1,2,0,52950000,41710000,54250000,5500000,1630000,14500000,3570000,2,0,40-49,49636666.67,7210000,0.481909385,Moderate,2,Low,Very High
CC102040,30,Female,Bachelor,Married,Government,9600000,36000000,92,1,0,0,9840000,14320000,8530000,3610000,8230000,4370000,1080000,1,1,30-39,10896666.67,5403333.333,0.302685185,Moderate,2,Low,Low
CC102041,22,Male,Diploma,Single,Salaried,9500000,48000000,31,3,3,0,26140000,27110000,26500000,1790000,6510000,7310000,3430000,2,1,21-29,26583333.33,5203333.333,0.553819444,High,3,Low,Medium
CC102042,40,Female,Diploma,Married,Government,13200000,76000000,93,3,0,3,51960000,46920000,44840000,1670000,10200000,1620000,5010000,2,1,40-49,47906666.67,4496666.667,0.630350877,High,3,Low,High
CC102043,44,Male,Diploma,Married,Salaried,13600000,72000000,152,1,0,0,20220000,34900000,17040000,3740000,16260000,6430000,12130000,1,1,40-49,24053333.33,8810000,0.334074074,Moderate,2,Low,High
CC102044,53,Female,Bachelor,Married,Self-employed,29900000,130000000,116,0,1,0,40960000,51930000,57750000,17230000,31560000,15540000,3890000,1,0,50-59,50213333.33,21443333.33,0.38625641,Moderate,2,Low,Very High
CC102045,27,Female,Bachelor,Married,Salaried,5700000,25000000,89,0,2,0,4310000,1880000,8460000,1510000,490000,4140000,1140000,1,1,21-29,4883333.333,2046666.667,0.195333333,Low,1,Low,Low
CC102046,21,Female,Bachelor,Single,Salaried,6400000,26000000,20,0,0,0,16900000,14270000,13490000,4650000,2380000,4400000,1600000,0,0,21-29,14886666.67,3810000,0.572564103,High,3,No Late Payments,Low
CC102047,22,Female,Bachelor,Single,Salaried,10700000,31000000,36,1,0,0,20580000,16080000,16690000,4440000,8390000,6210000,900000,1,0,21-29,17783333.33,6346666.667,0.573655914,High,3,Low,Low
CC102048,40,Female,Diploma,Married,Contract,10400000,54000000,158,2,3,1,8320000,7390000,14260000,2420000,1190000,2110000,1500000,3,1,40-49,9990000,1906666.667,0.185,Low,1,Moderate,Medium
CC102049,21,Female,Diploma,Other,Government,6100000,30000000,3,0,0,0,4240000,3850000,5820000,2320000,3670000,2370000,1330000,1,0,21-29,4636666.667,2786666.667,0.154555556,Low,1,Low,Low
CC102050,37,Female,Bachelor,Single,Salaried,9000000,29000000,146,2,0,0,23190000,21060000,18760000,460000,6610000,11320000,1550000,2,1,30-39,21003333.33,6130000,0.724252874,High,3,Low,Low
CC102051,37,Female,Bachelor,Married,Contract,11500000,36000000,106,0,0,0,7860000,9480000,11120000,2500000,9790000,4890000,700000,0,0,30-39,9486666.667,5726666.667,0.263518519,Moderate,2,No Late Payments,Low
CC102052,21,Male,Bachelor,Single,Other,6100000,26000000,24,0,0,0,5460000,6380000,8710000,2150000,3240000,2900000,980000,0,0,21-29,6850000,2763333.333,0.263461538,Moderate,2,No Late Payments,Low
CC102053,45,Female,Diploma,Other,Other,6300000,21000000,123,3,2,3,14630000,14670000,13810000,370000,2830000,1360000,2250000,3,1,40-49,14370000,1520000,0.684285714,High,3,Moderate,Low
CC102054,39,Female,Postgraduate,Married,Self-employed,22500000,119000000,91,0,0,0,65310000,44310000,24770000,55630000,15900000,24400000,4170000,0,0,30-39,44796666.67,31976666.67,0.376442577,Moderate,2,No Late Payments,Very High
CC102055,45,Female,Bachelor,Married,Self-employed,13100000,79000000,143,0,0,0,36320000,30770000,25200000,13020000,9870000,5460000,3740000,0,0,40-49,30763333.33,9450000,0.389409283,Moderate,2,No Late Payments,High
CC102056,30,Female,High School,Single,Self-employed,11900000,59000000,50,3,2,3,32830000,27580000,30080000,910000,990000,760000,6320000,3,1,30-39,30163333.33,886666.6667,0.511242938,High,3,Moderate,Medium
CC102057,55,Male,Diploma,Married,Contract,10600000,47000000,170,0,0,0,39290000,28600000,25620000,13000000,28780000,8580000,6410000,0,0,50-59,31170000,16786666.67,0.663191489,High,3,No Late Payments,Medium
CC102058,41,Female,High School,Other,Self-employed,12800000,61000000,63,0,1,3,36060000,38810000,31980000,1130000,8270000,650000,2220000,2,0,40-49,35616666.67,3350000,0.583879781,High,3,Low,High
CC102059,30,Male,Bachelor,Single,Self-employed,17700000,92000000,46,0,1,0,48300000,32330000,34350000,12130000,1680000,10140000,3250000,1,0,30-39,38326666.67,7983333.333,0.416594203,Moderate,2,Low,High
CC102060,56,Male,Bachelor,Married,Government,16400000,84000000,143,0,0,0,15580000,25090000,38510000,3520000,22980000,17680000,1990000,0,0,50-59,26393333.33,14726666.67,0.314206349,Moderate,2,No Late Payments,High
CC102061,35,Male,Diploma,Single,Salaried,10700000,41000000,96,0,0,0,18450000,17770000,16210000,5510000,6560000,2920000,860000,1,0,30-39,17476666.67,4996666.667,0.426260163,Moderate,2,Low,Medium
CC102062,28,Female,Bachelor,Other,Salaried,9700000,44000000,17,2,0,0,29500000,15990000,16830000,2100000,8350000,7450000,2670000,1,0,21-29,20773333.33,5966666.667,0.472121212,Moderate,2,Low,Medium
CC102063,35,Female,Bachelor,Married,Self-employed,12300000,67000000,72,2,0,2,22400000,28580000,36200000,1560000,8200000,2290000,5370000,3,1,30-39,29060000,4016666.667,0.433731343,Moderate,2,Moderate,High
CC102064,33,Male,Diploma,Single,Government,7000000,42000000,75,0,0,0,13430000,13400000,17360000,13270000,7070000,4910000,1440000,0,0,30-39,14730000,8416666.667,0.350714286,Moderate,2,No Late Payments,Medium
CC102065,42,Male,High School,Married,Government,13300000,68000000,87,0,1,0,4570000,9520000,9860000,1720000,4610000,4010000,610000,1,0,40-49,7983333.333,3446666.667,0.117401961,Low,1,Low,High
CC102066,45,Male,Diploma,Married,Salaried,7900000,40000000,175,0,0,0,5670000,1520000,1400000,5480000,710000,1140000,1620000,0,0,40-49,2863333.333,2443333.333,0.071583333,Low,1,No Late Payments,Medium
CC102067,21,Female,Diploma,Single,Contract,5000000,20000000,25,1,3,1,6160000,5220000,7390000,380000,670000,1520000,730000,3,1,21-29,6256666.667,856666.6667,0.312833333,Moderate,2,Moderate,Low
CC102068,40,Female,Diploma,Other,Self-employed,12800000,55000000,110,0,0,0,24030000,19850000,19390000,5510000,14900000,8450000,1550000,1,0,40-49,21090000,9620000,0.383454545,Moderate,2,Low,Medium
CC102069,27,Male,Diploma,Married,Salaried,7400000,24000000,44,2,0,2,11430000,11820000,13810000,260000,2660000,860000,890000,2,0,21-29,12353333.33,1260000,0.514722222,High,3,Low,Low
CC102070,33,Male,Bachelor,Married,Government,8500000,33000000,53,0,0,1,10920000,14090000,11660000,3880000,8230000,3440000,1470000,2,1,30-39,12223333.33,5183333.333,0.37040404,Moderate,2,Low,Low
CC102071,47,Female,High School,Single,Self-employed,14900000,77000000,82,0,0,0,47750000,35940000,35080000,9020000,10390000,15430000,17260000,1,0,40-49,39590000,11613333.33,0.514155844,High,3,Low,High
CC102072,57,Male,Bachelor,Married,Salaried,21200000,146000000,240,0,0,0,19320000,35510000,5420000,4160000,11550000,2510000,2330000,0,0,50-59,20083333.33,6073333.333,0.137557078,Low,1,No Late Payments,Very High
CC102073,35,Female,Diploma,Single,Salaried,7400000,31000000,57,0,0,0,8340000,6750000,6510000,3400000,3330000,3270000,590000,1,0,30-39,7200000,3333333.333,0.232258065,Low,1,Low,Low
CC102074,38,Male,Bachelor,Other,Self-employed,10900000,46000000,108,0,1,1,9020000,9170000,10330000,1790000,980000,700000,3430000,3,1,30-39,9506666.667,1156666.667,0.206666667,Low,1,Moderate,Medium
CC102075,49,Male,Bachelor,Married,Government,15400000,82000000,139,3,3,3,64990000,46140000,52020000,6200000,9660000,1490000,6590000,4,1,40-49,54383333.33,5783333.333,0.663211382,High,3,Moderate,High
CC102076,42,Male,High School,Married,Salaried,11100000,65000000,123,0,1,3,49890000,47060000,43350000,11540000,2890000,740000,2160000,3,0,40-49,46766666.67,5056666.667,0.719487179,High,3,Moderate,High
CC102077,53,Male,Bachelor,Married,Salaried,12100000,68000000,109,0,0,0,11670000,4960000,22020000,10930000,1400000,5150000,1890000,1,0,50-59,12883333.33,5826666.667,0.189460784,Low,1,Low,High
CC102078,38,Male,Bachelor,Married,Government,17500000,90000000,75,0,0,0,13720000,24350000,9730000,5750000,14790000,9870000,4080000,0,0,30-39,15933333.33,10136666.67,0.177037037,Low,1,No Late Payments,High
CC102079,27,Male,High School,Married,Self-employed,5000000,22000000,16,0,0,0,1090000,1120000,640000,580000,430000,310000,1830000,0,0,21-29,950000,440000,0.043181818,Low,1,No Late Payments,Low
CC102080,32,Female,Bachelor,Single,Government,13200000,68000000,97,0,0,0,42280000,57530000,38270000,17760000,24240000,20850000,4530000,0,0,30-39,46026666.67,20950000,0.676862745,High,3,No Late Payments,High
CC102081,43,Female,Diploma,Single,Self-employed,10300000,55000000,82,1,1,0,6750000,6240000,13020000,800000,1410000,5960000,5800000,2,1,40-49,8670000,2723333.333,0.157636364,Low,1,Low,Medium
CC102082,51,Female,Bachelor,Married,Self-employed,27400000,136000000,115,0,0,0,19690000,38120000,33710000,7970000,10950000,5430000,1820000,0,0,50-59,30506666.67,8116666.667,0.224313725,Low,1,No Late Payments,Very High
CC102083,60,Male,Diploma,Married,Salaried,11600000,46000000,223,0,0,0,25140000,28680000,28120000,3890000,7760000,8750000,890000,0,0,60+,27313333.33,6800000,0.593768116,High,3,No Late Payments,Medium
CC102084,50,Female,Bachelor,Single,Government,11900000,49000000,104,2,0,3,32230000,32510000,32050000,9360000,13860000,610000,4090000,2,0,50-59,32263333.33,7943333.333,0.658435374,High,3,Low,Medium
CC102085,31,Male,Bachelor,Single,Other,8200000,46000000,81,0,0,0,16550000,12300000,9660000,4420000,3990000,4040000,3350000,0,0,30-39,12836666.67,4150000,0.279057971,Moderate,2,No Late Payments,Medium
CC102086,52,Female,High School,Married,Self-employed,14300000,30000000,146,0,0,0,7830000,8570000,8300000,7910000,4010000,7040000,250000,1,0,50-59,8233333.333,6320000,0.274444444,Moderate,2,Low,Low
CC102087,25,Male,High School,Single,Contract,5000000,28000000,61,0,0,0,19430000,19070000,14840000,12010000,16230000,2380000,1710000,2,0,21-29,17780000,10206666.67,0.635,High,3,Low,Low
CC102088,37,Male,Diploma,Married,Other,8100000,42000000,78,0,0,0,16700000,15310000,20380000,5940000,6450000,5180000,770000,0,0,30-39,17463333.33,5856666.667,0.415793651,Moderate,2,No Late Payments,Medium
CC102089,36,Male,Bachelor,Married,Other,7800000,26000000,68,0,0,0,7030000,8990000,8580000,4140000,2870000,8930000,70000,1,0,30-39,8200000,5313333.333,0.315384615,Moderate,2,Low,Low
CC102090,27,Female,Bachelor,Married,Self-employed,6100000,25000000,65,0,0,0,1640000,3170000,2730000,1390000,1040000,1160000,2170000,0,0,21-29,2513333.333,1196666.667,0.100533333,Low,1,No Late Payments,Low
CC102091,47,Male,High School,Married,Other,8000000,37000000,146,0,0,0,19200000,17350000,15880000,18450000,18140000,14650000,390000,0,0,40-49,17476666.67,17080000,0.472342342,Moderate,2,No Late Payments,Low
CC102092,21,Male,Bachelor,Other,Salaried,9700000,30000000,15,0,0,0,10710000,12300000,12350000,9090000,2740000,3930000,620000,1,0,21-29,11786666.67,5253333.333,0.392888889,Moderate,2,Low,Low
CC102093,50,Male,High School,Married,Salaried,6000000,32000000,91,0,2,1,10610000,13800000,13730000,3260000,1410000,4270000,1300000,2,0,50-59,12713333.33,2980000,0.397291667,Moderate,2,Low,Low
CC102094,29,Male,High School,Single,Salaried,6700000,24000000,39,2,3,3,11330000,12230000,12400000,320000,310000,1300000,2120000,4,1,21-29,11986666.67,643333.3333,0.499444444,Moderate,2,Moderate,Low
CC102095,43,Male,Diploma,Married,Salaried,9700000,46000000,81,1,3,3,14670000,9880000,10500000,3280000,890000,2160000,4110000,4,1,40-49,11683333.33,2110000,0.253985507,Moderate,2,Moderate,Medium
CC102096,47,Male,Diploma,Married,Salaried,14600000,80000000,210,3,0,0,59580000,55060000,44080000,930000,45240000,7570000,5120000,2,0,40-49,52906666.67,17913333.33,0.661333333,High,3,Low,High
CC102097,51,Female,Diploma,Married,Contract,9100000,23000000,55,3,1,2,12970000,14270000,16060000,1680000,1490000,3630000,1150000,4,1,50-59,14433333.33,2266666.667,0.627536232,High,3,Moderate,Low
CC102098,25,Female,Postgraduate,Single,Salaried,12300000,54000000,12,0,0,0,14910000,9420000,21380000,3610000,3100000,4960000,2620000,0,0,21-29,15236666.67,3890000,0.282160494,Moderate,2,No Late Payments,Medium
CC102099,31,Female,High School,Married,Government,11100000,47000000,51,0,0,0,19520000,29090000,29630000,7380000,7980000,10220000,2330000,0,0,30-39,26080000,8526666.667,0.554893617,High,3,No Late Payments,Medium
CC102100,29,Male,Bachelor,Married,Salaried,6200000,20000000,52,1,0,0,12600000,14790000,14200000,4580000,13230000,3860000,1010000,2,1,21-29,13863333.33,7223333.333,0.693166667,High,3,Low,Low
CC102101,21,Female,High School,Single,Contract,5200000,20000000,17,0,2,0,3310000,7340000,10710000,1240000,1420000,2350000,620000,2,0,21-29,7120000,1670000,0.356,Moderate,2,Low,Low
CC102102,32,Male,High School,Married,Self-employed,5700000,34000000,47,0,0,1,9970000,13830000,10590000,3920000,3120000,3430000,970000,2,0,30-39,11463333.33,3490000,0.337156863,Moderate,2,Low,Low
CC102103,31,Male,Bachelor,Married,Government,10000000,54000000,48,0,0,0,8860000,10890000,10190000,8970000,4610000,5410000,1340000,0,0,30-39,9980000,6330000,0.184814815,Low,1,No Late Payments,Medium
CC102104,27,Female,Diploma,Single,Self-employed,13200000,61000000,18,0,0,1,24110000,36050000,35320000,8250000,16460000,4720000,770000,1,0,21-29,31826666.67,9810000,0.521748634,High,3,Low,High
CC102105,52,Female,Diploma,Married,Contract,13500000,75000000,229,0,0,0,23030000,27260000,23730000,10070000,14960000,14400000,11650000,0,0,50-59,24673333.33,13143333.33,0.328977778,Moderate,2,No Late Payments,High
CC102106,45,Male,Diploma,Married,Contract,8500000,35000000,70,0,0,0,13660000,15900000,13260000,5610000,4700000,6060000,850000,0,0,40-49,14273333.33,5456666.667,0.407809524,Moderate,2,No Late Payments,Low
CC102107,28,Male,Postgraduate,Married,Self-employed,20000000,101000000,21,0,0,2,31060000,32770000,26300000,8590000,17000000,1200000,810000,1,0,21-29,30043333.33,8930000,0.297458746,Moderate,2,Low,Very High
CC102108,37,Female,Bachelor,Married,Salaried,8700000,42000000,100,0,2,2,29760000,21630000,29980000,4790000,3100000,2470000,5540000,3,1,30-39,27123333.33,3453333.333,0.645793651,High,3,Moderate,Medium
CC102109,34,Male,High School,Married,Salaried,10200000,43000000,41,0,0,0,22210000,16800000,27960000,4330000,5460000,9640000,1770000,0,0,30-39,22323333.33,6476666.667,0.519147287,High,3,No Late Payments,Medium
CC102110,39,Male,Postgraduate,Single,Salaried,15600000,98000000,133,0,0,0,35970000,41550000,30840000,13370000,16830000,8090000,3020000,0,0,30-39,36120000,12763333.33,0.368571429,Moderate,2,No Late Payments,High
CC102111,25,Male,High School,Single,Contract,6900000,21000000,32,3,0,2,16220000,14500000,14470000,400000,4880000,870000,2610000,2,1,21-29,15063333.33,2050000,0.717301587,High,3,Low,Low
CC102112,45,Female,Diploma,Married,Government,13300000,58000000,111,1,0,0,25100000,23370000,21970000,7650000,13680000,5970000,4350000,2,1,40-49,23480000,9100000,0.404827586,Moderate,2,Low,Medium
CC102113,24,Female,High School,Single,Government,8700000,42000000,50,0,0,0,9890000,2550000,9780000,3460000,2580000,1910000,3130000,0,0,21-29,7406666.667,2650000,0.176349206,Low,1,No Late Payments,Medium
CC102114,21,Male,Bachelor,Single,Salaried,10900000,62000000,13,3,2,0,26720000,38100000,36460000,1060000,740000,11420000,5120000,3,1,21-29,33760000,4406666.667,0.544516129,High,3,Moderate,High
CC102115,31,Female,Bachelor,Married,Self-employed,8300000,20000000,69,0,0,2,8790000,10920000,10000000,2250000,2640000,400000,1410000,1,0,30-39,9903333.333,1763333.333,0.495166667,Moderate,2,Low,Low
CC102116,47,Female,Diploma,Married,Salaried,8900000,49000000,157,0,0,0,33790000,33250000,29470000,13650000,27780000,7140000,850000,0,0,40-49,32170000,16190000,0.656530612,High,3,No Late Payments,Medium
CC102117,39,Female,Bachelor,Other,Other,6800000,32000000,104,3,3,1,26330000,29750000,23870000,890000,1240000,680000,2390000,3,1,30-39,26650000,936666.6667,0.8328125,Very High,4,Moderate,Low
CC102118,36,Female,Bachelor,Single,Self-employed,11300000,61000000,60,0,0,0,6680000,1080000,680000,3950000,1000000,680000,520000,0,0,30-39,2813333.333,1876666.667,0.046120219,Low,1,No Late Payments,High
CC102119,42,Male,Diploma,Married,Salaried,13600000,34000000,42,0,0,0,5250000,7400000,6180000,680000,2890000,2930000,1060000,1,0,40-49,6276666.667,2166666.667,0.184607843,Low,1,Low,Low
CC102120,45,Female,Diploma,Single,Salaried,12300000,62000000,137,0,0,0,4910000,6980000,5000000,2520000,4640000,2270000,1940000,0,0,40-49,5630000,3143333.333,0.090806452,Low,1,No Late Payments,High
CC102121,42,Female,Bachelor,Single,Self-employed,15600000,99000000,145,3,3,0,56630000,74290000,76450000,1490000,1250000,29130000,8030000,2,1,40-49,69123333.33,10623333.33,0.698215488,High,3,Low,High
CC102122,47,Female,High School,Other,Contract,5700000,20000000,83,0,0,0,11490000,11500000,10110000,2680000,3540000,4190000,1810000,2,0,40-49,11033333.33,3470000,0.551666667,High,3,Low,Low
CC102123,53,Male,Diploma,Married,Self-employed,13700000,60000000,240,0,0,0,8090000,1840000,9700000,1870000,1820000,4810000,90000,0,0,50-59,6543333.333,2833333.333,0.109055556,Low,1,No Late Payments,High
CC102124,52,Female,Bachelor,Married,Self-employed,23300000,116000000,90,3,3,3,83400000,65610000,68020000,7600000,2160000,2400000,8780000,3,1,50-59,72343333.33,4053333.333,0.623649425,High,3,Moderate,Very High
CC102125,25,Female,Bachelor,Married,Government,9800000,56000000,50,0,0,0,39060000,37540000,31720000,9320000,10030000,9070000,1250000,0,0,21-29,36106666.67,9473333.333,0.644761905,High,3,No Late Payments,Medium
CC102126,41,Male,Bachelor,Married,Salaried,11300000,67000000,101,0,0,2,26800000,37160000,34020000,13390000,14040000,10150000,4460000,1,0,40-49,32660000,12526666.67,0.487462687,Moderate,2,Low,High
CC102127,41,Male,Bachelor,Single,Contract,8600000,23000000,48,0,0,0,9970000,9310000,10910000,3090000,4550000,3500000,360000,1,0,40-49,10063333.33,3713333.333,0.437536232,Moderate,2,Low,Low
CC102128,35,Male,Bachelor,Married,Government,13600000,54000000,17,2,1,3,43060000,31520000,33810000,930000,1130000,670000,4670000,3,0,30-39,36130000,910000,0.669074074,High,3,Moderate,Medium
CC102129,49,Male,Diploma,Married,Salaried,9200000,57000000,193,2,3,3,36370000,43400000,48690000,1220000,1010000,6630000,7590000,3,1,40-49,42820000,2953333.333,0.75122807,Very High,4,Moderate,Medium
CC102130,36,Male,Bachelor,Single,Self-employed,13600000,47000000,65,0,0,0,14710000,20290000,17150000,5850000,10990000,4360000,3290000,0,0,30-39,17383333.33,7066666.667,0.369858156,Moderate,2,No Late Payments,Medium
CC102131,29,Male,Bachelor,Married,Salaried,14300000,50000000,66,0,0,0,17130000,14490000,7900000,9860000,6310000,3230000,1820000,0,0,21-29,13173333.33,6466666.667,0.263466667,Moderate,2,No Late Payments,Medium
CC102132,44,Female,Diploma,Single,Salaried,7000000,31000000,135,0,0,0,0,6370000,8760000,0,6600000,5500000,730000,0,0,40-49,5043333.333,4033333.333,0.162688172,Low,1,No Late Payments,Low
CC102133,31,Male,Bachelor,Single,Salaried,19000000,56000000,35,1,0,0,23840000,17340000,16210000,6030000,2750000,4300000,3050000,2,0,30-39,19130000,4360000,0.341607143,Moderate,2,Low,Medium
CC102134,45,Female,Postgraduate,Married,Salaried,15300000,88000000,198,0,0,1,19810000,18190000,10140000,3780000,9710000,2790000,1440000,1,0,40-49,16046666.67,5426666.667,0.182348485,Low,1,Low,High
CC102135,31,Female,Bachelor,Single,Self-employed,10800000,61000000,99,0,0,0,4920000,10630000,11040000,2260000,10290000,10870000,470000,0,0,30-39,8863333.333,7806666.667,0.145300546,Low,1,No Late Payments,High
CC102136,42,Female,Bachelor,Other,Contract,13800000,25000000,147,1,2,0,10290000,11290000,13540000,2520000,270000,3070000,630000,4,1,40-49,11706666.67,1953333.333,0.468266667,Moderate,2,Moderate,Low
CC102137,37,Male,Postgraduate,Married,Salaried,10100000,20000000,71,1,0,0,18500000,15630000,12440000,4950000,15250000,4430000,960000,2,0,30-39,15523333.33,8210000,0.776166667,Very High,4,Low,Low
CC102138,53,Male,High School,Married,Salaried,13200000,63000000,239,0,0,0,27200000,31870000,24660000,7250000,12260000,14640000,4270000,0,0,50-59,27910000,11383333.33,0.443015873,Moderate,2,No Late Payments,High
CC102139,46,Female,Bachelor,Married,Other,8200000,37000000,80,0,0,0,24610000,24470000,23220000,15080000,25260000,18970000,1270000,0,0,40-49,24100000,19770000,0.651351351,High,3,No Late Payments,Low
CC102140,30,Male,Diploma,Married,Salaried,12600000,47000000,45,0,0,0,28280000,28000000,30000000,13570000,6440000,12700000,1340000,2,0,30-39,28760000,10903333.33,0.611914894,High,3,Low,Medium
CC102141,44,Female,High School,Married,Salaried,10400000,47000000,76,0,0,0,6440000,7900000,4450000,2240000,5530000,710000,460000,1,0,40-49,6263333.333,2826666.667,0.133262411,Low,1,Low,Medium
CC102142,31,Male,High School,Single,Contract,6400000,26000000,84,0,0,0,10280000,9540000,9440000,7050000,3220000,2550000,1730000,0,0,30-39,9753333.333,4273333.333,0.375128205,Moderate,2,No Late Payments,Low
CC102143,33,Female,Bachelor,Married,Salaried,17100000,61000000,40,0,0,0,14450000,17270000,16190000,5560000,5200000,6280000,2500000,0,0,30-39,15970000,5680000,0.261803279,Moderate,2,No Late Payments,High
CC102144,50,Male,Diploma,Other,Government,13000000,39000000,109,0,0,0,16600000,13310000,12220000,7060000,3300000,2420000,220000,0,0,50-59,14043333.33,4260000,0.36008547,Moderate,2,No Late Payments,Low
CC102145,34,Male,Diploma,Other,Government,9600000,49000000,100,0,0,0,23210000,23140000,17810000,19960000,5560000,5300000,850000,0,0,30-39,21386666.67,10273333.33,0.436462585,Moderate,2,No Late Payments,Medium
CC102146,35,Male,Bachelor,Married,Salaried,16700000,43000000,106,0,0,0,15370000,12330000,5080000,4300000,5820000,2280000,840000,0,1,30-39,10926666.67,4133333.333,0.254108527,Moderate,2,No Late Payments,Medium
CC102147,21,Male,Diploma,Married,Government,12100000,74000000,17,0,0,0,23690000,31410000,36150000,6700000,8470000,17390000,1870000,0,0,21-29,30416666.67,10853333.33,0.411036036,Moderate,2,No Late Payments,High
CC102148,48,Male,Diploma,Married,Salaried,12000000,66000000,103,0,0,0,15150000,10600000,14990000,3840000,2930000,2310000,6020000,0,0,40-49,13580000,3026666.667,0.205757576,Low,1,No Late Payments,High
CC102149,40,Male,Diploma,Married,Self-employed,13100000,73000000,68,2,3,2,52790000,61470000,55490000,4020000,810000,8710000,3690000,3,1,40-49,56583333.33,4513333.333,0.775114155,Very High,4,Moderate,High
CC102150,21,Female,High School,Single,Contract,6000000,27000000,26,3,0,0,8610000,9340000,11980000,350000,3000000,4930000,340000,2,1,21-29,9976666.667,2760000,0.369506173,Moderate,2,Low,Low
CC102151,44,Male,Diploma,Other,Government,15900000,57000000,178,2,2,0,23940000,21950000,12750000,5980000,3290000,1830000,4070000,3,1,40-49,19546666.67,3700000,0.342923977,Moderate,2,Moderate,Medium
CC102152,39,Male,Bachelor,Married,Salaried,21500000,95000000,127,0,0,0,0,2310000,1520000,0,2090000,1070000,3910000,0,0,30-39,1276666.667,1053333.333,0.013438596,Low,1,No Late Payments,High
CC102153,43,Female,High School,Married,Other,5800000,32000000,93,2,3,3,22150000,23770000,23050000,760000,1360000,660000,2740000,3,1,40-49,22990000,926666.6667,0.7184375,High,3,Moderate,Low
CC102154,40,Male,High School,Married,Salaried,10200000,60000000,154,2,0,0,53380000,44050000,48170000,7830000,12320000,2290000,4880000,2,1,40-49,48533333.33,7480000,0.808888889,Very High,4,Low,High
CC102155,42,Male,Diploma,Married,Salaried,6300000,20000000,174,1,0,0,15260000,12370000,13110000,3690000,3360000,11560000,1310000,1,0,40-49,13580000,6203333.333,0.679,High,3,Low,Low
CC102156,51,Female,High School,Married,Other,6000000,21000000,189,0,0,0,7370000,3030000,7160000,1700000,1010000,2450000,530000,0,0,50-59,5853333.333,1720000,0.278730159,Moderate,2,No Late Payments,Low
CC102157,40,Male,Diploma,Married,Salaried,8600000,31000000,96,0,0,0,9230000,6230000,5150000,2450000,5880000,5140000,1810000,0,0,40-49,6870000,4490000,0.221612903,Low,1,No Late Payments,Low
CC102158,45,Female,Diploma,Married,Other,11600000,52000000,113,0,0,0,18920000,19460000,18380000,6180000,9030000,4140000,880000,1,0,40-49,18920000,6450000,0.363846154,Moderate,2,Low,Medium
CC102159,51,Male,Bachelor,Married,Self-employed,17500000,65000000,132,0,0,0,18410000,4740000,9040000,8030000,1900000,5540000,4600000,0,0,50-59,10730000,5156666.667,0.165076923,Low,1,No Late Payments,High
CC102160,42,Male,High School,Married,Salaried,11800000,57000000,130,3,0,0,38390000,34820000,28780000,840000,2890000,6500000,1310000,1,1,40-49,33996666.67,3410000,0.596432749,High,3,Low,Medium
CC102161,29,Male,High School,Married,Salaried,5700000,29000000,61,0,0,0,13230000,14860000,13040000,5210000,3020000,4060000,3170000,1,0,21-29,13710000,4096666.667,0.472758621,Moderate,2,Low,Low
CC102162,46,Female,Bachelor,Married,Salaried,15500000,82000000,83,0,0,0,46510000,51150000,43950000,11680000,14120000,13660000,3790000,0,0,40-49,47203333.33,13153333.33,0.575650407,High,3,No Late Payments,High
CC102163,21,Male,Diploma,Other,Salaried,7700000,39000000,17,0,1,0,4480000,2520000,0,2600000,1320000,0,1920000,1,0,21-29,2333333.333,1306666.667,0.05982906,Low,1,Low,Low
CC102164,32,Female,Bachelor,Married,Salaried,6900000,28000000,43,2,3,3,18340000,16990000,17090000,520000,630000,480000,3120000,4,1,30-39,17473333.33,543333.3333,0.624047619,High,3,Moderate,Low
CC102165,28,Female,High School,Married,Salaried,5200000,21000000,56,0,0,0,8890000,10760000,7390000,2430000,3990000,2080000,320000,0,0,21-29,9013333.333,2833333.333,0.429206349,Moderate,2,No Late Payments,Low
CC102166,21,Male,High School,Single,Salaried,5000000,20000000,42,3,2,3,12950000,12890000,13580000,350000,1800000,2680000,860000,3,1,21-29,13140000,1610000,0.657,High,3,Moderate,Low
CC102167,39,Female,Bachelor,Single,Salaried,15400000,46000000,135,0,0,0,6620000,570000,20000,2140000,510000,20000,420000,0,0,30-39,2403333.333,890000,0.052246377,Low,1,No Late Payments,Medium
CC102168,36,Male,Bachelor,Married,Salaried,9300000,53000000,65,0,0,0,5860000,5570000,13820000,5430000,1170000,1960000,4900000,1,0,30-39,8416666.667,2853333.333,0.158805031,Low,1,Low,Medium
CC102169,28,Female,Postgraduate,Married,Salaried,11400000,44000000,45,3,0,0,4940000,4510000,10450000,610000,1610000,2630000,2350000,1,0,21-29,6633333.333,1616666.667,0.150757576,Low,1,Low,Medium
CC102170,42,Female,High School,Married,Salaried,7300000,43000000,75,0,0,0,24170000,24030000,19940000,8710000,7550000,9710000,5990000,0,0,40-49,22713333.33,8656666.667,0.528217054,High,3,No Late Payments,Medium
CC102171,31,Female,Postgraduate,Single,Government,11000000,57000000,59,0,0,1,19130000,19670000,29480000,7410000,20190000,11170000,7270000,1,0,30-39,22760000,12923333.33,0.399298246,Moderate,2,Low,Medium
CC102172,30,Female,Bachelor,Single,Contract,11200000,27000000,49,0,0,0,10900000,1140000,390000,8380000,1060000,390000,1260000,0,0,30-39,4143333.333,3276666.667,0.15345679,Low,1,No Late Payments,Low
CC102173,21,Male,Bachelor,Single,Contract,8000000,20000000,33,3,3,3,13090000,11890000,13850000,390000,520000,240000,1650000,3,1,21-29,12943333.33,383333.3333,0.647166667,High,3,Moderate,Low
CC102174,35,Male,Bachelor,Married,Government,11700000,55000000,64,1,3,3,23980000,22280000,23650000,3010000,800000,880000,4520000,3,1,30-39,23303333.33,1563333.333,0.42369697,Moderate,2,Moderate,Medium
CC102175,41,Female,High School,Single,Contract,5300000,25000000,80,3,3,3,27710000,26650000,28120000,490000,300000,1920000,3290000,3,1,40-49,27493333.33,903333.3333,1.099733333,Over Limit,5,Moderate,Low
CC102176,56,Female,Postgraduate,Other,Government,19100000,105000000,240,3,1,3,22460000,23640000,18960000,2270000,2260000,3040000,3750000,3,1,50-59,21686666.67,2523333.333,0.206539683,Low,1,Moderate,Very High
CC102177,51,Female,Diploma,Single,Government,9800000,48000000,157,0,0,0,22520000,19480000,17850000,21900000,16530000,5910000,790000,0,0,50-59,19950000,14780000,0.415625,Moderate,2,No Late Payments,Medium
CC102178,47,Male,Postgraduate,Married,Salaried,15700000,78000000,91,0,0,0,31680000,31470000,34170000,11890000,25870000,8750000,650000,1,0,40-49,32440000,15503333.33,0.415897436,Moderate,2,Low,High
CC102179,41,Female,Bachelor,Married,Self-employed,11000000,56000000,152,0,0,1,12710000,17150000,21030000,11580000,6450000,11940000,2470000,1,0,40-49,16963333.33,9990000,0.302916667,Moderate,2,Low,Medium
CC102180,32,Male,Bachelor,Single,Salaried,9700000,34000000,86,0,0,0,3680000,4280000,3500000,1090000,2320000,1380000,2040000,0,0,30-39,3820000,1596666.667,0.112352941,Low,1,No Late Payments,Low
CC102181,42,Female,Diploma,Other,Salaried,12900000,56000000,57,2,1,1,21900000,18910000,15120000,770000,2970000,3480000,2740000,4,1,40-49,18643333.33,2406666.667,0.332916667,Moderate,2,Moderate,Medium
CC102182,58,Male,Diploma,Married,Self-employed,16300000,79000000,240,0,0,1,56140000,52110000,53100000,11840000,24550000,13810000,850000,1,0,50-59,53783333.33,16733333.33,0.680801688,High,3,Low,High
CC102183,21,Male,Diploma,Single,Other,5000000,25000000,19,2,2,0,15480000,12870000,12960000,1140000,1460000,10620000,640000,2,1,21-29,13770000,4406666.667,0.5508,High,3,Low,Low
CC102184,23,Male,High School,Single,Self-employed,6400000,26000000,12,0,0,0,5320000,4950000,570000,2370000,1750000,460000,1170000,0,0,21-29,3613333.333,1526666.667,0.138974359,Low,1,No Late Payments,Low
CC102185,44,Male,High School,Married,Salaried,13600000,25000000,140,0,0,0,8030000,8220000,10010000,3300000,3310000,8320000,770000,1,0,40-49,8753333.333,4976666.667,0.350133333,Moderate,2,Low,Low
CC102186,48,Female,High School,Married,Salaried,6500000,36000000,145,0,0,0,22580000,23870000,23930000,9030000,12130000,4640000,940000,1,0,40-49,23460000,8600000,0.651666667,High,3,Low,Low
CC102187,45,Male,High School,Single,Salaried,10200000,27000000,132,1,0,0,11510000,11720000,11540000,2120000,10780000,11100000,1070000,2,0,40-49,11590000,8000000,0.429259259,Moderate,2,Low,Low
CC102188,53,Female,Diploma,Single,Salaried,9600000,44000000,215,1,1,2,22020000,13620000,9400000,5210000,4380000,3040000,3180000,3,1,50-59,15013333.33,4210000,0.341212121,Moderate,2,Moderate,Medium
CC102189,28,Female,Bachelor,Married,Government,8600000,48000000,68,0,0,0,17370000,1200000,6740000,5440000,630000,2230000,2760000,0,0,21-29,8436666.667,2766666.667,0.175763889,Low,1,No Late Payments,Medium
CC102190,45,Female,Bachelor,Married,Salaried,8800000,47000000,162,0,0,1,2480000,2070000,12940000,1020000,1050000,3140000,2450000,2,0,40-49,5830000,1736666.667,0.124042553,Low,1,Low,Medium
CC102191,41,Female,Postgraduate,Married,Salaried,14000000,70000000,154,0,0,0,24950000,29860000,29860000,12420000,12690000,8080000,1630000,0,0,40-49,28223333.33,11063333.33,0.403190476,Moderate,2,No Late Payments,High
CC102192,41,Male,High School,Married,Salaried,9500000,35000000,137,0,1,2,17340000,16900000,11660000,7290000,2610000,4170000,1610000,2,0,40-49,15300000,4690000,0.437142857,Moderate,2,Low,Low
CC102193,32,Male,Bachelor,Single,Salaried,14500000,63000000,96,0,0,0,35670000,38440000,46540000,17810000,7050000,20230000,1100000,0,1,30-39,40216666.67,15030000,0.638359788,High,3,No Late Payments,High
CC102194,23,Female,Bachelor,Single,Self-employed,13300000,50000000,21,0,0,0,23430000,16620000,25450000,6760000,5570000,7210000,780000,1,0,21-29,21833333.33,6513333.333,0.436666667,Moderate,2,Low,Medium
CC102195,30,Male,Bachelor,Single,Salaried,10600000,54000000,74,2,3,3,38020000,45600000,49620000,1180000,5480000,1080000,3620000,3,1,30-39,44413333.33,2580000,0.822469136,Very High,4,Moderate,Medium
CC102196,27,Male,Postgraduate,Married,Government,11200000,52000000,26,0,0,0,14100000,7620000,7360000,12350000,4030000,4120000,1860000,0,0,21-29,9693333.333,6833333.333,0.186410256,Low,1,No Late Payments,Medium
CC102197,29,Male,Bachelor,Married,Contract,16500000,65000000,60,0,0,0,22670000,19370000,9640000,8870000,6430000,3480000,820000,0,0,21-29,17226666.67,6260000,0.265025641,Moderate,2,No Late Payments,High
CC102198,43,Female,Bachelor,Married,Salaried,13700000,73000000,93,0,0,0,10420000,21980000,16030000,5900000,11610000,8880000,3090000,1,0,40-49,16143333.33,8796666.667,0.221141553,Low,1,Low,High
CC102199,48,Female,High School,Married,Government,6100000,40000000,163,0,0,0,20310000,21920000,13560000,8050000,5530000,4870000,1320000,0,0,40-49,18596666.67,6150000,0.464916667,Moderate,2,No Late Payments,Medium
CC102200,25,Female,Bachelor,Single,Salaried,12000000,36000000,38,0,0,0,12780000,15230000,17380000,5430000,4830000,6030000,1190000,0,0,21-29,15130000,5430000,0.420277778,Moderate,2,No Late Payments,Low
CC102201,45,Male,High School,Married,Salaried,8900000,51000000,89,2,1,0,23290000,20880000,17820000,2330000,2420000,6560000,6380000,3,1,40-49,20663333.33,3770000,0.405163399,Moderate,2,Moderate,Medium
CC102202,44,Male,Bachelor,Married,Self-employed,17500000,60000000,122,0,0,0,11560000,12010000,7600000,2130000,3110000,3810000,840000,0,0,40-49,10390000,3016666.667,0.173166667,Low,1,No Late Payments,High
CC102203,32,Male,Diploma,Married,Self-employed,9400000,41000000,35,0,0,0,230000,780000,8940000,230000,780000,4680000,2282620,1,0,30-39,3316666.667,1896666.667,0.080894309,Low,1,Low,Medium
CC102204,52,Female,Diploma,Married,Contract,13900000,56000000,110,2,3,3,44450000,52360000,43630000,4310000,990000,970000,3590000,4,1,50-59,46813333.33,2090000,0.835952381,Very High,4,Moderate,Medium
CC102205,27,Male,Diploma,Single,Salaried,8800000,53000000,47,0,0,0,18020000,20040000,18250000,8710000,6200000,2480000,540000,0,0,21-29,18770000,5796666.667,0.354150943,Moderate,2,No Late Payments,Medium
CC102206,42,Male,High School,Married,Salaried,9800000,40000000,143,0,0,0,23360000,21170000,13580000,4020000,18240000,3410000,1900000,0,0,40-49,19370000,8556666.667,0.48425,Moderate,2,No Late Payments,Medium
CC102207,35,Male,High School,Other,Salaried,10900000,59000000,99,0,1,2,43230000,52040000,42030000,13570000,16630000,690000,2480000,3,0,30-39,45766666.67,10296666.67,0.775706215,Very High,4,Moderate,Medium
CC102208,46,Male,Diploma,Other,Salaried,8700000,53000000,150,0,0,0,29430000,39530000,42330000,7910000,14890000,8130000,1790000,0,0,40-49,37096666.67,10310000,0.699937107,High,3,No Late Payments,Medium
CC102209,45,Male,High School,Married,Contract,11300000,38000000,125,1,2,0,17290000,13860000,15610000,680000,2870000,570000,4060000,2,0,40-49,15586666.67,1373333.333,0.410175439,Moderate,2,Low,Low
CC102210,21,Female,Diploma,Single,Salaried,5000000,24000000,6,0,0,3,14220000,14170000,16450000,12680000,6170000,280000,1160000,2,1,21-29,14946666.67,6376666.667,0.622777778,High,3,Low,Low
CC102211,54,Male,Bachelor,Other,Salaried,9600000,70000000,202,0,0,0,28500000,28420000,34240000,11410000,16320000,31670000,4600000,0,0,50-59,30386666.67,19800000,0.434095238,Moderate,2,No Late Payments,High
CC102212,46,Male,Diploma,Single,Contract,13700000,88000000,109,0,0,0,25320000,33730000,39240000,3200000,8480000,1010000,6640000,0,0,40-49,32763333.33,4230000,0.372310606,Moderate,2,No Late Payments,High
CC102213,25,Female,Bachelor,Married,Self-employed,7100000,31000000,34,0,0,0,12310000,14580000,12400000,6060000,12680000,6450000,1940000,0,1,21-29,13096666.67,8396666.667,0.422473118,Moderate,2,No Late Payments,Low
CC102214,39,Female,Bachelor,Single,Salaried,6800000,21000000,99,0,1,1,9020000,8950000,12320000,4860000,2850000,4530000,1960000,2,0,30-39,10096666.67,4080000,0.480793651,Moderate,2,Low,Low
CC102215,50,Male,Diploma,Other,Self-employed,17400000,123000000,210,0,0,0,48290000,48460000,40070000,11600000,14250000,2240000,6600000,0,1,50-59,45606666.67,9363333.333,0.370785908,Moderate,2,No Late Payments,Very High
CC102216,46,Female,Diploma,Single,Self-employed,8200000,39000000,168,0,0,0,24840000,23810000,26850000,6780000,10110000,6630000,2570000,1,0,40-49,25166666.67,7840000,0.645299145,High,3,Low,Low
CC102217,27,Male,Diploma,Married,Government,8200000,42000000,62,1,0,0,17010000,15980000,17510000,5340000,6520000,5400000,3290000,1,0,21-29,16833333.33,5753333.333,0.400793651,Moderate,2,Low,Medium
CC102218,27,Male,Bachelor,Single,Government,10800000,51000000,73,0,0,0,22920000,20970000,14470000,5870000,9380000,4280000,1180000,1,0,21-29,19453333.33,6510000,0.381437908,Moderate,2,Low,Medium
CC102219,42,Male,High School,Other,Self-employed,14200000,97000000,149,0,0,0,62840000,61070000,54200000,18360000,9320000,11000000,1790000,0,0,40-49,59370000,12893333.33,0.612061856,High,3,No Late Payments,High
CC102220,37,Male,Bachelor,Married,Contract,9700000,33000000,59,0,0,0,7260000,2390000,1760000,3190000,620000,780000,400000,0,0,30-39,3803333.333,1530000,0.115252525,Low,1,No Late Payments,Low
CC102221,40,Female,Bachelor,Married,Salaried,13800000,73000000,80,0,0,0,47540000,36740000,42900000,7350000,8730000,13480000,7580000,1,0,40-49,42393333.33,9853333.333,0.580730594,High,3,Low,High
CC102222,21,Female,Bachelor,Married,Contract,12600000,59000000,21,3,3,3,29550000,45720000,50310000,660000,1170000,670000,3700000,4,1,21-29,41860000,833333.3333,0.709491525,High,3,Moderate,Medium
CC102223,40,Female,High School,Married,Government,7000000,37000000,106,0,0,0,14060000,7740000,10390000,4860000,980000,3490000,950000,1,1,40-49,10730000,3110000,0.29,Moderate,2,Low,Low
CC102224,33,Male,Bachelor,Single,Salaried,12800000,34000000,111,0,0,0,9960000,10930000,7950000,9880000,10000000,3150000,580000,0,0,30-39,9613333.333,7676666.667,0.282745098,Moderate,2,No Late Payments,Low
CC102225,27,Female,High School,Single,Salaried,7900000,31000000,27,0,1,0,11510000,7600000,11890000,3690000,530000,1210000,4410000,1,0,21-29,10333333.33,1810000,0.333333333,Moderate,2,Low,Low
CC102226,33,Male,Diploma,Married,Salaried,12600000,81000000,63,0,0,0,15790000,23660000,32050000,15840000,7700000,28870000,2500000,0,0,30-39,23833333.33,17470000,0.294238683,Moderate,2,No Late Payments,High
CC102227,38,Male,Bachelor,Single,Salaried,14500000,83000000,138,2,2,0,28740000,18160000,12430000,5510000,1470000,4900000,5600000,3,1,30-39,19776666.67,3960000,0.238273092,Low,1,Moderate,High
CC102228,27,Female,High School,Married,Self-employed,6400000,30000000,30,0,0,0,2390000,11310000,7470000,1420000,5790000,6100000,1630000,0,0,21-29,7056666.667,4436666.667,0.235222222,Low,1,No Late Payments,Low
CC102229,35,Female,High School,Married,Self-employed,5500000,20000000,42,0,0,0,5640000,3710000,5440000,3120000,970000,1420000,860000,0,0,30-39,4930000,1836666.667,0.2465,Low,1,No Late Payments,Low
CC102230,37,Male,Diploma,Other,Salaried,8600000,40000000,71,2,3,0,18140000,18950000,18120000,2300000,710000,3110000,2650000,2,1,30-39,18403333.33,2040000,0.460083333,Moderate,2,Low,Medium
CC102231,23,Male,Bachelor,Single,Salaried,6200000,20000000,6,0,0,0,4250000,7060000,6240000,1530000,2080000,1260000,2120000,2,0,21-29,5850000,1623333.333,0.2925,Moderate,2,Low,Low
CC102232,45,Female,High School,Married,Self-employed,12100000,55000000,88,0,0,0,12260000,9790000,12940000,8140000,2500000,6610000,750000,0,0,40-49,11663333.33,5750000,0.212060606,Low,1,No Late Payments,Medium
CC102233,47,Female,High School,Married,Salaried,14400000,80000000,164,0,0,0,26350000,36120000,38190000,6160000,16610000,18810000,2750000,0,0,40-49,33553333.33,13860000,0.419416667,Moderate,2,No Late Payments,High
CC102234,53,Male,Bachelor,Married,Salaried,14100000,67000000,122,3,3,3,58450000,48630000,62640000,1280000,1620000,3460000,9240000,3,1,50-59,56573333.33,2120000,0.844378109,Very High,4,Moderate,High
CC102235,64,Female,High School,Other,Salaried,9100000,53000000,240,0,1,0,15050000,16780000,19640000,6660000,9570000,3860000,740000,1,0,60+,17156666.67,6696666.667,0.323710692,Moderate,2,Low,Medium
CC102236,42,Male,Bachelor,Married,Salaried,22400000,76000000,79,0,0,0,9730000,21210000,37260000,3810000,9560000,11370000,2780000,0,0,40-49,22733333.33,8246666.667,0.299122807,Moderate,2,No Late Payments,High
CC102237,21,Female,Bachelor,Married,Salaried,8500000,35000000,29,0,1,1,1770000,4980000,8250000,640000,750000,3280000,460000,2,0,21-29,5000000,1556666.667,0.142857143,Low,1,Low,Low
CC102238,36,Female,Postgraduate,Single,Salaried,12700000,40000000,57,0,2,0,19590000,21940000,19210000,15740000,3480000,3030000,2420000,3,0,30-39,20246666.67,7416666.667,0.506166667,High,3,Moderate,Medium
CC102239,43,Female,Diploma,Married,Contract,8200000,42000000,152,0,0,0,8150000,11160000,11810000,1970000,1350000,4620000,1760000,1,0,40-49,10373333.33,2646666.667,0.246984127,Low,1,Low,Medium
CC102240,48,Male,High School,Married,Government,11500000,72000000,145,0,0,0,30290000,29610000,29910000,9210000,6580000,7820000,1710000,0,0,40-49,29936666.67,7870000,0.415787037,Moderate,2,No Late Payments,High
CC102241,45,Female,Diploma,Married,Contract,5200000,30000000,179,0,0,0,11700000,16180000,18930000,11640000,16800000,7210000,300000,1,0,40-49,15603333.33,11883333.33,0.520111111,High,3,Low,Low
CC102242,35,Female,Diploma,Married,Salaried,12300000,48000000,67,0,0,0,5100000,13930000,8090000,2200000,6590000,3510000,530000,0,0,30-39,9040000,4100000,0.188333333,Low,1,No Late Payments,Medium
CC102243,28,Male,Bachelor,Married,Contract,9000000,37000000,38,2,3,3,15490000,16730000,16320000,1420000,550000,400000,3890000,4,0,21-29,16180000,790000,0.437297297,Moderate,2,Moderate,Low
CC102244,27,Male,Bachelor,Married,Contract,5700000,21000000,72,0,0,0,15290000,17630000,14510000,2580000,5460000,5270000,1230000,0,0,21-29,15810000,4436666.667,0.752857143,Very High,4,No Late Payments,Low
CC102245,37,Male,High School,Married,Self-employed,8000000,38000000,106,0,0,0,4090000,10460000,6270000,2070000,5590000,1330000,300000,0,0,30-39,6940000,2996666.667,0.182631579,Low,1,No Late Payments,Low
CC102246,30,Female,Postgraduate,Single,Government,15900000,71000000,56,2,0,0,43660000,41900000,37140000,840000,18000000,6280000,4350000,1,0,30-39,40900000,8373333.333,0.576056338,High,3,Low,High
CC102247,46,Male,Bachelor,Married,Salaried,9800000,52000000,168,0,0,0,12090000,6100000,6030000,3130000,1760000,910000,610000,0,0,40-49,8073333.333,1933333.333,0.15525641,Low,1,No Late Payments,Medium
CC102248,26,Male,Diploma,Other,Salaried,5100000,20000000,43,2,3,1,10620000,12780000,9780000,2110000,230000,440000,1210000,3,1,21-29,11060000,926666.6667,0.553,High,3,Moderate,Low
CC102249,28,Male,Bachelor,Single,Salaried,10300000,56000000,82,0,0,2,24910000,29230000,21860000,4830000,14280000,5970000,4120000,2,0,21-29,25333333.33,8360000,0.452380952,Moderate,2,Low,Medium
CC102250,38,Female,Postgraduate,Married,Salaried,12600000,29000000,52,0,0,0,9260000,6470000,7430000,4780000,2810000,6800000,630000,1,0,30-39,7720000,4796666.667,0.266206897,Moderate,2,Low,Low
CC102251,49,Female,Bachelor,Single,Contract,14800000,76000000,94,0,0,0,13520000,5880000,8460000,5260000,1300000,8020000,970000,0,0,40-49,9286666.667,4860000,0.122192982,Low,1,No Late Payments,High
CC102252,27,Female,Bachelor,Married,Self-employed,15300000,42000000,43,2,1,0,23130000,23880000,21010000,730000,8330000,18060000,4010000,3,1,21-29,22673333.33,9040000,0.53984127,High,3,Moderate,Medium
CC102253,44,Male,Diploma,Married,Government,6800000,25000000,76,0,0,0,190000,2390000,4810000,190000,1520000,840000,590000,0,0,40-49,2463333.333,850000,0.098533333,Low,1,No Late Payments,Low
CC102254,24,Female,Bachelor,Single,Salaried,9000000,51000000,55,0,0,0,22180000,26890000,26550000,6900000,11640000,14050000,1000000,1,0,21-29,25206666.67,10863333.33,0.494248366,Moderate,2,Low,Medium
CC102255,21,Male,High School,Married,Salaried,6100000,24000000,3,0,0,0,8890000,6330000,5590000,1840000,3040000,2810000,400000,1,0,21-29,6936666.667,2563333.333,0.289027778,Moderate,2,Low,Low
CC102256,53,Female,High School,Married,Contract,8600000,54000000,164,0,2,2,52140000,43590000,44580000,8800000,8980000,5430000,4000000,2,1,50-59,46770000,7736666.667,0.866111111,Very High,4,Low,Medium
CC102257,26,Male,Bachelor,Single,Salaried,8900000,48000000,65,0,0,0,21530000,15280000,13470000,11190000,6850000,3580000,1040000,0,0,21-29,16760000,7206666.667,0.349166667,Moderate,2,No Late Payments,Medium
CC102258,24,Female,Diploma,Single,Salaried,7400000,37000000,26,0,0,0,5190000,3890000,5900000,2410000,850000,1370000,820000,0,0,21-29,4993333.333,1543333.333,0.134954955,Low,1,No Late Payments,Low
CC102259,27,Male,Bachelor,Other,Salaried,7200000,24000000,58,2,0,0,780000,4980000,7400000,260000,2500000,6050000,590000,3,0,21-29,4386666.667,2936666.667,0.182777778,Low,1,Moderate,Low
CC102260,25,Female,Diploma,Single,Self-employed,13700000,55000000,34,0,0,0,17740000,17280000,26600000,7310000,6800000,7290000,3660000,0,0,21-29,20540000,7133333.333,0.373454545,Moderate,2,No Late Payments,Medium
CC102261,30,Male,Bachelor,Married,Salaried,9500000,45000000,78,0,0,0,24260000,14830000,15140000,10140000,4240000,4740000,2000000,1,0,30-39,18076666.67,6373333.333,0.401703704,Moderate,2,Low,Medium
CC102262,33,Female,High School,Single,Salaried,10500000,20000000,33,2,0,0,9810000,10310000,10040000,3000000,2780000,3280000,570000,1,1,30-39,10053333.33,3020000,0.502666667,High,3,Low,Low
CC102263,61,Male,Diploma,Other,Contract,11500000,51000000,171,0,0,0,23950000,23440000,24400000,3480000,5460000,8860000,1300000,0,0,60+,23930000,5933333.333,0.469215686,Moderate,2,No Late Payments,Medium
CC102264,34,Female,Bachelor,Married,Salaried,10200000,31000000,75,0,0,0,12060000,6360000,7240000,4100000,2860000,1920000,200000,1,0,30-39,8553333.333,2960000,0.275913978,Moderate,2,Low,Low
CC102265,51,Male,Bachelor,Other,Salaried,17100000,70000000,140,0,0,0,37120000,30200000,28840000,30890000,30490000,3720000,3090000,0,0,50-59,32053333.33,21700000,0.457904762,Moderate,2,No Late Payments,High
CC102266,25,Female,Diploma,Single,Salaried,7200000,39000000,17,3,0,0,16710000,16940000,17240000,580000,4130000,820000,4520000,1,1,21-29,16963333.33,1843333.333,0.434957265,Moderate,2,Low,Low
CC102267,55,Female,High School,Other,Salaried,10000000,33000000,240,0,0,0,5250000,9990000,13360000,2320000,4880000,5490000,2170000,1,0,50-59,9533333.333,4230000,0.288888889,Moderate,2,Low,Low
CC102268,37,Female,Bachelor,Single,Government,15700000,83000000,70,0,0,0,42520000,49240000,35790000,16900000,23040000,33030000,770000,0,0,30-39,42516666.67,24323333.33,0.512248996,High,3,No Late Payments,High
CC102269,52,Male,Postgraduate,Single,Salaried,12900000,46000000,106,3,0,0,15210000,22040000,17450000,580000,9590000,6350000,970000,1,1,50-59,18233333.33,5506666.667,0.396376812,Moderate,2,Low,Medium
CC102270,34,Male,Diploma,Single,Salaried,9000000,37000000,106,0,0,0,25150000,25440000,24530000,6800000,15040000,3170000,2140000,0,0,30-39,25040000,8336666.667,0.676756757,High,3,No Late Payments,Low
CC102271,49,Female,Bachelor,Married,Contract,13600000,62000000,172,0,0,0,690000,1510000,3550000,690000,1120000,1220000,980000,0,0,40-49,1916666.667,1010000,0.030913978,Low,1,No Late Payments,High
CC102272,51,Male,Diploma,Married,Contract,8400000,42000000,216,0,1,0,20010000,15990000,14150000,8690000,6630000,5430000,670000,1,0,50-59,16716666.67,6916666.667,0.398015873,Moderate,2,Low,Medium
CC102273,34,Male,High School,Married,Contract,5700000,20000000,114,0,0,0,680000,2830000,6120000,380000,1240000,1490000,1450000,1,0,30-39,3210000,1036666.667,0.1605,Low,1,Low,Low
CC102274,24,Female,High School,Single,Salaried,5000000,20000000,28,0,0,0,1130000,660000,2800000,310000,440000,820000,40000,0,0,21-29,1530000,523333.3333,0.0765,Low,1,No Late Payments,Low
CC102275,48,Male,Diploma,Other,Salaried,13800000,67000000,169,0,0,0,31390000,32480000,34410000,12000000,26780000,12590000,3160000,0,0,40-49,32760000,17123333.33,0.488955224,Moderate,2,No Late Payments,High
CC102276,31,Male,Bachelor,Married,Contract,9100000,40000000,54,2,0,0,12130000,17260000,10440000,2140000,6510000,5860000,1640000,1,0,30-39,13276666.67,4836666.667,0.331916667,Moderate,2,Low,Medium
CC102277,36,Female,Bachelor,Single,Other,11000000,44000000,58,0,0,0,22500000,21340000,13680000,18620000,6710000,6460000,1080000,0,0,30-39,19173333.33,10596666.67,0.435757576,Moderate,2,No Late Payments,Medium
CC102278,32,Female,Bachelor,Married,Salaried,18600000,45000000,27,0,0,0,33900000,35680000,28090000,34770000,10110000,14970000,2070000,0,0,30-39,32556666.67,19950000,0.723481481,High,3,No Late Payments,Medium
CC102279,41,Female,Bachelor,Other,Salaried,10500000,44000000,121,0,0,0,20680000,18540000,24490000,12950000,7650000,8220000,1850000,0,0,40-49,21236666.67,9606666.667,0.482651515,Moderate,2,No Late Payments,Medium
CC102280,44,Male,Bachelor,Married,Self-employed,15700000,68000000,89,0,0,0,39830000,46780000,46890000,36350000,21770000,11630000,1010000,0,0,40-49,44500000,23250000,0.654411765,High,3,No Late Payments,High
CC102281,44,Female,Postgraduate,Married,Government,29900000,158000000,101,0,0,0,60160000,61450000,60690000,20460000,12920000,13670000,5960000,0,0,40-49,60766666.67,15683333.33,0.384599156,Moderate,2,No Late Payments,Very High
CC102282,43,Female,Bachelor,Married,Contract,12600000,58000000,61,3,3,0,28800000,33320000,32200000,1380000,1030000,5970000,1770000,2,1,40-49,31440000,2793333.333,0.542068966,High,3,Low,Medium
CC102283,39,Female,Postgraduate,Married,Salaried,9500000,24000000,86,0,0,0,2300000,3440000,2150000,2390000,1240000,960000,740000,0,0,30-39,2630000,1530000,0.109583333,Low,1,No Late Payments,Low
CC102284,33,Female,Bachelor,Single,Salaried,17100000,52000000,82,0,0,0,4720000,11140000,13760000,3040000,11130000,5760000,5950000,0,0,30-39,9873333.333,6643333.333,0.189871795,Low,1,No Late Payments,Medium
CC102285,31,Female,High School,Married,Other,5000000,20000000,71,0,0,2,14210000,11760000,14650000,1900000,2950000,2120000,540000,1,0,30-39,13540000,2323333.333,0.677,High,3,Low,Low
CC102286,35,Female,Postgraduate,Married,Salaried,16000000,45000000,76,0,0,0,0,4960000,920000,0,1970000,920000,2250000,0,0,30-39,1960000,963333.3333,0.043555556,Low,1,No Late Payments,Medium
CC102287,29,Female,Bachelor,Single,Contract,9300000,45000000,76,0,0,0,30050000,19860000,23430000,25170000,7640000,21740000,2440000,0,0,21-29,24446666.67,18183333.33,0.543259259,High,3,No Late Payments,Medium
CC102288,47,Female,Bachelor,Married,Self-employed,17500000,64000000,95,0,1,0,16820000,14380000,22330000,16920000,5610000,11950000,1000000,1,0,40-49,17843333.33,11493333.33,0.278802083,Moderate,2,Low,High
CC102289,47,Female,Bachelor,Married,Government,19900000,126000000,125,3,3,3,88110000,76930000,66300000,2310000,2130000,2560000,12440000,3,0,40-49,77113333.33,2333333.333,0.612010582,High,3,Moderate,Very High
CC102290,30,Male,Bachelor,Married,Salaried,9000000,30000000,49,0,0,0,9180000,10340000,7180000,4690000,4370000,3340000,2860000,0,0,30-39,8900000,4133333.333,0.296666667,Moderate,2,No Late Payments,Low
CC102291,56,Female,High School,Married,Self-employed,14100000,81000000,166,0,0,0,4880000,0,2420000,5000000,0,1650000,1850000,0,0,50-59,2433333.333,2216666.667,0.030041152,Low,1,No Late Payments,High
CC102292,40,Female,Postgraduate,Married,Self-employed,14400000,63000000,94,0,0,0,17510000,16650000,17240000,6290000,8240000,16380000,3170000,0,0,40-49,17133333.33,10303333.33,0.271957672,Moderate,2,No Late Payments,High
CC102293,23,Female,Bachelor,Single,Salaried,10200000,31000000,15,2,0,2,14170000,14310000,16330000,990000,4900000,1810000,2000000,3,0,21-29,14936666.67,2566666.667,0.481827957,Moderate,2,Moderate,Low
CC102294,35,Male,Bachelor,Single,Government,9900000,38000000,20,0,0,0,5670000,0,7040000,1310000,0,1760000,170000,0,1,30-39,4236666.667,1023333.333,0.111491228,Low,1,No Late Payments,Low
CC102295,34,Male,Bachelor,Married,Salaried,8400000,57000000,52,0,0,0,9200000,20090000,5230000,7990000,5530000,4700000,3740000,0,0,30-39,11506666.67,6073333.333,0.201871345,Low,1,No Late Payments,Medium
CC102296,42,Female,High School,Married,Government,14100000,82000000,96,0,0,0,32380000,41290000,42680000,19890000,22090000,11600000,3800000,0,0,40-49,38783333.33,17860000,0.47296748,Moderate,2,No Late Payments,High
CC102297,38,Male,Bachelor,Married,Salaried,8200000,42000000,89,3,2,0,15130000,13240000,12210000,750000,2050000,3440000,2820000,3,1,30-39,13526666.67,2080000,0.322063492,Moderate,2,Moderate,Medium
CC102298,35,Female,Bachelor,Single,Other,8500000,29000000,47,0,0,0,27490000,23220000,21230000,9550000,7340000,6700000,2500000,2,1,30-39,23980000,7863333.333,0.826896552,Very High,4,Low,Low
CC102299,25,Male,High School,Other,Contract,5000000,20000000,74,3,3,0,17160000,14810000,16410000,420000,430000,4660000,970000,2,1,21-29,16126666.67,1836666.667,0.806333333,Very High,4,Low,Low
CC102300,36,Male,High School,Married,Salaried,8500000,44000000,127,0,0,0,13350000,10290000,10600000,11980000,4210000,4730000,1310000,0,0,30-39,11413333.33,6973333.333,0.259393939,Moderate,2,No Late Payments,Medium
CC102301,33,Male,Bachelor,Married,Self-employed,10400000,50000000,58,0,2,2,24920000,17480000,19750000,7960000,760000,2660000,3950000,2,1,30-39,20716666.67,3793333.333,0.414333333,Moderate,2,Low,Medium
CC102302,40,Male,Bachelor,Married,Contract,12400000,78000000,144,0,0,0,25980000,26700000,23910000,9700000,11320000,4290000,2250000,1,0,40-49,25530000,8436666.667,0.327307692,Moderate,2,Low,High
CC102303,39,Male,Bachelor,Single,Contract,7000000,52000000,132,0,0,0,11510000,9130000,14220000,5010000,8900000,3950000,390000,0,0,30-39,11620000,5953333.333,0.223461538,Low,1,No Late Payments,Medium
CC102304,37,Female,Postgraduate,Single,Self-employed,18600000,52000000,93,0,0,0,29550000,24960000,30470000,12280000,4890000,14550000,1780000,0,0,30-39,28326666.67,10573333.33,0.54474359,High,3,No Late Payments,Medium
CC102305,32,Male,High School,Married,Salaried,9500000,52000000,80,0,0,0,25040000,27320000,16900000,5730000,3170000,5940000,900000,1,0,30-39,23086666.67,4946666.667,0.443974359,Moderate,2,Low,Medium
CC102306,38,Male,Bachelor,Married,Salaried,6200000,20000000,37,0,1,3,8980000,10950000,9740000,3230000,3080000,680000,660000,4,1,30-39,9890000,2330000,0.4945,Moderate,2,Moderate,Low
CC102307,51,Female,Bachelor,Single,Government,13400000,84000000,163,0,0,0,26250000,23600000,23430000,7470000,10880000,9010000,2520000,0,0,50-59,24426666.67,9120000,0.290793651,Moderate,2,No Late Payments,High
CC102308,23,Female,Diploma,Single,Other,5000000,20000000,24,0,2,3,8530000,10280000,9210000,2570000,3820000,270000,560000,2,1,21-29,9340000,2220000,0.467,Moderate,2,Low,Low
CC102309,49,Female,High School,Other,Self-employed,13600000,35000000,209,0,0,0,21100000,16820000,16710000,21720000,5210000,16500000,660000,0,0,40-49,18210000,14476666.67,0.520285714,High,3,No Late Payments,Low
CC102310,63,Female,Diploma,Married,Self-employed,13700000,46000000,240,2,2,2,11880000,15190000,25640000,530000,1420000,700000,3630000,3,1,60+,17570000,883333.3333,0.381956522,Moderate,2,Moderate,Medium
CC102311,35,Male,Bachelor,Married,Salaried,13600000,63000000,77,0,0,0,27130000,29640000,30890000,12610000,10980000,3140000,2670000,0,0,30-39,29220000,8910000,0.463809524,Moderate,2,No Late Payments,High
CC102312,36,Male,High School,Married,Contract,8000000,40000000,54,2,0,0,31720000,29100000,29730000,1890000,9150000,4680000,3000000,1,1,30-39,30183333.33,5240000,0.754583333,Very High,4,Low,Medium
CC102313,34,Female,Bachelor,Married,Other,6400000,29000000,62,0,0,0,17660000,19780000,14420000,3330000,7930000,3260000,1040000,0,0,30-39,17286666.67,4840000,0.596091954,High,3,No Late Payments,Low
CC102314,34,Female,Bachelor,Single,Salaried,12700000,57000000,69,2,0,3,39630000,45200000,43550000,1170000,12670000,1280000,3170000,2,1,30-39,42793333.33,5040000,0.750760234,Very High,4,Low,Medium
CC102315,45,Female,Bachelor,Married,Government,12600000,57000000,137,0,0,0,15030000,17350000,17310000,2420000,5280000,6560000,3120000,0,0,40-49,16563333.33,4753333.333,0.290584795,Moderate,2,No Late Payments,Medium
CC102316,22,Male,Bachelor,Married,Contract,8100000,32000000,36,0,0,0,20540000,17230000,15000000,7620000,18030000,4230000,310000,0,0,21-29,17590000,9960000,0.5496875,High,3,No Late Payments,Low
CC102317,51,Male,Bachelor,Other,Self-employed,18000000,59000000,132,0,0,0,28990000,26970000,27450000,14140000,3160000,5660000,1560000,0,0,50-59,27803333.33,7653333.333,0.471242938,Moderate,2,No Late Payments,Medium
CC102318,53,Male,Diploma,Single,Salaried,10300000,59000000,119,0,0,0,30040000,31850000,34220000,13470000,7720000,32390000,7720000,2,0,50-59,32036666.67,17860000,0.54299435,High,3,Low,Medium
CC102319,26,Female,High School,Married,Salaried,5000000,24000000,6,0,3,3,3540000,4860000,1520000,930000,530000,480000,1730000,2,1,21-29,3306666.667,646666.6667,0.137777778,Low,1,Low,Low
CC102320,30,Male,High School,Single,Self-employed,9300000,30000000,61,0,0,0,18460000,21810000,20570000,6570000,4870000,9650000,1190000,1,0,30-39,20280000,7030000,0.676,High,3,Low,Low
CC102321,47,Male,High School,Married,Self-employed,8000000,35000000,93,0,0,0,24470000,20850000,14250000,9380000,5280000,7170000,2450000,0,0,40-49,19856666.67,7276666.667,0.567333333,High,3,No Late Payments,Low
CC102322,41,Female,Diploma,Married,Other,10700000,57000000,140,0,0,0,32950000,25970000,29560000,8050000,5910000,11630000,650000,0,0,40-49,29493333.33,8530000,0.517426901,High,3,No Late Payments,Medium
CC102323,56,Male,High School,Married,Other,7900000,41000000,94,0,0,0,14190000,16360000,19450000,4380000,7210000,18490000,1630000,0,0,50-59,16666666.67,10026666.67,0.406504065,Moderate,2,No Late Payments,Medium
CC102324,40,Male,Diploma,Married,Government,12600000,51000000,58,0,0,0,13150000,8940000,9750000,3900000,4270000,3840000,490000,0,0,40-49,10613333.33,4003333.333,0.208104575,Low,1,No Late Payments,Medium
CC102325,39,Male,Diploma,Married,Government,9500000,53000000,98,0,0,0,25120000,28000000,20960000,8830000,8990000,7150000,1860000,0,0,30-39,24693333.33,8323333.333,0.46591195,Moderate,2,No Late Payments,Medium
CC102326,40,Female,Bachelor,Married,Salaried,19300000,91000000,129,0,0,0,56190000,35120000,41420000,16680000,32470000,12950000,2590000,1,0,40-49,44243333.33,20700000,0.486190476,Moderate,2,Low,High
CC102327,42,Female,Diploma,Married,Contract,5000000,26000000,165,3,1,3,19090000,16850000,15210000,410000,2820000,440000,1430000,3,1,40-49,17050000,1223333.333,0.655769231,High,3,Moderate,Low
CC102328,28,Male,Diploma,Married,Other,6300000,29000000,55,0,0,0,16560000,13020000,10920000,3600000,4210000,1800000,2160000,1,0,21-29,13500000,3203333.333,0.465517241,Moderate,2,Low,Low
CC102329,36,Female,High School,Single,Self-employed,8900000,35000000,122,0,0,0,17230000,13100000,15180000,7830000,3460000,2330000,1250000,0,0,30-39,15170000,4540000,0.433428571,Moderate,2,No Late Payments,Low
CC102330,38,Male,Diploma,Single,Self-employed,15900000,77000000,147,0,0,0,49530000,41230000,34420000,47330000,12620000,8830000,2140000,0,0,30-39,41726666.67,22926666.67,0.541904762,High,3,No Late Payments,High
CC102331,42,Female,Bachelor,Married,Government,21300000,52000000,83,0,0,0,17810000,15150000,21450000,8650000,6790000,8420000,4110000,0,0,40-49,18136666.67,7953333.333,0.348782051,Moderate,2,No Late Payments,Medium
CC102332,33,Male,Bachelor,Single,Contract,9500000,46000000,44,3,3,3,23250000,21180000,20700000,700000,820000,2760000,5730000,3,1,30-39,21710000,1426666.667,0.471956522,Moderate,2,Moderate,Medium
CC102333,27,Male,Postgraduate,Other,Contract,9500000,38000000,79,0,0,0,17110000,8210000,4080000,8600000,1180000,1560000,2030000,0,0,21-29,9800000,3780000,0.257894737,Moderate,2,No Late Payments,Low
CC102334,30,Female,Bachelor,Married,Contract,10600000,47000000,67,0,1,3,31900000,27890000,28110000,6570000,1030000,6470000,2380000,2,1,30-39,29300000,4690000,0.623404255,High,3,Low,Medium
CC102335,23,Female,Bachelor,Single,Salaried,14100000,40000000,17,0,0,0,820000,970000,4550000,740000,450000,740000,220000,1,0,21-29,2113333.333,643333.3333,0.052833333,Low,1,Low,Medium
CC102336,38,Female,Postgraduate,Married,Government,28800000,160000000,104,0,0,0,109730000,114970000,105340000,10490000,38580000,33320000,4080000,1,0,30-39,110013333.3,27463333.33,0.687583333,High,3,Low,Very High
CC102337,54,Female,Bachelor,Single,Salaried,13000000,67000000,94,0,0,0,32590000,35590000,39950000,28250000,12690000,10610000,5440000,0,0,50-59,36043333.33,17183333.33,0.537960199,High,3,No Late Payments,High
CC102338,21,Female,Bachelor,Single,Contract,8200000,28000000,21,0,0,0,8880000,5480000,7100000,8630000,4690000,2640000,330000,0,0,21-29,7153333.333,5320000,0.25547619,Moderate,2,No Late Payments,Low
CC102339,34,Female,Bachelor,Married,Self-employed,16500000,58000000,96,0,0,0,20660000,9100000,9860000,7660000,8590000,9420000,270000,0,0,30-39,13206666.67,8556666.667,0.227701149,Low,1,No Late Payments,Medium
CC102340,30,Male,High School,Married,Contract,5400000,20000000,51,1,3,3,8010000,12620000,9850000,1330000,1110000,1870000,2070000,3,1,30-39,10160000,1436666.667,0.508,High,3,Moderate,Low
CC102341,54,Female,Bachelor,Married,Contract,14400000,63000000,218,0,0,0,17790000,470000,840000,15900000,470000,840000,3130000,2,0,50-59,6366666.667,5736666.667,0.101058201,Low,1,Low,High
CC102342,36,Female,Diploma,Married,Contract,10800000,42000000,142,3,0,1,23340000,26360000,22310000,2080000,10890000,4780000,1150000,2,1,30-39,24003333.33,5916666.667,0.571507937,High,3,Low,Medium
CC102343,24,Male,Bachelor,Single,Government,8700000,31000000,45,0,0,0,13740000,15300000,14190000,4590000,3460000,7350000,600000,0,0,21-29,14410000,5133333.333,0.46483871,Moderate,2,No Late Payments,Low
CC102344,47,Male,High School,Married,Salaried,11800000,27000000,207,0,0,0,6600000,8170000,3060000,3830000,3720000,1620000,710000,0,0,40-49,5943333.333,3056666.667,0.220123457,Low,1,No Late Payments,Low
CC102345,22,Female,Diploma,Single,Salaried,6400000,20000000,46,1,2,0,7930000,11400000,11880000,2000000,700000,1280000,840000,2,1,21-29,10403333.33,1326666.667,0.520166667,High,3,Low,Low
CC102346,40,Female,Diploma,Other,Self-employed,13100000,43000000,163,0,0,0,14590000,20430000,15720000,6500000,7240000,14000000,1540000,0,0,40-49,16913333.33,9246666.667,0.393333333,Moderate,2,No Late Payments,Medium
CC102347,33,Male,Bachelor,Single,Salaried,9800000,41000000,59,1,0,0,16040000,12570000,18960000,8880000,3020000,7500000,250000,1,1,30-39,15856666.67,6466666.667,0.386747967,Moderate,2,Low,Medium
CC102348,29,Female,Bachelor,Married,Government,7000000,22000000,31,0,0,0,1620000,5170000,8970000,670000,1420000,7520000,100000,0,0,21-29,5253333.333,3203333.333,0.238787879,Low,1,No Late Payments,Low
CC102349,36,Male,Diploma,Single,Salaried,6200000,33000000,56,0,2,0,25410000,16890000,12110000,11450000,1150000,4160000,890000,1,1,30-39,18136666.67,5586666.667,0.54959596,High,3,Low,Low
CC102350,32,Female,Diploma,Married,Salaried,7500000,24000000,83,2,3,3,10570000,13530000,13310000,430000,320000,500000,790000,4,1,30-39,12470000,416666.6667,0.519583333,High,3,Moderate,Low
CC102351,21,Female,High School,Single,Other,6300000,26000000,29,0,0,0,7120000,5560000,7080000,2120000,520000,1060000,1160000,1,1,21-29,6586666.667,1233333.333,0.253333333,Moderate,2,Low,Low
CC102352,21,Male,High School,Single,Contract,5000000,20000000,22,0,0,0,5870000,3080000,1840000,1970000,1600000,940000,250000,0,0,21-29,3596666.667,1503333.333,0.179833333,Low,1,No Late Payments,Low
CC102353,49,Female,High School,Married,Contract,9500000,62000000,162,3,3,3,40970000,40160000,36490000,890000,4730000,1270000,8430000,3,1,40-49,39206666.67,2296666.667,0.632365591,High,3,Moderate,High
CC102354,37,Female,Bachelor,Married,Salaried,9300000,43000000,51,0,0,1,16340000,16650000,19490000,4720000,3660000,4940000,2660000,1,0,30-39,17493333.33,4440000,0.406821705,Moderate,2,Low,Medium
CC102355,38,Female,Bachelor,Married,Salaried,9800000,21000000,137,3,0,0,9700000,11690000,15210000,710000,4150000,3100000,900000,2,0,30-39,12200000,2653333.333,0.580952381,High,3,Low,Low
CC102356,27,Female,Postgraduate,Married,Government,9600000,36000000,20,3,2,0,30920000,26940000,25250000,2670000,2510000,3390000,2890000,3,1,21-29,27703333.33,2856666.667,0.769537037,Very High,4,Moderate,Low
CC102357,37,Female,Diploma,Married,Self-employed,7900000,48000000,93,3,3,0,23570000,31600000,29980000,970000,700000,7770000,2950000,2,1,30-39,28383333.33,3146666.667,0.591319444,High,3,Low,Medium
CC102358,41,Male,Postgraduate,Single,Salaried,14100000,64000000,149,0,0,1,12100000,23730000,10860000,10100000,19850000,1460000,970000,1,0,40-49,15563333.33,10470000,0.243177083,Low,1,Low,High
CC102359,42,Female,Bachelor,Married,Salaried,19800000,106000000,164,0,0,0,47530000,66800000,55090000,7950000,18780000,26420000,1910000,0,0,40-49,56473333.33,17716666.67,0.532767296,High,3,No Late Payments,Very High
CC102360,21,Female,Bachelor,Single,Government,13300000,53000000,4,0,0,0,130000,620000,4550000,130000,610000,2820000,50000,0,0,21-29,1766666.667,1186666.667,0.033333333,Low,1,No Late Payments,Medium
CC102361,44,Female,Bachelor,Married,Self-employed,17800000,58000000,135,0,2,0,0,4990000,15050000,0,800000,3860000,1650000,1,0,40-49,6680000,1553333.333,0.115172414,Low,1,Low,Medium
CC102362,32,Male,High School,Married,Self-employed,7800000,28000000,62,2,3,3,3640000,1840000,6460000,910000,320000,320000,4530000,3,1,30-39,3980000,516666.6667,0.142142857,Low,1,Moderate,Low
CC102363,31,Male,High School,Single,Self-employed,9600000,50000000,82,0,0,0,15450000,9260000,15200000,4490000,3650000,5040000,1110000,1,0,30-39,13303333.33,4393333.333,0.266066667,Moderate,2,Low,Medium
CC102364,39,Male,Bachelor,Married,Contract,8800000,35000000,137,0,1,3,18370000,17770000,19180000,2780000,4250000,930000,2170000,2,1,30-39,18440000,2653333.333,0.526857143,High,3,Low,Low
CC102365,48,Male,High School,Single,Self-employed,6400000,32000000,120,0,0,0,7630000,8650000,10270000,3330000,3100000,4660000,3600000,0,0,40-49,8850000,3696666.667,0.2765625,Moderate,2,No Late Payments,Low
CC102366,37,Female,Postgraduate,Married,Contract,12300000,56000000,134,0,0,0,35360000,32920000,25280000,11980000,20540000,9840000,1900000,0,0,30-39,31186666.67,14120000,0.556904762,High,3,No Late Payments,Medium
CC102367,31,Female,Diploma,Other,Salaried,15100000,47000000,65,0,0,0,26640000,23910000,26880000,9400000,10630000,11760000,2450000,0,0,30-39,25810000,10596666.67,0.549148936,High,3,No Late Payments,Medium
CC102368,46,Female,Diploma,Married,Government,12100000,67000000,159,0,0,0,300000,8490000,15730000,300000,8460000,13770000,750000,0,0,40-49,8173333.333,7510000,0.12199005,Low,1,No Late Payments,High
CC102369,33,Female,Postgraduate,Married,Salaried,11100000,61000000,76,0,0,0,10760000,9020000,8190000,2730000,4890000,2320000,1590000,0,0,30-39,9323333.333,3313333.333,0.15284153,Low,1,No Late Payments,High
CC102370,37,Male,Bachelor,Married,Salaried,9900000,41000000,85,0,0,0,19760000,16440000,16420000,18520000,13280000,3570000,450000,0,0,30-39,17540000,11790000,0.427804878,Moderate,2,No Late Payments,Medium
CC102371,25,Male,Bachelor,Single,Self-employed,11000000,38000000,45,0,0,0,8990000,8790000,10760000,4430000,2920000,3620000,2230000,0,0,21-29,9513333.333,3656666.667,0.250350877,Moderate,2,No Late Payments,Low
CC102372,43,Female,Diploma,Married,Contract,12800000,51000000,63,0,0,0,26860000,28110000,28540000,6140000,2180000,7800000,1640000,1,0,40-49,27836666.67,5373333.333,0.545816993,High,3,Low,Medium
CC102373,41,Male,Bachelor,Married,Self-employed,13500000,56000000,98,0,0,0,18320000,9360000,7860000,1060000,3220000,2200000,3330000,0,0,40-49,11846666.67,2160000,0.211547619,Low,1,No Late Payments,Medium
CC102374,44,Female,High School,Married,Salaried,8700000,47000000,195,0,3,2,10290000,11230000,17900000,3840000,1360000,1960000,1590000,2,0,40-49,13140000,2386666.667,0.279574468,Moderate,2,Low,Medium
CC102375,25,Female,Bachelor,Married,Salaried,15300000,47000000,43,0,0,0,21130000,16960000,21940000,13450000,15130000,11740000,740000,0,0,21-29,20010000,13440000,0.425744681,Moderate,2,No Late Payments,Medium
CC102376,37,Male,Bachelor,Married,Salaried,12800000,62000000,81,0,0,0,17670000,21630000,22760000,10680000,9110000,10420000,4750000,0,0,30-39,20686666.67,10070000,0.333655914,Moderate,2,No Late Payments,High
CC102377,46,Female,Diploma,Married,Other,10500000,38000000,67,0,0,0,8100000,7380000,8550000,7380000,1700000,5280000,2130000,0,0,40-49,8010000,4786666.667,0.210789474,Low,1,No Late Payments,Low
CC102378,38,Female,Diploma,Single,Government,10800000,45000000,102,0,0,0,11510000,7040000,5690000,5420000,5830000,2020000,2170000,0,0,30-39,8080000,4423333.333,0.179555556,Low,1,No Late Payments,Medium
CC102379,41,Female,Bachelor,Married,Salaried,10900000,35000000,86,0,1,1,19230000,15380000,15570000,3750000,6090000,4820000,770000,2,0,40-49,16726666.67,4886666.667,0.477904762,Moderate,2,Low,Low
CC102380,21,Female,Diploma,Single,Salaried,6500000,24000000,3,2,0,0,9780000,12150000,7480000,1380000,2890000,860000,850000,1,1,21-29,9803333.333,1710000,0.408472222,Moderate,2,Low,Low
CC102381,40,Female,Bachelor,Married,Government,20300000,77000000,89,0,0,0,910000,2730000,8300000,910000,1870000,8060000,1950000,0,0,40-49,3980000,3613333.333,0.051688312,Low,1,No Late Payments,High
CC102382,68,Male,Bachelor,Married,Salaried,17200000,70000000,207,0,0,0,33450000,43620000,41250000,12960000,7850000,14440000,1290000,0,0,60+,39440000,11750000,0.563428571,High,3,No Late Payments,High
CC102383,24,Male,Bachelor,Single,Government,8700000,34000000,3,1,0,0,11200000,7500000,16460000,2230000,3220000,3140000,1010000,1,1,21-29,11720000,2863333.333,0.344705882,Moderate,2,Low,Low
CC102384,26,Female,High School,Single,Contract,8600000,32000000,52,0,0,0,32320000,29980000,31410000,540000,24040000,8030000,1720000,0,0,21-29,31236666.67,10870000,0.976145833,Very High,4,No Late Payments,Low
CC102385,26,Female,Bachelor,Married,Salaried,11300000,49000000,50,0,0,0,16210000,6800000,10160000,2490000,5800000,3020000,950000,0,0,21-29,11056666.67,3770000,0.225646259,Low,1,No Late Payments,Medium
CC102386,37,Female,High School,Single,Salaried,7000000,31000000,86,3,1,3,19760000,19140000,15990000,650000,1160000,740000,2520000,4,1,30-39,18296666.67,850000,0.590215054,High,3,Moderate,Low
CC102387,33,Female,Bachelor,Single,Salaried,19800000,96000000,69,0,0,0,34990000,29620000,43470000,10230000,26270000,12450000,5560000,1,0,30-39,36026666.67,16316666.67,0.375277778,Moderate,2,Low,High
CC102388,51,Female,High School,Single,Contract,12000000,59000000,170,0,0,0,8530000,3900000,10430000,2720000,1150000,2700000,3050000,0,0,50-59,7620000,2190000,0.129152542,Low,1,No Late Payments,Medium
CC102389,51,Female,High School,Married,Self-employed,11300000,37000000,164,0,0,2,15780000,9760000,13890000,7000000,9350000,1930000,2670000,1,0,50-59,13143333.33,6093333.333,0.355225225,Moderate,2,Low,Low
CC102390,31,Male,Bachelor,Married,Government,12500000,47000000,97,1,0,0,17130000,14710000,10340000,2310000,8590000,4930000,1120000,1,0,30-39,14060000,5276666.667,0.299148936,Moderate,2,Low,Medium
CC102391,21,Female,Diploma,Single,Other,6900000,30000000,9,0,0,0,6140000,7680000,12490000,730000,3580000,3500000,380000,0,0,21-29,8770000,2603333.333,0.292333333,Moderate,2,No Late Payments,Low
CC102392,23,Female,High School,Single,Salaried,7500000,27000000,20,2,2,1,11230000,8310000,5410000,1830000,1270000,1110000,1620000,3,1,21-29,8316666.667,1403333.333,0.308024691,Moderate,2,Moderate,Low
CC102393,23,Female,Bachelor,Single,Salaried,10800000,61000000,21,0,0,0,7050000,4760000,5370000,2880000,4550000,1830000,1550000,0,0,21-29,5726666.667,3086666.667,0.093879781,Low,1,No Late Payments,High
CC102394,47,Female,Bachelor,Married,Salaried,13800000,77000000,92,0,0,0,2370000,1140000,4420000,1030000,1140000,2910000,2290000,0,0,40-49,2643333.333,1693333.333,0.034329004,Low,1,No Late Payments,High
CC102395,39,Female,High School,Married,Government,10500000,60000000,70,2,0,0,18830000,21650000,12210000,2520000,11260000,2930000,3000000,1,0,30-39,17563333.33,5570000,0.292722222,Moderate,2,Low,High
CC102396,42,Male,Bachelor,Married,Salaried,12800000,58000000,100,0,2,0,26980000,23060000,33430000,3460000,1750000,18060000,3060000,1,0,40-49,27823333.33,7756666.667,0.479712644,Moderate,2,Low,Medium
CC102397,37,Male,High School,Married,Salaried,9700000,38000000,95,0,0,0,13120000,14500000,16600000,3030000,2860000,15640000,2080000,1,0,30-39,14740000,7176666.667,0.387894737,Moderate,2,Low,Low
CC102398,38,Male,Bachelor,Single,Government,13500000,61000000,111,0,0,0,21310000,23310000,16720000,18580000,8770000,4210000,2750000,0,0,30-39,20446666.67,10520000,0.335191257,Moderate,2,No Late Payments,High
CC102399,29,Female,Bachelor,Married,Salaried,13200000,54000000,76,0,0,0,15570000,22420000,23140000,15860000,6550000,10890000,1890000,0,0,21-29,20376666.67,11100000,0.377345679,Moderate,2,No Late Payments,Medium
CC102400,48,Female,Bachelor,Married,Contract,11600000,39000000,139,2,2,2,25470000,22600000,24890000,1240000,5610000,620000,5270000,4,1,40-49,24320000,2490000,0.623589744,High,3,Moderate,Low
CC102401,24,Female,High School,Single,Contract,10000000,39000000,23,3,2,0,14950000,13870000,13370000,2780000,430000,500000,4930000,2,1,21-29,14063333.33,1236666.667,0.360598291,Moderate,2,Low,Low
CC102402,30,Female,High School,Married,Salaried,11800000,66000000,52,0,3,0,39990000,37440000,37410000,17050000,5930000,9670000,4650000,2,1,30-39,38280000,10883333.33,0.58,High,3,Low,High
CC102403,30,Female,Bachelor,Single,Salaried,7400000,27000000,68,0,1,0,16890000,13500000,15380000,9080000,350000,2520000,310000,2,0,30-39,15256666.67,3983333.333,0.565061728,High,3,Low,Low
CC102404,27,Female,Bachelor,Married,Self-employed,11800000,39000000,55,0,0,0,21420000,15570000,17740000,6160000,5150000,4340000,1850000,0,0,21-29,18243333.33,5216666.667,0.467777778,Moderate,2,No Late Payments,Low
CC102405,37,Female,Diploma,Married,Salaried,10200000,62000000,52,0,0,0,34190000,32760000,26470000,18530000,10430000,8310000,9220000,0,0,30-39,31140000,12423333.33,0.502258065,High,3,No Late Payments,High
CC102406,37,Male,Bachelor,Other,Salaried,14000000,54000000,85,0,0,1,38340000,39970000,40060000,3920000,19970000,17630000,750000,3,0,30-39,39456666.67,13840000,0.730679012,High,3,Moderate,Medium
CC102407,48,Male,Diploma,Married,Contract,11000000,59000000,196,0,0,0,8220000,7890000,7630000,2840000,1380000,3850000,930000,0,0,40-49,7913333.333,2690000,0.134124294,Low,1,No Late Payments,Medium
CC102408,40,Male,High School,Married,Government,7700000,37000000,80,3,3,0,31740000,34200000,35980000,640000,520000,8270000,4780000,2,1,40-49,33973333.33,3143333.333,0.918198198,Very High,4,Low,Low
CC102409,30,Male,Bachelor,Single,Government,9900000,53000000,71,1,2,0,36300000,39930000,37480000,11850000,6810000,36600000,3050000,2,1,30-39,37903333.33,18420000,0.715157233,High,3,Low,Medium
CC102410,30,Male,Bachelor,Single,Salaried,7800000,35000000,21,0,0,0,650000,810000,3300000,510000,790000,1510000,1930000,0,0,30-39,1586666.667,936666.6667,0.045333333,Low,1,No Late Payments,Low
CC102411,48,Female,Diploma,Single,Government,11500000,53000000,201,1,0,0,29750000,28920000,29290000,4130000,10370000,9640000,1980000,2,0,40-49,29320000,8046666.667,0.553207547,High,3,Low,Medium
CC102412,25,Female,High School,Single,Salaried,6500000,26000000,37,0,0,0,450000,3990000,4090000,350000,1220000,1560000,1170000,0,0,21-29,2843333.333,1043333.333,0.109358974,Low,1,No Late Payments,Low
CC102413,35,Female,High School,Married,Salaried,13400000,69000000,93,0,0,0,24180000,16200000,15880000,8570000,4880000,6620000,520000,0,0,30-39,18753333.33,6690000,0.27178744,Moderate,2,No Late Payments,High
CC102414,47,Male,Diploma,Married,Salaried,13000000,77000000,160,1,3,2,54980000,45810000,51160000,3280000,5290000,8880000,2710000,4,0,40-49,50650000,5816666.667,0.657792208,High,3,Moderate,High
CC102415,35,Female,Bachelor,Single,Salaried,13300000,77000000,95,3,3,3,49570000,43650000,34460000,8960000,1640000,1380000,5120000,3,1,30-39,42560000,3993333.333,0.552727273,High,3,Moderate,High
CC102416,47,Female,Bachelor,Single,Salaried,18800000,92000000,83,0,0,0,35690000,25980000,39010000,36030000,6890000,15870000,2360000,0,0,40-49,33560000,19596666.67,0.364782609,Moderate,2,No Late Payments,High
CC102417,34,Female,High School,Other,Contract,6100000,20000000,91,3,3,0,8590000,7990000,6910000,430000,410000,1880000,1220000,2,1,30-39,7830000,906666.6667,0.3915,Moderate,2,Low,Low
CC102418,38,Male,High School,Married,Government,9500000,71000000,81,2,3,0,25820000,16900000,27370000,1360000,2040000,6350000,3700000,3,1,30-39,23363333.33,3250000,0.329061033,Moderate,2,Moderate,High
CC102419,28,Female,Bachelor,Married,Self-employed,9700000,29000000,47,0,0,0,8360000,11810000,13570000,1550000,2820000,10930000,280000,1,0,21-29,11246666.67,5100000,0.387816092,Moderate,2,Low,Low
CC102420,26,Male,Bachelor,Single,Salaried,12300000,47000000,33,0,0,0,5800000,9310000,5060000,5330000,5760000,2840000,3880000,0,0,21-29,6723333.333,4643333.333,0.143049645,Low,1,No Late Payments,Medium
CC102421,53,Male,Diploma,Married,Salaried,13000000,56000000,227,0,0,0,24610000,28190000,28620000,13760000,22750000,10110000,5530000,0,0,50-59,27140000,15540000,0.484642857,Moderate,2,No Late Payments,Medium
CC102422,43,Female,High School,Married,Other,12000000,42000000,97,3,0,0,27000000,23590000,24300000,1620000,7390000,21860000,2390000,1,1,40-49,24963333.33,10290000,0.594365079,High,3,Low,Medium
CC102423,33,Male,Diploma,Married,Salaried,14200000,71000000,56,0,0,0,7030000,13720000,13530000,2460000,2580000,3490000,1870000,1,0,30-39,11426666.67,2843333.333,0.160938967,Low,1,Low,High
CC102424,37,Female,Diploma,Single,Salaried,8000000,38000000,91,0,0,0,4320000,5520000,11100000,2000000,1720000,3320000,1280000,0,0,30-39,6980000,2346666.667,0.183684211,Low,1,No Late Payments,Low
CC102425,33,Male,High School,Married,Government,5300000,26000000,73,1,3,0,8940000,5330000,9540000,1290000,500000,9450000,1310000,2,1,30-39,7936666.667,3746666.667,0.30525641,Moderate,2,Low,Low
CC102426,42,Female,Diploma,Married,Other,5300000,34000000,171,0,0,0,9480000,9680000,9990000,6980000,3230000,4180000,1620000,1,1,40-49,9716666.667,4796666.667,0.285784314,Moderate,2,Low,Low
CC102427,21,Female,Diploma,Married,Salaried,5300000,23000000,3,0,0,0,10730000,12810000,14290000,10450000,5460000,4840000,890000,0,0,21-29,12610000,6916666.667,0.54826087,High,3,No Late Payments,Low
CC102428,44,Female,Bachelor,Married,Salaried,9500000,49000000,93,0,0,0,16730000,24440000,32040000,14990000,11450000,8260000,3800000,0,0,40-49,24403333.33,11566666.67,0.498027211,Moderate,2,No Late Payments,Medium
CC102429,48,Male,High School,Married,Contract,5100000,20000000,141,3,0,0,13400000,10710000,10430000,860000,2690000,3720000,1690000,1,0,40-49,11513333.33,2423333.333,0.575666667,High,3,Low,Low
CC102430,44,Male,High School,Married,Self-employed,5600000,24000000,94,0,0,0,4730000,2990000,4980000,1140000,710000,4640000,500000,0,0,40-49,4233333.333,2163333.333,0.176388889,Low,1,No Late Payments,Low
CC102431,44,Female,Diploma,Married,Government,13800000,50000000,129,0,0,0,6560000,7180000,7520000,3400000,3320000,2700000,2760000,0,0,40-49,7086666.667,3140000,0.141733333,Low,1,No Late Payments,Medium
CC102432,37,Female,Postgraduate,Married,Salaried,27500000,122000000,93,0,0,0,18200000,37010000,24020000,15620000,14020000,6560000,1570000,0,0,30-39,26410000,12066666.67,0.21647541,Low,1,No Late Payments,Very High
CC102433,36,Male,Diploma,Married,Self-employed,12500000,51000000,104,0,0,0,19880000,22540000,22040000,3720000,8130000,11560000,1340000,0,0,30-39,21486666.67,7803333.333,0.42130719,Moderate,2,No Late Payments,Medium
CC102434,32,Female,Diploma,Married,Salaried,9600000,52000000,53,2,0,0,14640000,22350000,15230000,1360000,7440000,9890000,4270000,2,1,30-39,17406666.67,6230000,0.33474359,Moderate,2,Low,Medium
CC102435,46,Female,High School,Married,Salaried,7500000,41000000,189,0,0,0,16100000,17610000,13740000,3730000,4290000,4350000,5350000,1,0,40-49,15816666.67,4123333.333,0.385772358,Moderate,2,Low,Medium
CC102436,36,Male,Postgraduate,Single,Self-employed,14700000,66000000,141,0,0,0,42470000,36450000,36200000,11830000,16640000,15540000,100000,0,0,30-39,38373333.33,14670000,0.581414141,High,3,No Late Payments,High
CC102437,40,Male,Diploma,Single,Salaried,10400000,69000000,139,0,0,0,47750000,41330000,46540000,17930000,15320000,40570000,1700000,0,0,40-49,45206666.67,24606666.67,0.655169082,High,3,No Late Payments,High
CC102438,21,Male,High School,Single,Contract,5900000,21000000,21,3,0,0,13070000,12350000,15460000,900000,6190000,4330000,1220000,1,1,21-29,13626666.67,3806666.667,0.648888889,High,3,Low,Low
CC102439,33,Male,Diploma,Married,Salaried,6900000,38000000,95,0,0,0,20260000,10790000,16530000,10310000,5610000,6470000,1870000,0,0,30-39,15860000,7463333.333,0.417368421,Moderate,2,No Late Payments,Low
CC102440,29,Female,High School,Married,Other,7300000,26000000,6,2,2,0,19690000,18150000,15990000,2390000,970000,630000,1790000,3,1,21-29,17943333.33,1330000,0.690128205,High,3,Moderate,Low
CC102441,24,Female,Bachelor,Single,Contract,5500000,23000000,42,2,0,0,18180000,19140000,17210000,1230000,6070000,2530000,1040000,2,0,21-29,18176666.67,3276666.667,0.790289855,Very High,4,Low,Low
CC102442,39,Female,Bachelor,Married,Salaried,14600000,62000000,98,0,0,0,18890000,25520000,17750000,7680000,12220000,17190000,1970000,0,0,30-39,20720000,12363333.33,0.334193548,Moderate,2,No Late Payments,High
CC102443,43,Female,Diploma,Married,Salaried,10000000,45000000,118,0,0,0,1350000,10010000,6100000,950000,4900000,5460000,960000,0,0,40-49,5820000,3770000,0.129333333,Low,1,No Late Payments,Medium
CC102444,52,Male,Bachelor,Other,Self-employed,12000000,71000000,188,0,0,0,23300000,21710000,31540000,3190000,9370000,14110000,2210000,1,0,50-59,25516666.67,8890000,0.359389671,Moderate,2,Low,High
CC102445,41,Female,Bachelor,Married,Self-employed,14700000,66000000,167,0,0,0,34690000,26900000,31500000,12670000,8270000,8910000,1930000,0,0,40-49,31030000,9950000,0.470151515,Moderate,2,No Late Payments,High
CC102446,21,Male,Bachelor,Single,Government,9300000,45000000,30,1,0,0,35880000,31310000,26170000,3960000,5290000,11470000,2370000,1,0,21-29,31120000,6906666.667,0.691555556,High,3,Low,Medium
CC102447,52,Female,High School,Married,Salaried,9100000,29000000,166,0,0,1,15910000,15130000,17120000,6190000,6870000,2530000,80000,1,0,50-59,16053333.33,5196666.667,0.553563218,High,3,Low,Low
CC102448,30,Female,High School,Married,Self-employed,8500000,31000000,53,0,1,2,15540000,14180000,12580000,3870000,3660000,500000,1520000,2,0,30-39,14100000,2676666.667,0.45483871,Moderate,2,Low,Low
CC102449,36,Female,Bachelor,Single,Salaried,12700000,23000000,56,0,0,0,1420000,6750000,8260000,710000,3260000,2520000,390000,1,0,30-39,5476666.667,2163333.333,0.238115942,Low,1,Low,Low
CC102450,24,Male,Bachelor,Single,Salaried,5700000,32000000,55,0,0,0,21140000,21040000,16110000,13180000,5920000,16800000,1670000,0,0,21-29,19430000,11966666.67,0.6071875,High,3,No Late Payments,Low
CC102451,39,Female,Bachelor,Married,Salaried,12000000,24000000,112,0,0,0,2870000,30000,440000,2830000,30000,430000,210000,1,0,30-39,1113333.333,1096666.667,0.046388889,Low,1,Low,Low
CC102452,30,Male,High School,Married,Contract,7500000,25000000,36,0,3,0,18950000,15280000,15990000,18140000,500000,1400000,1740000,1,0,30-39,16740000,6680000,0.6696,High,3,Low,Low
CC102453,44,Female,Diploma,Married,Self-employed,13100000,65000000,160,0,0,0,11110000,14930000,10290000,2890000,7460000,5580000,1220000,0,0,40-49,12110000,5310000,0.186307692,Low,1,No Late Payments,High
CC102454,43,Female,Diploma,Married,Contract,9100000,44000000,181,3,3,3,26700000,29090000,33450000,630000,530000,600000,2770000,3,1,40-49,29746666.67,586666.6667,0.676060606,High,3,Moderate,Medium
CC102455,33,Male,Bachelor,Married,Contract,5000000,20000000,56,3,3,3,15190000,13800000,12300000,480000,220000,1030000,760000,4,1,30-39,13763333.33,576666.6667,0.688166667,High,3,Moderate,Low
CC102456,51,Male,Diploma,Married,Salaried,12800000,48000000,194,0,0,0,17350000,21370000,17240000,6380000,9050000,13860000,410000,1,0,50-59,18653333.33,9763333.333,0.388611111,Moderate,2,Low,Medium
CC102457,28,Female,Bachelor,Other,Self-employed,11200000,34000000,38,0,3,0,20150000,24980000,26460000,19470000,4770000,23850000,2050000,1,0,21-29,23863333.33,16030000,0.701862745,High,3,Low,Low
CC102458,44,Female,Bachelor,Single,Salaried,6700000,40000000,98,0,0,0,21660000,24590000,15870000,20910000,10220000,5050000,5380000,1,0,40-49,20706666.67,12060000,0.517666667,High,3,Low,Medium
CC102459,34,Female,Bachelor,Single,Salaried,11000000,46000000,55,1,2,2,24400000,24690000,19310000,3510000,7900000,4870000,2210000,4,1,30-39,22800000,5426666.667,0.495652174,Moderate,2,Moderate,Medium
CC102460,50,Male,Bachelor,Married,Salaried,15100000,70000000,124,2,0,0,31640000,27110000,26560000,2660000,7680000,5060000,5660000,1,1,50-59,28436666.67,5133333.333,0.406238095,Moderate,2,Low,High
CC102461,41,Male,Bachelor,Other,Self-employed,13200000,92000000,60,0,0,0,22720000,26300000,15640000,19240000,10550000,4550000,4520000,0,1,40-49,21553333.33,11446666.67,0.234275362,Low,1,No Late Payments,High
CC102462,26,Female,High School,Other,Self-employed,7100000,42000000,32,0,0,0,25960000,14390000,12110000,10200000,3140000,510000,2400000,1,0,21-29,17486666.67,4616666.667,0.416349206,Moderate,2,Low,Medium
CC102463,55,Female,Diploma,Married,Salaried,22700000,52000000,202,3,3,0,26710000,21010000,27570000,790000,610000,6140000,2910000,2,1,50-59,25096666.67,2513333.333,0.482628205,Moderate,2,Low,Medium
CC102464,55,Male,Diploma,Married,Government,9900000,56000000,205,0,0,0,48270000,43850000,46600000,1210000,14740000,17530000,5490000,0,0,50-59,46240000,11160000,0.825714286,Very High,4,No Late Payments,Medium
CC102465,38,Female,Bachelor,Married,Self-employed,12000000,59000000,55,0,2,0,0,1310000,8890000,0,710000,2240000,2550000,1,0,30-39,3400000,983333.3333,0.057627119,Low,1,Low,Medium
CC102466,45,Male,Bachelor,Married,Salaried,20400000,103000000,124,1,0,0,5620000,20190000,28490000,2240000,6230000,8630000,5430000,1,0,40-49,18100000,5700000,0.175728155,Low,1,Low,Very High
CC102467,37,Male,Diploma,Married,Other,5000000,28000000,141,0,0,0,10080000,6110000,14260000,5680000,6400000,5810000,460000,0,0,30-39,10150000,5963333.333,0.3625,Moderate,2,No Late Payments,Low
CC102468,39,Female,Bachelor,Married,Salaried,14200000,73000000,115,0,0,0,29890000,25990000,31560000,12210000,13390000,7110000,1950000,1,0,30-39,29146666.67,10903333.33,0.399269406,Moderate,2,Low,High
CC102469,57,Female,High School,Other,Salaried,9500000,46000000,175,0,0,0,7490000,7210000,18540000,1620000,3000000,7850000,2990000,1,0,50-59,11080000,4156666.667,0.240869565,Low,1,Low,Medium
CC102470,23,Male,Bachelor,Single,Salaried,8800000,41000000,10,0,0,1,9730000,15930000,9090000,2090000,15340000,3640000,3500000,2,1,21-29,11583333.33,7023333.333,0.282520325,Moderate,2,Low,Medium
CC102471,28,Male,Bachelor,Single,Government,15300000,86000000,82,0,0,0,27060000,19840000,13600000,12010000,8050000,13630000,3890000,1,0,21-29,20166666.67,11230000,0.234496124,Low,1,Low,High
CC102472,32,Female,High School,Single,Contract,5900000,26000000,117,0,0,0,15630000,18700000,20310000,9640000,7790000,19690000,510000,1,0,30-39,18213333.33,12373333.33,0.700512821,High,3,Low,Low
CC102473,33,Female,Diploma,Single,Salaried,6400000,40000000,68,0,1,2,34480000,22590000,22500000,8350000,5620000,760000,3750000,2,0,30-39,26523333.33,4910000,0.663083333,High,3,Low,Medium
CC102474,55,Female,Bachelor,Other,Salaried,18100000,86000000,240,0,0,0,46120000,44260000,46040000,19960000,13150000,24340000,6390000,0,0,50-59,45473333.33,19150000,0.52875969,High,3,No Late Payments,High
CC102475,51,Male,Bachelor,Married,Government,12000000,71000000,206,0,0,0,10710000,22560000,21480000,9430000,23330000,5880000,750000,0,0,50-59,18250000,12880000,0.257042254,Moderate,2,No Late Payments,High
CC102476,32,Male,Postgraduate,Single,Salaried,9100000,20000000,35,0,0,0,2750000,7220000,7480000,2210000,2320000,2380000,180000,0,0,30-39,5816666.667,2303333.333,0.290833333,Moderate,2,No Late Payments,Low
CC102477,43,Female,Bachelor,Married,Contract,11700000,49000000,88,0,0,0,22010000,23580000,17700000,12240000,5820000,7060000,1600000,0,0,40-49,21096666.67,8373333.333,0.430544218,Moderate,2,No Late Payments,Medium
CC102478,25,Male,Diploma,Single,Salaried,9100000,45000000,32,2,3,1,21350000,23650000,24290000,510000,830000,5920000,4120000,3,1,21-29,23096666.67,2420000,0.513259259,High,3,Moderate,Medium
CC102479,29,Female,Bachelor,Married,Government,13600000,69000000,62,1,3,0,40330000,33780000,24220000,12100000,5460000,2890000,3330000,2,1,21-29,32776666.67,6816666.667,0.475024155,Moderate,2,Low,High
CC102480,27,Female,Bachelor,Married,Salaried,11100000,54000000,50,0,0,0,18980000,18330000,26580000,18130000,1680000,9850000,860000,1,0,21-29,21296666.67,9886666.667,0.394382716,Moderate,2,Low,Medium
CC102481,29,Male,Diploma,Single,Self-employed,10100000,41000000,33,0,0,0,26590000,36900000,32910000,9570000,18990000,15060000,1660000,1,0,21-29,32133333.33,14540000,0.783739837,Very High,4,Low,Medium
CC102482,32,Male,Diploma,Single,Salaried,11900000,67000000,68,0,0,0,49870000,46270000,48610000,26450000,16570000,16330000,3210000,0,0,30-39,48250000,19783333.33,0.720149254,High,3,No Late Payments,High
CC102483,35,Male,Bachelor,Single,Salaried,9800000,45000000,97,0,0,0,24750000,35010000,32270000,4550000,13180000,5950000,2580000,1,0,30-39,30676666.67,7893333.333,0.681703704,High,3,Low,Medium
CC102484,26,Male,Bachelor,Single,Salaried,7100000,42000000,64,2,0,0,36180000,24670000,29620000,8060000,7810000,30350000,2400000,2,1,21-29,30156666.67,15406666.67,0.718015873,High,3,Low,Medium
CC102485,32,Female,Bachelor,Married,Contract,8500000,23000000,47,2,2,0,14260000,9860000,7680000,1690000,310000,5120000,1160000,2,1,30-39,10600000,2373333.333,0.460869565,Moderate,2,Low,Low
CC102486,40,Female,Diploma,Other,Salaried,11300000,40000000,66,0,0,0,11150000,7110000,5260000,6340000,6560000,4830000,1500000,0,0,40-49,7840000,5910000,0.196,Low,1,No Late Payments,Medium
CC102487,41,Male,High School,Married,Salaried,7100000,39000000,134,0,0,0,7680000,7220000,8580000,4420000,2670000,4650000,1280000,0,0,40-49,7826666.667,3913333.333,0.200683761,Low,1,No Late Payments,Low
CC102488,28,Female,Bachelor,Married,Salaried,16800000,69000000,69,0,0,2,38170000,49190000,42600000,10290000,9440000,4950000,5890000,1,0,21-29,43320000,8226666.667,0.627826087,High,3,Low,High
CC102489,29,Male,Postgraduate,Married,Self-employed,14800000,71000000,85,0,1,0,14140000,7720000,10560000,12160000,850000,1570000,7060000,2,0,21-29,10806666.67,4860000,0.152206573,Low,1,Low,High
CC102490,29,Male,Bachelor,Single,Government,13500000,68000000,58,0,0,0,35410000,32990000,39670000,12170000,14070000,14020000,2290000,0,0,21-29,36023333.33,13420000,0.529754902,High,3,No Late Payments,High
CC102491,60,Male,Diploma,Married,Salaried,14400000,35000000,181,0,0,0,21190000,21460000,24020000,7680000,10100000,8120000,670000,0,0,60+,22223333.33,8633333.333,0.634952381,High,3,No Late Payments,Low
CC102492,21,Male,High School,Single,Other,5000000,20000000,14,0,0,0,8210000,5590000,2780000,3120000,2590000,570000,740000,0,0,21-29,5526666.667,2093333.333,0.276333333,Moderate,2,No Late Payments,Low
CC102493,39,Male,Bachelor,Married,Salaried,12600000,81000000,78,2,0,1,44090000,48930000,55070000,3580000,49910000,5060000,4070000,2,0,30-39,49363333.33,19516666.67,0.609423868,High,3,Low,High
CC102494,26,Male,Bachelor,Single,Contract,8800000,32000000,57,0,0,2,14070000,11840000,14120000,4230000,11380000,760000,870000,2,0,21-29,13343333.33,5456666.667,0.416979167,Moderate,2,Low,Low
CC102495,42,Male,Bachelor,Married,Self-employed,15500000,75000000,110,0,0,0,12710000,21340000,11450000,5870000,8270000,4350000,2410000,0,0,40-49,15166666.67,6163333.333,0.202222222,Low,1,No Late Payments,High
CC102496,38,Male,High School,Married,Other,5000000,20000000,65,0,0,0,4550000,5020000,750000,1850000,4600000,460000,1410000,1,0,30-39,3440000,2303333.333,0.172,Low,1,Low,Low
CC102497,23,Female,Diploma,Single,Salaried,6900000,23000000,27,0,0,0,9850000,14820000,12060000,310000,2080000,4530000,840000,0,0,21-29,12243333.33,2306666.667,0.532318841,High,3,No Late Payments,Low
CC102498,37,Male,High School,Married,Government,7500000,49000000,97,3,3,0,24260000,18070000,27750000,660000,1090000,8900000,2510000,3,1,30-39,23360000,3550000,0.476734694,Moderate,2,Moderate,Medium
CC102499,27,Female,High School,Married,Self-employed,14000000,42000000,27,3,2,0,7240000,7250000,8040000,1530000,3030000,3890000,4460000,3,1,21-29,7510000,2816666.667,0.178809524,Low,1,Moderate,Medium
CC102500,31,Male,Bachelor,Married,Contract,7600000,27000000,40,2,0,0,16920000,15220000,14980000,2780000,2630000,8670000,1230000,1,0,30-39,15706666.67,4693333.333,0.581728395,High,3,Low,Low
CC102501,48,Male,Bachelor,Married,Salaried,22000000,164000000,212,0,0,0,0,26020000,44050000,0,6550000,10380000,8200000,1,0,40-49,23356666.67,5643333.333,0.142418699,Low,1,Low,Very High
CC102502,21,Female,High School,Single,Salaried,7400000,41000000,18,0,0,0,9640000,6390000,6280000,2680000,2530000,5330000,560000,1,0,21-29,7436666.667,3513333.333,0.181382114,Low,1,Low,Medium
CC102503,21,Male,Bachelor,Single,Self-employed,10100000,56000000,28,0,0,2,21470000,22390000,24890000,10480000,6530000,610000,380000,1,1,21-29,22916666.67,5873333.333,0.40922619,Moderate,2,Low,Medium
CC102504,39,Female,High School,Married,Contract,10300000,46000000,151,0,0,0,4640000,7790000,10980000,1370000,4180000,3820000,400000,0,0,30-39,7803333.333,3123333.333,0.169637681,Low,1,No Late Payments,Medium
CC102505,33,Male,Bachelor,Married,Self-employed,17100000,93000000,88,0,0,0,20360000,22740000,26240000,6800000,12390000,24630000,5120000,0,0,30-39,23113333.33,14606666.67,0.248530466,Low,1,No Late Payments,High
CC102506,21,Female,Bachelor,Single,Contract,5000000,20000000,17,2,0,0,16310000,14490000,13460000,5520000,7770000,3880000,1820000,2,1,21-29,14753333.33,5723333.333,0.737666667,High,3,Low,Low
CC102507,43,Female,Bachelor,Married,Salaried,12100000,53000000,142,0,0,0,19340000,30930000,29410000,4420000,6240000,14560000,1920000,2,0,40-49,26560000,8406666.667,0.501132075,High,3,Low,Medium
CC102508,28,Male,Diploma,Married,Government,8200000,44000000,22,0,0,0,20390000,19680000,12280000,5150000,6480000,11380000,1390000,0,0,21-29,17450000,7670000,0.396590909,Moderate,2,No Late Payments,Medium
CC102509,36,Male,High School,Single,Contract,8300000,42000000,84,3,2,1,14180000,22140000,25520000,640000,5070000,4420000,5560000,3,1,30-39,20613333.33,3376666.667,0.490793651,Moderate,2,Moderate,Medium
CC102510,29,Female,Bachelor,Married,Self-employed,7300000,41000000,70,0,0,0,28600000,27320000,32450000,13600000,10520000,12850000,4620000,0,0,21-29,29456666.67,12323333.33,0.718455285,High,3,No Late Payments,Medium
CC102511,54,Female,Bachelor,Married,Salaried,20300000,92000000,211,0,0,0,37250000,48940000,45130000,11880000,45130000,18480000,1080000,1,0,50-59,43773333.33,25163333.33,0.475797101,Moderate,2,Low,High
CC102512,35,Female,Bachelor,Other,Contract,9300000,63000000,129,3,3,2,50850000,51350000,43940000,720000,860000,1140000,4570000,3,1,30-39,48713333.33,906666.6667,0.773227513,Very High,4,Moderate,High
CC102513,35,Male,Bachelor,Single,Government,11000000,56000000,95,0,0,0,39400000,20250000,30360000,17980000,17690000,9110000,740000,0,0,30-39,30003333.33,14926666.67,0.53577381,High,3,No Late Payments,Medium
CC102514,49,Female,High School,Married,Salaried,10100000,52000000,136,0,0,1,36280000,35360000,36280000,16210000,7590000,8980000,4740000,3,0,40-49,35973333.33,10926666.67,0.691794872,High,3,Moderate,Medium
CC102515,44,Female,High School,Married,Self-employed,9700000,38000000,127,2,0,1,11060000,16940000,14620000,3130000,3200000,2540000,2350000,3,0,40-49,14206666.67,2956666.667,0.373859649,Moderate,2,Moderate,Low
CC102516,34,Male,Bachelor,Single,Salaried,11700000,52000000,116,3,2,3,24430000,33280000,27980000,4470000,2270000,1010000,2880000,4,1,30-39,28563333.33,2583333.333,0.549294872,High,3,Moderate,Medium
CC102517,39,Female,Bachelor,Married,Contract,10000000,31000000,102,1,0,0,15150000,11390000,11960000,2160000,2540000,3880000,1060000,2,0,30-39,12833333.33,2860000,0.413978495,Moderate,2,Low,Low
CC102518,39,Female,Bachelor,Married,Contract,23000000,74000000,80,3,3,3,45200000,60620000,59250000,1160000,1450000,1170000,8280000,3,1,30-39,55023333.33,1260000,0.743558559,High,3,Moderate,High
CC102519,50,Female,Bachelor,Married,Government,18700000,127000000,167,0,0,0,19290000,19620000,7930000,2490000,4850000,3090000,1660000,0,0,50-59,15613333.33,3476666.667,0.122939633,Low,1,No Late Payments,Very High
CC102520,48,Female,Diploma,Single,Salaried,8500000,51000000,208,0,2,2,27960000,38320000,30510000,3040000,4440000,4140000,7700000,3,1,40-49,32263333.33,3873333.333,0.632614379,High,3,Moderate,Medium
CC102521,33,Male,High School,Single,Self-employed,10800000,46000000,65,0,0,0,15490000,14830000,23590000,6140000,6360000,9670000,890000,0,0,30-39,17970000,7390000,0.390652174,Moderate,2,No Late Payments,Medium
CC102522,51,Female,Bachelor,Single,Salaried,18500000,139000000,123,0,0,0,35050000,39940000,18790000,17880000,18230000,8150000,5970000,0,0,50-59,31260000,14753333.33,0.224892086,Low,1,No Late Payments,Very High
CC102523,32,Male,Bachelor,Married,Salaried,8000000,20000000,68,0,0,0,600000,1560000,1940000,270000,520000,600000,880000,0,0,30-39,1366666.667,463333.3333,0.068333333,Low,1,No Late Payments,Low
CC102524,52,Female,High School,Single,Salaried,8800000,25000000,194,0,1,0,4760000,6610000,11400000,1790000,1010000,4950000,2600000,2,0,50-59,7590000,2583333.333,0.3036,Moderate,2,Low,Low
CC102525,47,Male,Diploma,Married,Salaried,12200000,51000000,67,0,0,0,29480000,21730000,25070000,8530000,4870000,12110000,5280000,0,0,40-49,25426666.67,8503333.333,0.498562092,Moderate,2,No Late Payments,Medium
CC102526,35,Male,Bachelor,Single,Salaried,9200000,69000000,68,0,0,0,51970000,46750000,41370000,50100000,23920000,11030000,900000,0,0,30-39,46696666.67,28350000,0.676763285,High,3,No Late Payments,High
CC102527,32,Female,Diploma,Single,Self-employed,8000000,37000000,42,0,0,0,12740000,15240000,13030000,2270000,6700000,2970000,1550000,0,0,30-39,13670000,3980000,0.369459459,Moderate,2,No Late Payments,Low
CC102528,36,Female,Bachelor,Married,Contract,8400000,26000000,73,3,3,3,21900000,29310000,28040000,560000,400000,500000,2980000,4,1,30-39,26416666.67,486666.6667,1.016025641,Over Limit,5,Moderate,Low
CC102529,40,Female,Bachelor,Married,Other,10600000,41000000,83,3,3,3,19120000,25390000,26850000,850000,570000,470000,8450000,3,1,40-49,23786666.67,630000,0.580162602,High,3,Moderate,Medium
CC102530,41,Female,Diploma,Single,Self-employed,13700000,63000000,63,2,0,0,37500000,43130000,37580000,710000,14290000,5650000,2660000,1,1,40-49,39403333.33,6883333.333,0.625449735,High,3,Low,High
CC102531,44,Female,Diploma,Married,Self-employed,9200000,36000000,96,0,0,0,11530000,12450000,5650000,3780000,3310000,1870000,1090000,0,0,40-49,9876666.667,2986666.667,0.274351852,Moderate,2,No Late Payments,Low
CC102532,26,Male,Bachelor,Single,Government,9800000,48000000,77,0,0,0,8320000,3920000,4000000,1390000,1140000,2160000,2220000,0,0,21-29,5413333.333,1563333.333,0.112777778,Low,1,No Late Payments,Medium
CC102533,43,Male,Bachelor,Other,Government,16700000,92000000,88,0,0,0,34580000,34710000,37350000,12910000,9580000,32970000,540000,0,0,40-49,35546666.67,18486666.67,0.386376812,Moderate,2,No Late Payments,High
CC102534,25,Male,Bachelor,Single,Salaried,6500000,30000000,42,0,0,0,11230000,18510000,15910000,3580000,3810000,6900000,1700000,0,0,21-29,15216666.67,4763333.333,0.507222222,High,3,No Late Payments,Low
CC102535,22,Female,Postgraduate,Single,Contract,9500000,60000000,30,0,0,0,10440000,24690000,31990000,3690000,12560000,32920000,4190000,0,0,21-29,22373333.33,16390000,0.372888889,Moderate,2,No Late Payments,High
CC102536,42,Male,Bachelor,Married,Self-employed,17900000,81000000,124,3,3,3,31830000,44040000,46300000,1350000,1460000,1270000,8690000,3,1,40-49,40723333.33,1360000,0.502757202,High,3,Moderate,High
CC102537,48,Female,Postgraduate,Married,Salaried,13100000,62000000,163,0,0,0,35780000,34340000,31630000,5110000,8150000,9620000,2560000,0,0,40-49,33916666.67,7626666.667,0.547043011,High,3,No Late Payments,High
CC102538,24,Female,Bachelor,Single,Salaried,8000000,25000000,38,3,0,0,18200000,10510000,13180000,290000,3310000,4420000,630000,1,0,21-29,13963333.33,2673333.333,0.558533333,High,3,Low,Low
CC102539,35,Male,Diploma,Married,Government,15600000,58000000,54,3,3,2,29720000,35210000,37970000,4190000,6700000,9110000,2850000,3,1,30-39,34300000,6666666.667,0.59137931,High,3,Moderate,Medium
CC102540,35,Male,High School,Married,Government,12100000,71000000,82,0,0,0,25490000,29870000,36860000,13160000,5260000,9810000,2330000,0,0,30-39,30740000,9410000,0.432957746,Moderate,2,No Late Payments,High
CC102541,37,Male,High School,Married,Contract,7900000,21000000,71,3,3,3,17740000,17040000,10570000,990000,500000,220000,1360000,4,1,30-39,15116666.67,570000,0.71984127,High,3,Moderate,Low
CC102542,25,Female,Bachelor,Married,Self-employed,10200000,21000000,3,2,0,0,9360000,15490000,10750000,280000,6550000,4660000,2360000,1,0,21-29,11866666.67,3830000,0.565079365,High,3,Low,Low
CC102543,30,Male,High School,Married,Contract,11000000,33000000,58,2,3,0,37840000,29220000,29280000,7150000,630000,7610000,4190000,2,0,30-39,32113333.33,5130000,0.973131313,Very High,4,Low,Low
CC102544,48,Male,High School,Married,Salaried,16600000,67000000,119,0,0,0,33360000,32400000,19400000,14880000,5900000,8890000,290000,0,0,40-49,28386666.67,9890000,0.423681592,Moderate,2,No Late Payments,High
CC102545,37,Female,Bachelor,Single,Salaried,9800000,43000000,65,0,0,0,15030000,12110000,6380000,5210000,3060000,2280000,1400000,0,0,30-39,11173333.33,3516666.667,0.259844961,Moderate,2,No Late Payments,Medium
CC102546,37,Female,Bachelor,Single,Government,17000000,96000000,101,0,0,0,23760000,31440000,38850000,8430000,13170000,6400000,5710000,0,0,30-39,31350000,9333333.333,0.3265625,Moderate,2,No Late Payments,High
CC102547,35,Male,Postgraduate,Married,Government,15200000,104000000,95,3,0,0,16210000,31240000,37070000,1730000,7930000,28300000,3340000,1,0,30-39,28173333.33,12653333.33,0.270897436,Moderate,2,Low,Very High
CC102548,43,Female,Postgraduate,Married,Salaried,14100000,45000000,71,1,0,0,11470000,12880000,13930000,1810000,11300000,8220000,3590000,2,0,40-49,12760000,7110000,0.283555556,Moderate,2,Low,Medium
CC102549,30,Male,Bachelor,Married,Self-employed,10400000,49000000,83,0,0,1,48120000,44720000,36160000,49270000,43600000,8350000,3460000,2,0,30-39,43000000,33740000,0.87755102,Very High,4,Low,Medium
CC102550,35,Male,Bachelor,Single,Self-employed,12200000,60000000,109,3,1,3,47280000,42970000,39530000,1330000,5050000,880000,3240000,4,1,30-39,43260000,2420000,0.721,High,3,Moderate,High
CC102551,36,Female,High School,Married,Salaried,9300000,36000000,139,0,0,2,11440000,14940000,19080000,2840000,5020000,770000,4530000,1,0,30-39,15153333.33,2876666.667,0.420925926,Moderate,2,Low,Low
CC102552,33,Female,High School,Single,Contract,5000000,20000000,12,1,0,2,8740000,6150000,7720000,4430000,2200000,1200000,520000,4,0,30-39,7536666.667,2610000,0.376833333,Moderate,2,Moderate,Low
CC102553,42,Male,Postgraduate,Married,Salaried,19000000,98000000,115,0,0,0,60760000,56520000,76110000,20280000,12460000,29780000,2120000,0,0,40-49,64463333.33,20840000,0.657789116,High,3,No Late Payments,High
CC102554,39,Female,Diploma,Other,Salaried,8900000,36000000,102,0,0,0,1930000,7480000,6840000,550000,3510000,3360000,330000,0,0,30-39,5416666.667,2473333.333,0.150462963,Low,1,No Late Payments,Low
CC102555,47,Female,Postgraduate,Married,Salaried,11100000,50000000,132,0,0,0,21470000,18510000,17530000,4720000,5930000,18060000,2130000,1,0,40-49,19170000,9570000,0.3834,Moderate,2,Low,Medium
CC102556,41,Female,Postgraduate,Married,Contract,15500000,52000000,122,1,0,0,15690000,13280000,13880000,2500000,4090000,5600000,1130000,1,0,40-49,14283333.33,4063333.333,0.274679487,Moderate,2,Low,Medium
CC102557,41,Male,High School,Married,Salaried,6800000,27000000,65,1,0,0,9520000,10260000,7110000,3790000,3400000,2410000,2810000,1,0,40-49,8963333.333,3200000,0.331975309,Moderate,2,Low,Low
CC102558,37,Male,High School,Single,Government,5400000,21000000,69,0,0,0,12810000,8610000,11950000,5710000,3780000,6060000,190000,0,0,30-39,11123333.33,5183333.333,0.52968254,High,3,No Late Payments,Low
CC102559,44,Male,High School,Married,Government,13800000,72000000,87,0,0,0,30190000,20590000,25530000,11190000,9450000,6590000,4170000,0,0,40-49,25436666.67,9076666.667,0.353287037,Moderate,2,No Late Payments,High
CC102560,26,Female,Bachelor,Single,Self-employed,11500000,37000000,68,0,0,0,13100000,14930000,11620000,10950000,4780000,3840000,1080000,0,0,21-29,13216666.67,6523333.333,0.357207207,Moderate,2,No Late Payments,Low
CC102561,46,Female,Diploma,Married,Self-employed,13700000,74000000,107,0,0,0,45600000,34140000,35860000,23590000,30490000,35390000,380000,0,0,40-49,38533333.33,29823333.33,0.520720721,High,3,No Late Payments,High
CC102562,21,Female,High School,Single,Other,5000000,27000000,17,3,3,2,28680000,23290000,27700000,340000,1420000,680000,2710000,4,1,21-29,26556666.67,813333.3333,0.983580247,Very High,4,Moderate,Low
CC102563,31,Female,Postgraduate,Married,Salaried,16100000,81000000,77,0,0,0,36870000,32110000,33640000,12120000,5210000,10800000,1880000,0,0,30-39,34206666.67,9376666.667,0.422304527,Moderate,2,No Late Payments,High
CC102564,43,Male,Diploma,Married,Other,7000000,32000000,133,0,0,3,11870000,9230000,8470000,2070000,470000,430000,2390000,1,0,40-49,9856666.667,990000,0.308020833,Moderate,2,Low,Low
CC102565,45,Female,Bachelor,Married,Contract,18800000,60000000,55,0,0,0,37730000,36160000,38510000,19060000,12820000,12670000,450000,0,0,40-49,37466666.67,14850000,0.624444444,High,3,No Late Payments,High
CC102566,46,Male,Bachelor,Married,Government,14900000,89000000,176,0,0,0,27300000,36020000,23880000,9200000,11960000,1320000,3980000,0,0,40-49,29066666.67,7493333.333,0.32659176,Moderate,2,No Late Payments,High
CC102567,32,Male,High School,Married,Self-employed,9200000,46000000,75,1,3,0,22070000,20590000,22670000,5560000,2220000,7630000,1400000,2,0,30-39,21776666.67,5136666.667,0.473405797,Moderate,2,Low,Medium
CC102568,22,Female,High School,Married,Government,7300000,34000000,39,0,0,0,1150000,1440000,3450000,380000,1240000,1070000,1590000,0,0,21-29,2013333.333,896666.6667,0.059215686,Low,1,No Late Payments,Low
CC102569,36,Male,Diploma,Married,Salaried,6200000,29000000,99,0,0,0,13500000,19500000,18210000,4500000,5650000,9200000,2020000,2,0,30-39,17070000,6450000,0.58862069,High,3,Low,Low
CC102570,34,Female,Bachelor,Married,Salaried,8300000,45000000,45,0,0,0,17500000,19930000,15370000,5460000,5240000,7840000,180000,0,0,30-39,17600000,6180000,0.391111111,Moderate,2,No Late Payments,Medium
CC102571,51,Female,Bachelor,Married,Contract,15400000,70000000,166,0,0,0,24760000,25700000,18170000,7350000,24130000,7680000,3030000,0,0,50-59,22876666.67,13053333.33,0.326809524,Moderate,2,No Late Payments,High
CC102572,47,Female,Bachelor,Other,Self-employed,22000000,140000000,130,0,0,0,38090000,16110000,8160000,33480000,16820000,4650000,9320000,0,0,40-49,20786666.67,18316666.67,0.14847619,Low,1,No Late Payments,Very High
CC102573,54,Male,Bachelor,Married,Self-employed,18600000,71000000,240,0,0,0,35850000,25030000,42150000,10160000,23500000,7150000,2070000,0,0,50-59,34343333.33,13603333.33,0.48370892,Moderate,2,No Late Payments,High
CC102574,47,Female,Bachelor,Married,Salaried,11300000,55000000,205,0,0,0,9280000,9450000,6520000,4870000,4390000,6360000,1190000,0,0,40-49,8416666.667,5206666.667,0.153030303,Low,1,No Late Payments,Medium
CC102575,54,Male,High School,Other,Salaried,7300000,36000000,83,3,3,3,20130000,28890000,25750000,500000,490000,930000,2060000,4,1,50-59,24923333.33,640000,0.692314815,High,3,Moderate,Low
CC102576,31,Male,Bachelor,Married,Salaried,11100000,43000000,84,0,0,0,10770000,11340000,14160000,9150000,6600000,6510000,810000,0,0,30-39,12090000,7420000,0.281162791,Moderate,2,No Late Payments,Medium
CC102577,51,Male,Postgraduate,Married,Government,19300000,126000000,177,0,0,2,38810000,77640000,61990000,16900000,28470000,14170000,910000,1,0,50-59,59480000,19846666.67,0.472063492,Moderate,2,Low,Very High
CC102578,32,Male,Diploma,Married,Self-employed,10300000,41000000,74,0,0,0,0,4790000,7530000,0,3920000,7280000,2050000,0,0,30-39,4106666.667,3733333.333,0.100162602,Low,1,No Late Payments,Medium
CC102579,39,Male,High School,Married,Self-employed,10800000,48000000,141,0,0,1,14570000,22090000,18650000,6410000,5760000,6170000,1930000,1,0,30-39,18436666.67,6113333.333,0.384097222,Moderate,2,Low,Medium
CC102580,34,Female,High School,Married,Salaried,9500000,54000000,118,3,3,3,25320000,22340000,20740000,1020000,1040000,1320000,3900000,5,1,30-39,22800000,1126666.667,0.422222222,Moderate,2,High,Medium
CC102581,40,Female,High School,Married,Self-employed,19800000,100000000,143,0,0,0,15780000,26070000,22750000,6080000,6320000,5650000,4670000,0,0,40-49,21533333.33,6016666.667,0.215333333,Low,1,No Late Payments,Very High
CC102582,31,Female,Bachelor,Married,Salaried,9500000,56000000,78,3,3,0,37010000,25730000,23390000,1200000,800000,9580000,4600000,4,1,30-39,28710000,3860000,0.512678571,High,3,Moderate,Medium
CC102583,28,Male,Postgraduate,Single,Government,13100000,65000000,44,0,0,0,35220000,37520000,38530000,5500000,8940000,7880000,1640000,0,0,21-29,37090000,7440000,0.570615385,High,3,No Late Payments,High
CC102584,27,Female,Postgraduate,Single,Self-employed,14500000,66000000,48,0,0,0,12140000,12300000,5630000,5520000,3660000,3670000,1120000,0,0,21-29,10023333.33,4283333.333,0.151868687,Low,1,No Late Payments,High
CC102585,47,Male,Diploma,Other,Self-employed,18300000,137000000,114,0,0,0,27660000,40200000,36220000,12050000,34240000,14310000,830000,0,0,40-49,34693333.33,20200000,0.25323601,Moderate,2,No Late Payments,Very High
CC102586,31,Male,High School,Other,Contract,5400000,29000000,92,3,3,0,19120000,17140000,18870000,1090000,2830000,5810000,2330000,2,1,30-39,18376666.67,3243333.333,0.633678161,High,3,Low,Low
CC102587,39,Male,Bachelor,Single,Government,13500000,54000000,86,0,0,0,14020000,10430000,4090000,6160000,5130000,1590000,2490000,0,0,30-39,9513333.333,4293333.333,0.17617284,Low,1,No Late Payments,Medium
CC102588,29,Female,Bachelor,Single,Contract,8500000,31000000,35,0,0,0,4700000,6320000,8990000,1870000,2170000,2970000,920000,0,0,21-29,6670000,2336666.667,0.21516129,Low,1,No Late Payments,Low
CC102589,33,Male,High School,Married,Self-employed,9200000,25000000,50,0,0,0,440000,1480000,1310000,440000,680000,720000,710000,0,0,30-39,1076666.667,613333.3333,0.043066667,Low,1,No Late Payments,Low
CC102590,22,Female,High School,Single,Salaried,5000000,20000000,50,0,0,0,7850000,8550000,9500000,1090000,4040000,3790000,180000,1,0,21-29,8633333.333,2973333.333,0.431666667,Moderate,2,Low,Low
CC102591,38,Male,Postgraduate,Single,Salaried,14300000,83000000,44,1,0,0,13240000,13580000,14620000,6820000,4340000,5740000,270000,1,0,30-39,13813333.33,5633333.333,0.166425703,Low,1,Low,High
CC102592,30,Female,Bachelor,Single,Salaried,13400000,54000000,47,0,0,1,31070000,30580000,13080000,7470000,11690000,1990000,2600000,1,0,30-39,24910000,7050000,0.461296296,Moderate,2,Low,Medium
CC102593,39,Male,Bachelor,Married,Salaried,11800000,58000000,126,2,0,0,26820000,24980000,25810000,8360000,22330000,4640000,3810000,1,0,30-39,25870000,11776666.67,0.446034483,Moderate,2,Low,Medium
CC102594,51,Male,Bachelor,Married,Salaried,19800000,73000000,146,0,0,1,17750000,35130000,26310000,7290000,17570000,12370000,10000,1,0,50-59,26396666.67,12410000,0.361598174,Moderate,2,Low,High
CC102595,54,Male,High School,Other,Salaried,11900000,72000000,140,0,0,1,14630000,25190000,23310000,3780000,23860000,7690000,810000,1,0,50-59,21043333.33,11776666.67,0.292268519,Moderate,2,Low,High
CC102596,52,Female,Bachelor,Married,Self-employed,21900000,87000000,201,0,0,0,16790000,22740000,29250000,16890000,11600000,17310000,850000,1,0,50-59,22926666.67,15266666.67,0.263524904,Moderate,2,Low,High
CC102597,46,Male,Bachelor,Married,Salaried,17800000,91000000,172,0,0,0,70480000,76190000,63370000,25280000,30280000,55600000,5500000,1,0,40-49,70013333.33,37053333.33,0.769377289,Very High,4,Low,High
CC102598,35,Male,Bachelor,Married,Salaried,10800000,56000000,89,0,0,0,11890000,17230000,20920000,11020000,2200000,7600000,1480000,0,0,30-39,16680000,6940000,0.297857143,Moderate,2,No Late Payments,Medium
CC102599,45,Female,Bachelor,Married,Salaried,16100000,44000000,120,0,0,0,35590000,36320000,39370000,9830000,7800000,12530000,1960000,1,1,40-49,37093333.33,10053333.33,0.843030303,Very High,4,Low,Medium
CC102600,63,Male,Diploma,Married,Salaried,10200000,54000000,171,0,0,0,20350000,13560000,9600000,10530000,5320000,3860000,450000,1,0,60+,14503333.33,6570000,0.268580247,Moderate,2,Low,Medium
CC102601,28,Male,Bachelor,Married,Self-employed,18000000,59000000,35,0,0,0,7680000,17840000,12490000,2500000,8100000,11340000,2820000,0,0,21-29,12670000,7313333.333,0.214745763,Low,1,No Late Payments,Medium
CC102602,30,Female,High School,Married,Contract,8500000,33000000,77,1,1,2,9130000,12320000,13890000,3520000,600000,3150000,840000,3,1,30-39,11780000,2423333.333,0.356969697,Moderate,2,Moderate,Low
CC102603,53,Male,Bachelor,Married,Government,24700000,159000000,182,0,0,2,79750000,110280000,100500000,31220000,32430000,26840000,5480000,2,0,50-59,96843333.33,30163333.33,0.609077568,High,3,Low,Very High
CC102604,21,Male,High School,Single,Government,5000000,20000000,3,3,3,3,22180000,20820000,19740000,320000,2560000,450000,4350000,3,1,21-29,20913333.33,1110000,1.045666667,Over Limit,5,Moderate,Low
CC102605,33,Female,High School,Married,Salaried,6800000,32000000,35,0,0,0,3690000,6660000,9850000,2110000,1380000,4200000,630000,0,0,30-39,6733333.333,2563333.333,0.210416667,Low,1,No Late Payments,Low
CC102606,44,Female,Diploma,Married,Salaried,10800000,38000000,143,0,0,0,26040000,25330000,32380000,13830000,9610000,12050000,1120000,0,0,40-49,27916666.67,11830000,0.734649123,High,3,No Late Payments,Low
CC102607,22,Female,Bachelor,Single,Self-employed,13500000,30000000,27,0,0,0,12230000,15870000,14730000,2850000,2540000,14610000,1790000,0,0,21-29,14276666.67,6666666.667,0.475888889,Moderate,2,No Late Payments,Low
CC102608,45,Female,Bachelor,Married,Salaried,10200000,44000000,84,0,0,0,10640000,15450000,15790000,5720000,9970000,7920000,1720000,0,0,40-49,13960000,7870000,0.317272727,Moderate,2,No Late Payments,Medium
CC102609,26,Female,Bachelor,Single,Self-employed,8300000,51000000,49,0,0,0,12620000,21980000,15130000,5980000,4050000,5450000,820000,0,0,21-29,16576666.67,5160000,0.32503268,Moderate,2,No Late Payments,Medium
CC102610,41,Male,Bachelor,Married,Government,12700000,55000000,92,3,2,1,30120000,31070000,32120000,3330000,7190000,6850000,4860000,3,1,40-49,31103333.33,5790000,0.565515152,High,3,Moderate,Medium
CC102611,56,Male,High School,Married,Contract,12800000,63000000,187,0,0,0,45380000,48420000,51200000,15010000,9970000,16360000,890000,0,0,50-59,48333333.33,13780000,0.767195767,Very High,4,No Late Payments,High
CC102612,41,Male,High School,Married,Salaried,7800000,27000000,57,0,0,0,6060000,2850000,7880000,5140000,2380000,2610000,380000,0,1,40-49,5596666.667,3376666.667,0.207283951,Low,1,No Late Payments,Low
CC102613,35,Male,Postgraduate,Married,Government,17200000,89000000,61,0,0,0,26980000,32340000,25850000,10800000,31260000,18550000,3350000,1,0,30-39,28390000,20203333.33,0.318988764,Moderate,2,Low,High
CC102614,43,Female,Bachelor,Married,Self-employed,15900000,101000000,122,0,0,0,66560000,67020000,75540000,36620000,21500000,20120000,7150000,1,0,40-49,69706666.67,26080000,0.690165017,High,3,Low,Very High
CC102615,37,Male,Postgraduate,Married,Contract,12800000,48000000,80,3,3,3,36330000,35530000,38720000,890000,840000,870000,4380000,4,1,30-39,36860000,866666.6667,0.767916667,Very High,4,Moderate,Medium
CC102616,25,Female,Bachelor,Single,Government,7600000,33000000,50,0,0,0,14760000,12770000,12870000,13190000,5870000,4240000,890000,0,0,21-29,13466666.67,7766666.667,0.408080808,Moderate,2,No Late Payments,Low
CC102617,38,Male,High School,Single,Salaried,8900000,40000000,76,0,0,0,23350000,23390000,22550000,9260000,6510000,9330000,1810000,0,0,30-39,23096666.67,8366666.667,0.577416667,High,3,No Late Payments,Medium
CC102618,25,Male,Bachelor,Single,Contract,21000000,103000000,30,0,0,0,24310000,27370000,18550000,1780000,12470000,6110000,2380000,0,0,21-29,23410000,6786666.667,0.227281553,Low,1,No Late Payments,Very High
CC102619,26,Male,Bachelor,Single,Salaried,10800000,30000000,35,0,1,0,9960000,10140000,12090000,6270000,1650000,5660000,300000,1,0,21-29,10730000,4526666.667,0.357666667,Moderate,2,Low,Low
CC102620,35,Female,Postgraduate,Other,Salaried,21300000,78000000,86,0,0,0,15680000,18540000,24640000,1460000,18100000,23930000,580000,0,0,30-39,19620000,14496666.67,0.251538462,Moderate,2,No Late Payments,High
CC102621,46,Female,Bachelor,Married,Self-employed,12300000,50000000,111,0,0,0,15330000,17130000,14660000,6500000,5090000,7200000,420000,0,0,40-49,15706666.67,6263333.333,0.314133333,Moderate,2,No Late Payments,Medium
CC102622,38,Male,Bachelor,Single,Salaried,15600000,82000000,155,0,0,0,42790000,23850000,29830000,17790000,12440000,14850000,2080000,1,0,30-39,32156666.67,15026666.67,0.392154472,Moderate,2,Low,High
CC102623,45,Male,Postgraduate,Married,Self-employed,26600000,128000000,157,0,1,0,57230000,71710000,54570000,23580000,10580000,9130000,5270000,1,0,40-49,61170000,14430000,0.477890625,Moderate,2,Low,Very High
CC102624,45,Male,Diploma,Other,Contract,8900000,31000000,150,0,1,0,12140000,15090000,14640000,6180000,7750000,2900000,2960000,2,0,40-49,13956666.67,5610000,0.450215054,Moderate,2,Low,Low
CC102625,44,Female,Postgraduate,Married,Self-employed,15300000,55000000,149,0,0,0,34780000,44370000,42680000,17400000,4770000,9560000,4220000,0,0,40-49,40610000,10576666.67,0.738363636,High,3,No Late Payments,Medium
CC102626,41,Male,Bachelor,Married,Other,5700000,29000000,114,3,3,3,23370000,25770000,26550000,610000,350000,460000,4790000,3,1,40-49,25230000,473333.3333,0.87,Very High,4,Moderate,Low
CC102627,29,Male,Postgraduate,Other,Salaried,16200000,59000000,58,1,0,0,22010000,23180000,27020000,3500000,23350000,7990000,2840000,2,0,21-29,24070000,11613333.33,0.407966102,Moderate,2,Low,Medium
CC102628,43,Male,Diploma,Married,Salaried,12000000,22000000,94,0,0,0,9070000,10470000,10210000,3360000,3250000,10630000,960000,1,0,40-49,9916666.667,5746666.667,0.450757576,Moderate,2,Low,Low
CC102629,44,Male,High School,Other,Salaried,8800000,48000000,162,2,3,3,26250000,24620000,26810000,1870000,820000,6820000,6410000,3,1,40-49,25893333.33,3170000,0.539444444,High,3,Moderate,Medium
CC102630,34,Male,Diploma,Single,Self-employed,11300000,35000000,56,0,0,0,12210000,12050000,7600000,4720000,3910000,2630000,1160000,0,0,30-39,10620000,3753333.333,0.303428571,Moderate,2,No Late Payments,Low
CC102631,21,Female,High School,Single,Contract,5000000,20000000,40,0,0,0,10820000,9530000,10470000,9210000,1880000,3670000,2830000,0,1,21-29,10273333.33,4920000,0.513666667,High,3,No Late Payments,Low
CC102632,29,Male,Bachelor,Married,Salaried,9800000,26000000,59,0,0,0,3160000,5650000,5110000,1490000,5470000,1490000,840000,0,0,21-29,4640000,2816666.667,0.178461538,Low,1,No Late Payments,Low
CC102633,29,Female,Bachelor,Single,Salaried,7300000,22000000,71,2,0,0,6130000,4980000,4080000,1850000,1200000,3560000,1250000,1,1,21-29,5063333.333,2203333.333,0.230151515,Low,1,Low,Low
CC102634,45,Female,Bachelor,Married,Self-employed,22800000,109000000,123,0,0,0,45810000,36260000,47330000,25370000,13990000,13750000,1820000,1,0,40-49,43133333.33,17703333.33,0.395718654,Moderate,2,Low,Very High
CC102635,33,Male,Bachelor,Married,Government,14000000,67000000,59,0,0,3,38200000,44350000,43550000,18870000,13200000,5710000,6320000,2,0,30-39,42033333.33,12593333.33,0.627363184,High,3,Low,High
CC102636,44,Female,Bachelor,Married,Salaried,11700000,54000000,77,2,0,3,22940000,30060000,29840000,4320000,13920000,5290000,5010000,2,1,40-49,27613333.33,7843333.333,0.511358025,High,3,Low,Medium
CC102637,28,Male,Diploma,Married,Contract,7200000,24000000,45,0,0,0,11430000,6860000,8910000,2760000,2640000,3960000,560000,0,0,21-29,9066666.667,3120000,0.377777778,Moderate,2,No Late Payments,Low
CC102638,45,Female,Postgraduate,Other,Salaried,10000000,47000000,90,0,0,0,9200000,9970000,9830000,9230000,4860000,4670000,1380000,0,0,40-49,9666666.667,6253333.333,0.205673759,Low,1,No Late Payments,Medium
CC102639,45,Male,Postgraduate,Single,Salaried,27600000,130000000,119,1,0,0,74050000,51020000,65380000,13600000,42030000,63320000,3160000,1,0,40-49,63483333.33,39650000,0.488333333,Moderate,2,Low,Very High
CC102640,49,Female,Bachelor,Other,Salaried,12500000,69000000,138,1,0,0,23230000,20970000,13060000,5080000,8400000,6750000,1500000,2,1,40-49,19086666.67,6743333.333,0.276618357,Moderate,2,Low,High
CC102641,58,Female,Diploma,Married,Government,12700000,50000000,240,0,0,0,29170000,35260000,33850000,11880000,12350000,11650000,2400000,0,0,50-59,32760000,11960000,0.6552,High,3,No Late Payments,Medium
CC102642,48,Male,Diploma,Married,Salaried,7800000,40000000,161,0,3,2,22710000,17920000,19170000,11240000,2180000,1370000,2410000,3,1,40-49,19933333.33,4930000,0.498333333,Moderate,2,Moderate,Medium
CC102643,25,Female,Diploma,Married,Salaried,5100000,20000000,35,1,0,0,7980000,8300000,10670000,1630000,3570000,3850000,1620000,1,0,21-29,8983333.333,3016666.667,0.449166667,Moderate,2,Low,Low
CC102644,43,Male,Bachelor,Married,Salaried,16200000,45000000,78,0,0,0,13540000,17120000,15410000,910000,11780000,6140000,1210000,0,0,40-49,15356666.67,6276666.667,0.341259259,Moderate,2,No Late Payments,Medium
CC102645,21,Male,High School,Married,Government,5000000,23000000,38,0,0,0,6250000,4340000,3600000,2000000,3810000,1220000,30000,0,0,21-29,4730000,2343333.333,0.205652174,Low,1,No Late Payments,Low
CC102646,46,Male,Bachelor,Married,Other,12800000,64000000,78,0,0,0,26460000,18240000,15310000,2170000,5200000,1950000,2540000,0,0,40-49,20003333.33,3106666.667,0.312552083,Moderate,2,No Late Payments,High
CC102647,21,Male,Diploma,Single,Salaried,6200000,20000000,29,0,0,0,7000000,6800000,5650000,2370000,1980000,1840000,80000,0,0,21-29,6483333.333,2063333.333,0.324166667,Moderate,2,No Late Payments,Low
CC102648,34,Male,High School,Single,Self-employed,12600000,52000000,84,0,0,0,24880000,31660000,21970000,6600000,5710000,8530000,1050000,0,0,30-39,26170000,6946666.667,0.503269231,High,3,No Late Payments,Medium
CC102649,27,Male,High School,Single,Salaried,8300000,20000000,45,1,0,1,3930000,4900000,8460000,1000000,1660000,650000,690000,3,0,21-29,5763333.333,1103333.333,0.288166667,Moderate,2,Moderate,Low
CC102650,41,Female,Postgraduate,Single,Self-employed,17200000,41000000,98,1,0,0,9240000,7480000,17660000,4980000,1210000,7120000,4070000,1,0,40-49,11460000,4436666.667,0.279512195,Moderate,2,Low,Medium
CC102651,37,Male,High School,Single,Salaried,8500000,40000000,71,0,0,0,4830000,6850000,7800000,1230000,5730000,2470000,3850000,1,0,30-39,6493333.333,3143333.333,0.162333333,Low,1,Low,Medium
CC102652,38,Female,Bachelor,Other,Salaried,14100000,68000000,96,0,0,0,5480000,12070000,22280000,2570000,11560000,6140000,5730000,0,0,30-39,13276666.67,6756666.667,0.195245098,Low,1,No Late Payments,High
CC102653,33,Female,Diploma,Married,Government,8100000,41000000,93,0,0,0,22110000,29240000,28720000,6860000,10760000,27540000,1750000,1,0,30-39,26690000,15053333.33,0.65097561,High,3,Low,Medium
CC102654,37,Female,High School,Married,Salaried,6000000,33000000,58,0,0,0,20330000,20100000,22290000,11170000,6110000,5160000,1740000,3,0,30-39,20906666.67,7480000,0.633535354,High,3,Moderate,Low
CC102655,32,Female,Bachelor,Married,Salaried,11100000,43000000,58,0,0,0,26740000,20380000,24530000,11160000,2680000,7390000,2240000,0,0,30-39,23883333.33,7076666.667,0.555426357,High,3,No Late Payments,Medium
CC102656,31,Female,Diploma,Married,Contract,8100000,37000000,113,1,1,0,9640000,8620000,9850000,2490000,2190000,2650000,1790000,4,1,30-39,9370000,2443333.333,0.253243243,Moderate,2,Moderate,Low
CC102657,44,Female,Bachelor,Married,Salaried,10500000,77000000,170,1,0,0,56070000,41300000,45110000,16160000,8250000,10670000,4630000,1,0,40-49,47493333.33,11693333.33,0.616796537,High,3,Low,High
CC102658,51,Female,Bachelor,Married,Contract,9300000,34000000,120,2,3,0,20910000,20150000,16010000,1700000,390000,3110000,1180000,2,1,50-59,19023333.33,1733333.333,0.559509804,High,3,Low,Low
CC102659,31,Female,Bachelor,Married,Salaried,14400000,37000000,36,0,0,0,13540000,6870000,6250000,1980000,1230000,1110000,510000,0,0,30-39,8886666.667,1440000,0.24018018,Low,1,No Late Payments,Low
CC102660,34,Male,Bachelor,Single,Government,15100000,51000000,54,0,1,0,21440000,24480000,19970000,6010000,5220000,7730000,5090000,1,0,30-39,21963333.33,6320000,0.430653595,Moderate,2,Low,Medium
CC102661,44,Female,High School,Single,Self-employed,14000000,45000000,110,0,0,0,29130000,32160000,32130000,11030000,32400000,27410000,310000,1,0,40-49,31140000,23613333.33,0.692,High,3,Low,Medium
CC102662,52,Female,Diploma,Single,Salaried,13900000,81000000,190,0,0,0,43690000,52080000,45910000,6960000,17460000,13130000,130000,0,0,50-59,47226666.67,12516666.67,0.583045267,High,3,No Late Payments,High
CC102663,44,Male,Postgraduate,Married,Salaried,17200000,90000000,182,0,0,0,12850000,12950000,20410000,10630000,10490000,3890000,3920000,0,0,40-49,15403333.33,8336666.667,0.171148148,Low,1,No Late Payments,High
CC102664,38,Male,Diploma,Married,Salaried,9500000,48000000,136,0,0,0,21010000,23970000,20860000,19840000,20770000,6650000,1430000,2,0,30-39,21946666.67,15753333.33,0.457222222,Moderate,2,Low,Medium
CC102665,21,Female,High School,Single,Salaried,6700000,38000000,61,3,2,0,34690000,35450000,28480000,460000,2940000,2290000,3210000,2,1,21-29,32873333.33,1896666.667,0.865087719,Very High,4,Low,Low
CC102666,36,Male,Postgraduate,Married,Self-employed,13500000,60000000,131,0,0,0,19170000,14110000,27930000,4930000,4270000,10400000,1550000,0,0,30-39,20403333.33,6533333.333,0.340055556,Moderate,2,No Late Payments,High
CC102667,53,Female,Diploma,Married,Salaried,12100000,80000000,101,0,0,0,36400000,36780000,24680000,33530000,14940000,6650000,2340000,0,0,50-59,32620000,18373333.33,0.40775,Moderate,2,No Late Payments,High
CC102668,49,Female,High School,Married,Salaried,13400000,53000000,103,0,0,0,29650000,23630000,27850000,13600000,4970000,11750000,2100000,0,1,40-49,27043333.33,10106666.67,0.510251572,High,3,No Late Payments,Medium
CC102669,54,Male,High School,Single,Salaried,6900000,30000000,229,0,0,1,16510000,21160000,14000000,3560000,6330000,4760000,340000,1,0,50-59,17223333.33,4883333.333,0.574111111,High,3,Low,Low
CC102670,33,Female,Diploma,Married,Other,9100000,57000000,73,3,2,0,30990000,33950000,39860000,1320000,2930000,13170000,5740000,2,0,30-39,34933333.33,5806666.667,0.612865497,High,3,Low,Medium
CC102671,59,Female,Diploma,Married,Salaried,16200000,76000000,206,0,0,0,48860000,53970000,42230000,22590000,15270000,9260000,740000,0,0,50-59,48353333.33,15706666.67,0.63622807,High,3,No Late Payments,High
CC102672,38,Male,Diploma,Married,Government,13100000,58000000,74,0,0,0,32960000,20630000,17280000,26890000,13000000,7440000,930000,0,0,30-39,23623333.33,15776666.67,0.407298851,Moderate,2,No Late Payments,Medium
CC102673,36,Male,High School,Single,Government,10300000,50000000,95,0,0,0,14120000,15550000,9500000,2990000,5910000,2930000,1590000,0,0,30-39,13056666.67,3943333.333,0.261133333,Moderate,2,No Late Payments,Medium
CC102674,47,Female,Bachelor,Married,Contract,8200000,34000000,157,0,0,0,9210000,6180000,9020000,710000,430000,2430000,1480000,0,0,40-49,8136666.667,1190000,0.239313725,Low,1,No Late Payments,Low
CC102675,50,Male,Bachelor,Married,Salaried,18700000,94000000,90,0,0,0,33650000,22590000,25090000,12640000,9900000,7270000,1010000,0,0,50-59,27110000,9936666.667,0.288404255,Moderate,2,No Late Payments,High
CC102676,25,Female,Bachelor,Single,Contract,8200000,23000000,22,0,2,0,10520000,9750000,8400000,2140000,310000,1840000,1220000,1,1,21-29,9556666.667,1430000,0.415507246,Moderate,2,Low,Low
CC102677,26,Male,Bachelor,Single,Government,6200000,22000000,27,3,2,0,19630000,19940000,18460000,330000,2780000,5980000,710000,2,1,21-29,19343333.33,3030000,0.879242424,Very High,4,Low,Low
CC102678,25,Male,Bachelor,Single,Self-employed,17800000,104000000,61,0,0,0,28320000,28510000,12890000,29550000,15250000,12880000,460000,0,0,21-29,23240000,19226666.67,0.223461538,Low,1,No Late Payments,Very High
CC102679,42,Female,Diploma,Married,Salaried,10100000,43000000,101,0,2,1,19680000,20210000,20670000,9620000,2430000,3860000,2700000,2,0,40-49,20186666.67,5303333.333,0.469457364,Moderate,2,Low,Medium
CC102680,48,Male,Postgraduate,Married,Self-employed,23100000,103000000,176,3,3,0,46280000,50970000,47240000,2130000,1380000,4430000,4500000,3,1,40-49,48163333.33,2646666.667,0.467605178,Moderate,2,Moderate,Very High
CC102681,37,Female,High School,Married,Self-employed,10600000,50000000,87,0,0,0,0,0,1600000,0,0,830000,1960000,1,0,30-39,533333.3333,276666.6667,0.010666667,Low,1,Low,Medium
CC102682,36,Female,Postgraduate,Married,Salaried,13100000,67000000,41,0,0,2,51700000,52050000,43840000,24340000,21620000,9570000,7910000,1,0,30-39,49196666.67,18510000,0.734278607,High,3,Low,High
CC102683,24,Male,High School,Single,Other,5000000,20000000,23,0,0,0,5330000,8370000,6070000,870000,2440000,2590000,610000,1,0,21-29,6590000,1966666.667,0.3295,Moderate,2,Low,Low
CC102684,32,Female,High School,Married,Self-employed,6600000,44000000,78,0,0,0,25450000,30590000,29480000,8210000,9180000,9600000,900000,0,0,30-39,28506666.67,8996666.667,0.647878788,High,3,No Late Payments,Medium
CC102685,52,Female,Bachelor,Married,Salaried,12300000,77000000,112,0,0,0,35680000,30200000,26660000,7920000,14830000,25830000,7170000,0,0,50-59,30846666.67,16193333.33,0.400606061,Moderate,2,No Late Payments,High
CC102686,24,Male,Diploma,Single,Salaried,6400000,38000000,37,0,0,0,0,8790000,12150000,0,3860000,2170000,550000,1,0,21-29,6980000,2010000,0.183684211,Low,1,Low,Low
CC102687,59,Female,Diploma,Other,Contract,11800000,70000000,177,3,3,3,20670000,6670000,0,970000,790000,0,7160000,4,1,50-59,9113333.333,586666.6667,0.130190476,Low,1,Moderate,High
CC102688,48,Female,Bachelor,Other,Other,10500000,57000000,112,0,0,0,30630000,33240000,38300000,28440000,34770000,13600000,4370000,0,0,40-49,34056666.67,25603333.33,0.59748538,High,3,No Late Payments,Medium
CC102689,52,Male,High School,Married,Government,15200000,81000000,189,0,0,0,24550000,23660000,36430000,25280000,12530000,9450000,4320000,0,0,50-59,28213333.33,15753333.33,0.348312757,Moderate,2,No Late Payments,High
CC102690,41,Female,Diploma,Married,Salaried,13600000,42000000,111,0,0,0,7940000,13120000,9710000,1880000,11690000,2390000,200000,0,0,40-49,10256666.67,5320000,0.244206349,Low,1,No Late Payments,Medium
CC102691,26,Male,High School,Married,Self-employed,8700000,46000000,56,2,0,0,8070000,2900000,9030000,540000,1600000,3690000,1870000,1,0,21-29,6666666.667,1943333.333,0.144927536,Low,1,Low,Medium
CC102692,22,Female,Postgraduate,Single,Salaried,12300000,49000000,47,0,0,0,19630000,21750000,22490000,10520000,21480000,9330000,1390000,0,0,21-29,21290000,13776666.67,0.434489796,Moderate,2,No Late Payments,Medium
CC102693,21,Female,Bachelor,Single,Salaried,6100000,20000000,24,0,0,0,3120000,4880000,6290000,1390000,1400000,1680000,90000,0,0,21-29,4763333.333,1490000,0.238166667,Low,1,No Late Payments,Low
CC102694,24,Male,High School,Single,Salaried,6400000,25000000,26,0,0,0,0,1870000,4480000,0,410000,1610000,1250000,0,0,21-29,2116666.667,673333.3333,0.084666667,Low,1,No Late Payments,Low
CC102695,48,Male,Bachelor,Married,Government,15000000,69000000,79,0,0,0,16450000,12230000,16270000,7090000,11570000,5710000,2920000,0,0,40-49,14983333.33,8123333.333,0.217149758,Low,1,No Late Payments,High
CC102696,31,Male,Bachelor,Married,Salaried,6500000,26000000,48,2,3,0,17300000,12190000,12670000,410000,2490000,11390000,1370000,2,1,30-39,14053333.33,4763333.333,0.540512821,High,3,Low,Low
CC102697,39,Female,Diploma,Married,Salaried,10000000,41000000,128,3,3,0,23830000,17080000,20160000,910000,890000,4110000,2660000,2,1,30-39,20356666.67,1970000,0.496504065,Moderate,2,Low,Medium
CC102698,32,Male,Diploma,Married,Other,8700000,63000000,83,0,0,3,31810000,34280000,40550000,11680000,14230000,1240000,3180000,1,0,30-39,35546666.67,9050000,0.564232804,High,3,Low,High
CC102699,45,Female,Diploma,Married,Government,10600000,52000000,111,0,0,0,30720000,29590000,28260000,9780000,13560000,9350000,2290000,0,0,40-49,29523333.33,10896666.67,0.56775641,High,3,No Late Payments,Medium
CC102700,37,Female,Bachelor,Married,Self-employed,18900000,84000000,111,0,0,0,23830000,29350000,30580000,5000000,7260000,14280000,5370000,0,0,30-39,27920000,8846666.667,0.332380952,Moderate,2,No Late Payments,High
CC102701,31,Male,Bachelor,Married,Salaried,11400000,61000000,80,0,0,0,28400000,22640000,10990000,13380000,12530000,3450000,1330000,0,1,30-39,20676666.67,9786666.667,0.338961749,Moderate,2,No Late Payments,High
CC102702,21,Male,Bachelor,Single,Other,8500000,37000000,28,0,0,0,25850000,19270000,21430000,11750000,6230000,5410000,550000,0,0,21-29,22183333.33,7796666.667,0.59954955,High,3,No Late Payments,Low
CC102703,39,Female,Bachelor,Married,Contract,12400000,49000000,139,0,0,0,17010000,13180000,10780000,7820000,11890000,6010000,1450000,0,0,30-39,13656666.67,8573333.333,0.278707483,Moderate,2,No Late Payments,Medium
CC102704,51,Female,Bachelor,Single,Self-employed,19100000,76000000,184,0,0,0,22000000,18600000,29270000,3990000,8410000,10480000,2270000,0,0,50-59,23290000,7626666.667,0.306447368,Moderate,2,No Late Payments,High
CC102705,35,Female,High School,Married,Salaried,6000000,29000000,68,0,0,0,9060000,6380000,8650000,7690000,2220000,3020000,1850000,2,0,30-39,8030000,4310000,0.276896552,Moderate,2,Low,Low
CC102706,32,Female,Diploma,Married,Self-employed,10100000,32000000,38,0,0,0,23190000,20730000,23670000,4470000,8600000,4790000,640000,0,0,30-39,22530000,5953333.333,0.7040625,High,3,No Late Payments,Low
CC102707,53,Female,High School,Single,Salaried,9000000,41000000,104,0,0,0,12350000,15790000,9980000,12430000,5600000,1540000,1410000,1,0,50-59,12706666.67,6523333.333,0.309918699,Moderate,2,Low,Medium
CC102708,34,Female,Bachelor,Married,Salaried,17800000,95000000,71,3,2,0,64940000,69440000,68990000,1730000,1780000,24890000,6270000,2,1,30-39,67790000,9466666.667,0.713578947,High,3,Low,High
CC102709,45,Female,Bachelor,Married,Salaried,7200000,30000000,116,0,0,0,3870000,940000,1670000,3260000,770000,770000,840000,0,0,40-49,2160000,1600000,0.072,Low,1,No Late Payments,Low
CC102710,38,Male,High School,Other,Self-employed,13300000,61000000,139,2,3,3,29700000,30430000,24180000,9140000,1920000,850000,4250000,3,1,30-39,28103333.33,3970000,0.460710383,Moderate,2,Moderate,High
CC102711,49,Male,Diploma,Married,Self-employed,15800000,69000000,176,0,0,0,17640000,19410000,22430000,18240000,7210000,19110000,2090000,0,0,40-49,19826666.67,14853333.33,0.287342995,Moderate,2,No Late Payments,High
CC102712,43,Female,Bachelor,Single,Government,16900000,75000000,83,0,0,0,25810000,22000000,28850000,8790000,9410000,13620000,1580000,0,0,40-49,25553333.33,10606666.67,0.340711111,Moderate,2,No Late Payments,High
CC102713,45,Female,High School,Married,Government,10400000,28000000,81,0,0,0,6990000,5930000,13860000,4610000,2830000,2700000,1340000,0,0,40-49,8926666.667,3380000,0.318809524,Moderate,2,No Late Payments,Low
CC102714,43,Female,Bachelor,Married,Salaried,13100000,59000000,156,0,0,0,30640000,12080000,16520000,6910000,4440000,3970000,2730000,1,0,40-49,19746666.67,5106666.667,0.334689266,Moderate,2,Low,Medium
CC102715,56,Female,Bachelor,Married,Contract,8200000,26000000,136,0,0,0,6160000,7090000,11150000,3470000,3770000,3100000,290000,0,0,50-59,8133333.333,3446666.667,0.312820513,Moderate,2,No Late Payments,Low
CC102716,38,Male,Postgraduate,Married,Government,15500000,89000000,70,3,3,3,63980000,76240000,77320000,1530000,990000,1490000,12670000,3,1,30-39,72513333.33,1336666.667,0.814756554,Very High,4,Moderate,High
CC102717,35,Male,Diploma,Married,Salaried,11100000,31000000,117,0,0,0,7670000,7340000,3400000,2380000,3630000,930000,3550000,0,0,30-39,6136666.667,2313333.333,0.197956989,Low,1,No Late Payments,Low
CC102718,24,Male,Bachelor,Single,Contract,7400000,25000000,13,0,2,0,17420000,20490000,19700000,4860000,3760000,5070000,1110000,2,0,21-29,19203333.33,4563333.333,0.768133333,Very High,4,Low,Low
CC102719,28,Male,Diploma,Married,Salaried,8200000,44000000,80,0,2,3,27770000,33610000,33720000,13320000,10530000,5300000,3790000,3,1,21-29,31700000,9716666.667,0.720454545,High,3,Moderate,Medium
CC102720,54,Male,Bachelor,Single,Self-employed,11100000,71000000,240,0,0,0,20600000,37250000,33770000,4140000,11350000,11010000,670000,0,0,50-59,30540000,8833333.333,0.430140845,Moderate,2,No Late Payments,High
CC102721,41,Female,High School,Single,Salaried,8900000,47000000,144,1,0,0,24150000,16230000,26750000,3570000,1210000,6860000,1800000,2,0,40-49,22376666.67,3880000,0.476099291,Moderate,2,Low,Medium
CC102722,24,Female,Bachelor,Single,Salaried,7800000,21000000,8,0,0,0,5810000,9080000,8220000,4810000,2830000,2260000,340000,0,0,21-29,7703333.333,3300000,0.366825397,Moderate,2,No Late Payments,Low
CC102723,41,Female,High School,Married,Salaried,14900000,87000000,123,0,0,0,7820000,11390000,14400000,6500000,4870000,2010000,1770000,0,0,40-49,11203333.33,4460000,0.128773946,Low,1,No Late Payments,High
CC102724,44,Female,Postgraduate,Single,Salaried,18900000,76000000,111,0,0,0,50530000,51380000,44400000,15170000,17320000,14160000,2600000,2,0,40-49,48770000,15550000,0.641710526,High,3,Low,High
CC102725,27,Female,Postgraduate,Married,Self-employed,17900000,67000000,21,0,0,0,34610000,29680000,26660000,18720000,12360000,13400000,430000,0,0,21-29,30316666.67,14826666.67,0.452487562,Moderate,2,No Late Payments,High
CC102726,37,Male,Bachelor,Married,Other,8100000,49000000,110,3,0,0,35390000,35320000,26710000,1030000,10710000,4760000,1880000,1,1,30-39,32473333.33,5500000,0.662721088,High,3,Low,Medium
CC102727,36,Male,Bachelor,Married,Government,12700000,78000000,74,2,3,0,41590000,44350000,50710000,1720000,1530000,18640000,4120000,2,0,30-39,45550000,7296666.667,0.583974359,High,3,Low,High
CC102728,61,Female,Bachelor,Other,Salaried,15000000,90000000,240,0,0,0,52190000,49110000,24210000,16460000,10820000,22600000,2460000,0,0,60+,41836666.67,16626666.67,0.464851852,Moderate,2,No Late Payments,High
CC102729,40,Male,Postgraduate,Married,Salaried,15300000,87000000,124,0,0,0,12760000,21790000,38000000,13240000,8640000,17170000,7670000,1,0,40-49,24183333.33,13016666.67,0.277969349,Moderate,2,Low,High
CC102730,43,Female,High School,Single,Government,5500000,30000000,90,3,3,0,29820000,23700000,21280000,440000,670000,1570000,4350000,3,1,40-49,24933333.33,893333.3333,0.831111111,Very High,4,Moderate,Low
CC102731,45,Female,Bachelor,Married,Other,8900000,28000000,63,0,0,0,11180000,11720000,10170000,4170000,2410000,2800000,790000,0,0,40-49,11023333.33,3126666.667,0.393690476,Moderate,2,No Late Payments,Low
CC102732,49,Female,Diploma,Single,Salaried,11300000,62000000,164,0,0,0,18250000,26110000,18530000,3010000,8760000,8370000,700000,0,0,40-49,20963333.33,6713333.333,0.33811828,Moderate,2,No Late Payments,High
CC102733,47,Female,Diploma,Married,Self-employed,11400000,57000000,174,0,2,0,23670000,23580000,24150000,5990000,5190000,10630000,3240000,1,0,40-49,23800000,7270000,0.41754386,Moderate,2,Low,Medium
CC102734,27,Male,Bachelor,Married,Contract,6400000,31000000,40,0,0,0,12010000,10710000,10950000,4760000,4950000,5140000,260000,0,0,21-29,11223333.33,4950000,0.362043011,Moderate,2,No Late Payments,Low
CC102735,55,Male,High School,Married,Other,8800000,47000000,157,1,2,0,13910000,9850000,10240000,3610000,820000,1820000,2920000,2,0,50-59,11333333.33,2083333.333,0.241134752,Low,1,Low,Medium
CC102736,30,Female,Bachelor,Married,Self-employed,13000000,48000000,68,0,0,0,20540000,21310000,19220000,10060000,2930000,17030000,1270000,0,0,30-39,20356666.67,10006666.67,0.424097222,Moderate,2,No Late Payments,Medium
CC102737,31,Female,Diploma,Married,Contract,5200000,20000000,35,3,3,3,6950000,8670000,6760000,1160000,530000,420000,1220000,3,1,30-39,7460000,703333.3333,0.373,Moderate,2,Moderate,Low
CC102738,34,Female,Bachelor,Married,Government,10100000,46000000,61,3,3,2,24300000,15190000,14450000,670000,820000,1860000,1770000,3,1,30-39,17980000,1116666.667,0.390869565,Moderate,2,Moderate,Medium
CC102739,28,Female,Bachelor,Married,Government,6800000,34000000,41,0,0,0,17700000,12680000,15630000,7810000,3940000,13150000,2200000,0,0,21-29,15336666.67,8300000,0.451078431,Moderate,2,No Late Payments,Low
CC102740,21,Female,Diploma,Single,Contract,6200000,20000000,3,1,0,0,3220000,1970000,2610000,760000,640000,630000,1830000,1,1,21-29,2600000,676666.6667,0.13,Low,1,Low,Low
CC102741,21,Male,Bachelor,Married,Salaried,8700000,59000000,24,3,3,0,16080000,16180000,16990000,1220000,2070000,2120000,4020000,4,1,21-29,16416666.67,1803333.333,0.278248588,Moderate,2,Moderate,Medium
CC102742,40,Male,Diploma,Married,Salaried,9600000,27000000,22,0,0,0,3690000,8640000,6850000,1170000,4120000,1180000,1450000,2,0,40-49,6393333.333,2156666.667,0.236790123,Low,1,Low,Low
CC102743,41,Female,Bachelor,Married,Salaried,18500000,71000000,94,0,0,0,0,13990000,19630000,0,5140000,2830000,3550000,0,0,40-49,11206666.67,2656666.667,0.157840376,Low,1,No Late Payments,High
CC102744,37,Male,Bachelor,Married,Contract,6400000,27000000,55,0,3,0,20260000,17370000,17460000,3250000,1000000,6120000,2180000,1,1,30-39,18363333.33,3456666.667,0.680123457,High,3,Low,Low
CC102745,38,Female,Bachelor,Married,Salaried,10100000,45000000,147,0,1,0,29470000,25380000,24130000,12190000,5430000,7990000,3350000,1,0,30-39,26326666.67,8536666.667,0.585037037,High,3,Low,Medium
CC102746,50,Female,High School,Married,Salaried,7700000,34000000,181,0,0,0,19560000,16230000,19170000,4480000,17000000,5580000,1820000,1,0,50-59,18320000,9020000,0.538823529,High,3,Low,Low
CC102747,52,Female,High School,Married,Self-employed,8900000,48000000,151,0,0,0,37380000,40110000,41850000,12960000,15020000,20440000,2950000,0,0,50-59,39780000,16140000,0.82875,Very High,4,No Late Payments,Medium
CC102748,45,Male,High School,Married,Salaried,10900000,40000000,118,0,0,0,11570000,12630000,18050000,10060000,3700000,3040000,4360000,0,0,40-49,14083333.33,5600000,0.352083333,Moderate,2,No Late Payments,Medium
CC102749,40,Female,High School,Married,Contract,6300000,29000000,174,0,0,1,11380000,15720000,16510000,4340000,5650000,2630000,2430000,2,0,40-49,14536666.67,4206666.667,0.501264368,High,3,Low,Low
CC102750,26,Female,High School,Married,Salaried,5000000,28000000,3,0,0,0,16800000,17370000,16860000,4980000,3210000,4110000,2470000,0,0,21-29,17010000,4100000,0.6075,High,3,No Late Payments,Low
CC102751,41,Male,Postgraduate,Single,Self-employed,15500000,53000000,116,2,0,0,14920000,16770000,21440000,1090000,5630000,21820000,3110000,1,1,40-49,17710000,9513333.333,0.334150943,Moderate,2,Low,Medium
CC102752,34,Female,High School,Married,Self-employed,17000000,92000000,149,0,0,0,19320000,15150000,23020000,6500000,3040000,10630000,3570000,0,0,30-39,19163333.33,6723333.333,0.208297101,Low,1,No Late Payments,High
CC102753,42,Male,Bachelor,Other,Salaried,11600000,48000000,137,0,0,0,21060000,16650000,8420000,5180000,3310000,3760000,1680000,0,0,40-49,15376666.67,4083333.333,0.320347222,Moderate,2,No Late Payments,Medium
CC102754,45,Female,High School,Married,Salaried,10200000,25000000,114,0,0,0,11720000,10740000,9680000,1220000,9840000,9010000,1410000,0,0,40-49,10713333.33,6690000,0.428533333,Moderate,2,No Late Payments,Low
CC102755,42,Female,Diploma,Married,Self-employed,12400000,65000000,131,0,0,0,17300000,11280000,22660000,8870000,4240000,12950000,100000,0,0,40-49,17080000,8686666.667,0.262769231,Moderate,2,No Late Payments,High
CC102756,58,Male,Diploma,Other,Self-employed,16000000,85000000,240,0,0,0,32900000,33100000,32470000,8670000,6240000,15090000,8340000,0,0,50-59,32823333.33,10000000,0.386156863,Moderate,2,No Late Payments,High
CC102757,55,Male,High School,Married,Salaried,13700000,48000000,150,0,0,3,29490000,33350000,32230000,6080000,12960000,750000,5870000,1,0,50-59,31690000,6596666.667,0.660208333,High,3,Low,Medium
CC102758,44,Male,High School,Single,Contract,6900000,34000000,156,0,0,0,0,7570000,5700000,0,3330000,2440000,780000,1,0,40-49,4423333.333,1923333.333,0.130098039,Low,1,Low,Low
CC102759,50,Female,Bachelor,Married,Salaried,7000000,33000000,88,3,3,3,28820000,25480000,25160000,5210000,400000,2040000,3650000,4,1,50-59,26486666.67,2550000,0.802626263,Very High,4,Moderate,Low
CC102760,27,Male,Diploma,Married,Salaried,6400000,27000000,17,0,0,0,5910000,4330000,4650000,3550000,1360000,950000,1420000,0,0,21-29,4963333.333,1953333.333,0.18382716,Low,1,No Late Payments,Low
CC102761,46,Female,Bachelor,Single,Self-employed,13700000,58000000,81,0,0,0,17930000,8490000,17830000,2900000,1220000,6080000,950000,0,0,40-49,14750000,3400000,0.254310345,Moderate,2,No Late Payments,Medium
CC102762,40,Female,Diploma,Married,Salaried,7200000,22000000,114,0,0,0,12950000,10950000,10260000,12900000,1770000,4100000,1060000,0,0,40-49,11386666.67,6256666.667,0.517575758,High,3,No Late Payments,Low
CC102763,50,Male,Bachelor,Single,Salaried,15600000,79000000,96,0,0,0,16520000,20550000,13250000,6570000,1920000,3580000,80000,1,0,50-59,16773333.33,4023333.333,0.212320675,Low,1,Low,High
CC102764,35,Male,Diploma,Married,Salaried,10300000,43000000,63,0,0,0,23200000,17000000,11350000,7960000,6980000,10090000,2340000,1,0,30-39,17183333.33,8343333.333,0.399612403,Moderate,2,Low,Medium
CC102765,47,Female,Bachelor,Married,Contract,11100000,52000000,87,3,2,2,16750000,2520000,9190000,1730000,800000,1230000,5660000,3,1,40-49,9486666.667,1253333.333,0.182435897,Low,1,Moderate,Medium
CC102766,37,Male,High School,Married,Salaried,11500000,43000000,118,3,0,3,29290000,26240000,29690000,800000,6060000,910000,2960000,2,1,30-39,28406666.67,2590000,0.660620155,High,3,Low,Medium
CC102767,49,Male,High School,Single,Government,5900000,35000000,119,0,0,3,0,3350000,3390000,0,3210000,680000,1750000,2,0,40-49,2246666.667,1296666.667,0.064190476,Low,1,Low,Low
CC102768,27,Female,High School,Married,Self-employed,9200000,30000000,82,0,1,0,11220000,8130000,8130000,2630000,1540000,3330000,890000,1,0,21-29,9160000,2500000,0.305333333,Moderate,2,Low,Low
CC102769,36,Male,High School,Married,Salaried,8100000,24000000,69,0,0,0,7050000,8230000,6040000,6970000,4410000,3100000,3490000,0,0,30-39,7106666.667,4826666.667,0.296111111,Moderate,2,No Late Payments,Low
CC102770,23,Male,High School,Single,Government,5000000,20000000,17,3,3,3,9000000,11830000,11320000,660000,290000,1780000,850000,3,1,21-29,10716666.67,910000,0.535833333,High,3,Moderate,Low
CC102771,40,Female,Bachelor,Married,Self-employed,22100000,110000000,92,0,0,0,69030000,40160000,48740000,12580000,6700000,11470000,2880000,0,0,40-49,52643333.33,10250000,0.478575758,Moderate,2,No Late Payments,Very High
CC102772,44,Female,High School,Married,Contract,5700000,20000000,108,0,0,0,5120000,1720000,780000,2440000,480000,230000,120000,0,0,40-49,2540000,1050000,0.127,Low,1,No Late Payments,Low
CC102773,33,Female,Bachelor,Single,Salaried,11500000,39000000,69,0,0,0,7870000,11660000,13770000,1960000,5190000,900000,2200000,0,0,30-39,11100000,2683333.333,0.284615385,Moderate,2,No Late Payments,Low
CC102774,26,Female,High School,Single,Self-employed,8500000,32000000,19,0,0,0,9000000,6520000,8890000,630000,1340000,5110000,1070000,1,0,21-29,8136666.667,2360000,0.254270833,Moderate,2,Low,Low
CC102775,27,Female,High School,Single,Other,7300000,37000000,35,0,1,3,15380000,12380000,14240000,2860000,3560000,1970000,2620000,2,0,21-29,14000000,2796666.667,0.378378378,Moderate,2,Low,Low
CC102776,33,Female,Postgraduate,Married,Self-employed,7700000,21000000,83,0,0,0,6680000,6580000,6380000,1920000,2690000,6670000,1030000,1,0,30-39,6546666.667,3760000,0.311746032,Moderate,2,Low,Low
CC102777,23,Female,High School,Single,Salaried,8200000,33000000,37,0,0,1,15640000,16150000,6370000,7240000,4300000,490000,1180000,1,0,21-29,12720000,4010000,0.385454545,Moderate,2,Low,Low
CC102778,26,Female,Bachelor,Single,Government,8400000,43000000,43,3,3,3,31360000,32920000,28090000,580000,2810000,700000,3390000,3,1,21-29,30790000,1363333.333,0.716046512,High,3,Moderate,Medium
CC102779,41,Female,Diploma,Other,Self-employed,12500000,72000000,106,1,3,0,31890000,23600000,32550000,9470000,1590000,5680000,5690000,2,1,40-49,29346666.67,5580000,0.407592593,Moderate,2,Low,High
CC102780,44,Male,Bachelor,Single,Salaried,12300000,37000000,108,0,0,0,8070000,6880000,9350000,2680000,2390000,4870000,1170000,0,0,40-49,8100000,3313333.333,0.218918919,Low,1,No Late Payments,Low
CC102781,32,Male,High School,Other,Contract,6600000,24000000,73,0,0,0,18350000,15460000,12310000,8330000,3440000,2560000,1100000,1,0,30-39,15373333.33,4776666.667,0.640555556,High,3,Low,Low
CC102782,31,Male,Bachelor,Single,Salaried,8100000,42000000,89,0,1,0,13290000,14040000,11200000,3220000,3590000,3520000,2140000,1,0,30-39,12843333.33,3443333.333,0.305793651,Moderate,2,Low,Medium
CC102783,63,Female,Bachelor,Other,Salaried,23000000,133000000,103,0,0,1,61150000,50120000,52280000,23010000,16310000,12830000,1360000,1,0,60+,54516666.67,17383333.33,0.409899749,Moderate,2,Low,Very High
CC102784,33,Female,Bachelor,Married,Self-employed,16500000,78000000,39,0,0,1,32570000,16350000,30180000,26540000,6120000,12260000,250000,1,0,30-39,26366666.67,14973333.33,0.338034188,Moderate,2,Low,High
CC102785,53,Male,Bachelor,Married,Self-employed,15800000,118000000,184,0,0,0,33420000,42610000,25100000,21610000,19970000,10490000,1450000,1,0,50-59,33710000,17356666.67,0.285677966,Moderate,2,Low,Very High
CC102786,29,Female,Bachelor,Married,Contract,6600000,36000000,58,3,3,3,24320000,25650000,26050000,780000,990000,740000,2710000,4,1,21-29,25340000,836666.6667,0.703888889,High,3,Moderate,Low
CC102787,36,Female,High School,Married,Salaried,10500000,54000000,99,0,0,0,7770000,12570000,4290000,2580000,4400000,1170000,1650000,0,0,30-39,8210000,2716666.667,0.152037037,Low,1,No Late Payments,Medium
CC102788,57,Female,Diploma,Married,Contract,8500000,45000000,240,0,0,0,270000,8510000,11960000,270000,2700000,1350000,2519357,1,0,50-59,6913333.333,1440000,0.15362963,Low,1,Low,Medium
CC102789,52,Female,Postgraduate,Married,Salaried,15700000,77000000,219,0,0,0,35970000,30780000,32550000,12620000,14990000,17860000,730000,0,0,50-59,33100000,15156666.67,0.42987013,Moderate,2,No Late Payments,High
CC102790,34,Female,High School,Married,Self-employed,15300000,71000000,79,0,0,0,42320000,34810000,32290000,35770000,20320000,14500000,3660000,0,0,30-39,36473333.33,23530000,0.51370892,High,3,No Late Payments,High
CC102791,42,Female,Diploma,Married,Other,9500000,42000000,176,3,3,3,27290000,29630000,30630000,490000,1890000,620000,9460000,3,1,40-49,29183333.33,1000000,0.69484127,High,3,Moderate,Medium
CC102792,35,Male,Diploma,Single,Government,8600000,54000000,117,1,3,3,47020000,40620000,37890000,10120000,620000,850000,4000000,3,1,30-39,41843333.33,3863333.333,0.774876543,Very High,4,Moderate,Medium
CC102793,38,Male,Bachelor,Married,Government,9200000,26000000,35,0,0,0,12170000,15290000,13680000,4340000,6030000,5240000,150000,0,0,30-39,13713333.33,5203333.333,0.527435897,High,3,No Late Payments,Low
CC102794,44,Female,Diploma,Married,Salaried,9900000,33000000,175,0,2,3,26090000,25060000,21350000,5280000,4090000,410000,1070000,2,0,40-49,24166666.67,3260000,0.732323232,High,3,Low,Low
CC102795,28,Male,Bachelor,Married,Government,8700000,29000000,59,1,0,0,18200000,20350000,24430000,850000,4470000,10380000,3200000,1,0,21-29,20993333.33,5233333.333,0.723908046,High,3,Low,Low
CC102796,45,Female,High School,Other,Salaried,10600000,44000000,88,0,0,0,14850000,14450000,16880000,3220000,2580000,2650000,1840000,1,0,40-49,15393333.33,2816666.667,0.349848485,Moderate,2,Low,Medium
CC102797,21,Male,Bachelor,Single,Government,5500000,20000000,12,0,0,0,14890000,16190000,13930000,5400000,3180000,6040000,590000,1,0,21-29,15003333.33,4873333.333,0.750166667,Very High,4,Low,Low
CC102798,25,Female,Bachelor,Married,Self-employed,15800000,40000000,30,0,0,0,14720000,26560000,17430000,4220000,26390000,5340000,1230000,1,0,21-29,19570000,11983333.33,0.48925,Moderate,2,Low,Medium
CC102799,53,Male,Bachelor,Married,Contract,12200000,57000000,133,0,0,0,42720000,33600000,40610000,28920000,3620000,5020000,1310000,0,0,50-59,38976666.67,12520000,0.68380117,High,3,No Late Payments,Medium
CC102800,49,Male,Diploma,Other,Salaried,15200000,81000000,137,0,0,0,610000,7480000,10370000,610000,1990000,2400000,970000,0,0,40-49,6153333.333,1666666.667,0.075967078,Low,1,No Late Payments,High
CC102801,32,Male,Bachelor,Married,Salaried,11500000,40000000,101,0,0,0,18660000,17530000,22190000,9600000,18100000,21920000,660000,0,0,30-39,19460000,16540000,0.4865,Moderate,2,No Late Payments,Medium
CC102802,32,Male,Diploma,Other,Salaried,8900000,48000000,46,0,0,0,6360000,6250000,4590000,1840000,2540000,1630000,590000,1,0,30-39,5733333.333,2003333.333,0.119444444,Low,1,Low,Medium
CC102803,46,Male,Bachelor,Other,Salaried,12500000,56000000,85,0,3,0,55030000,51060000,36030000,2420000,3110000,36840000,3400000,1,1,40-49,47373333.33,14123333.33,0.845952381,Very High,4,Low,Medium
CC102804,43,Male,High School,Married,Salaried,11500000,46000000,59,0,0,0,14920000,14170000,16230000,4340000,5060000,2120000,470000,1,0,40-49,15106666.67,3840000,0.328405797,Moderate,2,Low,Medium
CC102805,46,Female,Diploma,Married,Government,10500000,66000000,128,3,3,3,45810000,45720000,34720000,1340000,700000,1190000,4940000,5,1,40-49,42083333.33,1076666.667,0.637626263,High,3,High,High
CC102806,50,Female,Diploma,Single,Self-employed,14700000,63000000,141,0,0,0,35030000,41700000,35390000,12150000,13260000,30370000,790000,1,0,50-59,37373333.33,18593333.33,0.593227513,High,3,Low,High
CC102807,39,Female,Bachelor,Single,Government,11100000,47000000,47,0,0,0,16450000,13790000,24050000,5590000,5290000,24160000,2070000,0,0,30-39,18096666.67,11680000,0.385035461,Moderate,2,No Late Payments,Medium
CC102808,40,Male,Postgraduate,Other,Salaried,16900000,85000000,65,0,0,0,1890000,0,0,1310000,0,0,1690000,0,0,40-49,630000,436666.6667,0.007411765,Low,1,No Late Payments,High
CC102809,26,Female,Diploma,Single,Self-employed,8300000,26000000,56,0,0,0,0,4860000,5000000,0,1630000,2660000,210000,0,0,21-29,3286666.667,1430000,0.126410256,Low,1,No Late Payments,Low
CC102810,31,Female,Postgraduate,Single,Salaried,12000000,40000000,51,0,0,0,14570000,19710000,22180000,2830000,4160000,5380000,910000,0,0,30-39,18820000,4123333.333,0.4705,Moderate,2,No Late Payments,Medium
CC102811,35,Female,Bachelor,Married,Self-employed,12100000,65000000,74,0,0,0,8960000,6230000,8670000,8600000,2980000,2070000,4280000,0,0,30-39,7953333.333,4550000,0.122358974,Low,1,No Late Payments,High
CC102812,43,Male,Bachelor,Married,Salaried,8500000,42000000,57,0,0,1,28650000,30610000,38550000,9610000,9870000,9170000,2070000,1,0,40-49,32603333.33,9550000,0.776269841,Very High,4,Low,Medium
CC102813,51,Female,Diploma,Married,Salaried,7700000,37000000,183,2,1,0,21850000,16990000,18420000,1290000,7200000,10220000,2010000,2,1,50-59,19086666.67,6236666.667,0.515855856,High,3,Low,Low
CC102814,54,Female,Diploma,Married,Government,13000000,93000000,200,0,0,0,60260000,46280000,53630000,14740000,13340000,5330000,5170000,1,0,50-59,53390000,11136666.67,0.574086022,High,3,Low,High
CC102815,37,Female,Bachelor,Married,Salaried,10500000,49000000,77,0,0,0,0,8900000,10320000,0,3740000,2290000,1370000,1,0,30-39,6406666.667,2010000,0.130748299,Low,1,Low,Medium
CC102816,27,Female,Diploma,Married,Contract,6600000,34000000,75,0,2,0,21770000,19170000,20880000,7200000,4120000,4870000,1810000,1,0,21-29,20606666.67,5396666.667,0.606078431,High,3,Low,Low
CC102817,36,Female,Bachelor,Married,Salaried,17500000,126000000,61,0,0,0,47810000,55880000,49410000,25690000,21930000,15260000,9150000,1,0,30-39,51033333.33,20960000,0.405026455,Moderate,2,Low,Very High
CC102818,21,Female,Bachelor,Single,Salaried,9700000,27000000,5,1,1,1,16880000,14490000,12960000,3450000,4560000,2160000,1820000,3,0,21-29,14776666.67,3390000,0.547283951,High,3,Moderate,Low
CC102819,38,Female,Diploma,Married,Government,8700000,43000000,82,0,0,0,14740000,16230000,11600000,14130000,14020000,3810000,320000,0,0,30-39,14190000,10653333.33,0.33,Moderate,2,No Late Payments,Medium
CC102820,51,Male,Bachelor,Married,Contract,15000000,69000000,74,1,3,0,42940000,42280000,45180000,2910000,890000,14820000,3980000,2,0,50-59,43466666.67,6206666.667,0.629951691,High,3,Low,High
CC102821,25,Male,Bachelor,Single,Salaried,6300000,32000000,3,0,1,2,10630000,13280000,11280000,4670000,3940000,660000,1030000,2,0,21-29,11730000,3090000,0.3665625,Moderate,2,Low,Low
CC102822,32,Male,Diploma,Single,Other,13100000,26000000,32,0,1,0,9450000,11600000,6970000,2430000,530000,3210000,1310000,1,0,30-39,9340000,2056666.667,0.359230769,Moderate,2,Low,Low
CC102823,50,Female,Bachelor,Married,Government,18500000,104000000,91,0,0,0,33290000,55020000,54630000,33160000,51420000,26200000,1960000,0,0,50-59,47646666.67,36926666.67,0.458141026,Moderate,2,No Late Payments,Very High
CC102824,45,Male,Bachelor,Married,Contract,9000000,49000000,158,0,0,0,7690000,1290000,2360000,3880000,910000,1170000,1930000,0,0,40-49,3780000,1986666.667,0.077142857,Low,1,No Late Payments,Medium
CC102825,39,Female,Bachelor,Married,Self-employed,15900000,67000000,78,1,0,1,24560000,20370000,23580000,11440000,8890000,1490000,2160000,2,0,30-39,22836666.67,7273333.333,0.340845771,Moderate,2,Low,High
CC102826,24,Female,Bachelor,Single,Other,7300000,45000000,16,3,3,0,41700000,33780000,26060000,890000,3270000,9820000,3410000,2,1,21-29,33846666.67,4660000,0.752148148,Very High,4,Low,Medium
CC102827,32,Male,Bachelor,Married,Salaried,10300000,32000000,39,0,3,0,21420000,21560000,19870000,10010000,4020000,5110000,1130000,1,0,30-39,20950000,6380000,0.6546875,High,3,Low,Low
CC102828,40,Male,Bachelor,Married,Salaried,8900000,37000000,67,1,0,0,11450000,7730000,15040000,1960000,3510000,5770000,580000,1,0,40-49,11406666.67,3746666.667,0.308288288,Moderate,2,Low,Low
CC102829,42,Male,Postgraduate,Married,Salaried,14000000,72000000,134,0,0,0,33760000,26800000,18460000,15260000,11780000,7810000,620000,0,0,40-49,26340000,11616666.67,0.365833333,Moderate,2,No Late Payments,High
CC102830,31,Female,Bachelor,Single,Salaried,12200000,74000000,90,0,0,1,16480000,25980000,7810000,6690000,23320000,4130000,5210000,1,0,30-39,16756666.67,11380000,0.226441441,Low,1,Low,High
CC102831,40,Male,Bachelor,Single,Government,10200000,53000000,84,0,0,0,5690000,11720000,8520000,2010000,11260000,3090000,3400000,0,0,40-49,8643333.333,5453333.333,0.163081761,Low,1,No Late Payments,Medium
CC102832,51,Female,Diploma,Single,Salaried,13100000,60000000,240,1,0,0,18450000,22030000,27920000,5420000,3750000,8110000,2790000,1,0,50-59,22800000,5760000,0.38,Moderate,2,Low,High
CC102833,37,Male,Postgraduate,Single,Salaried,15000000,65000000,79,0,0,0,31340000,35090000,25020000,5230000,11020000,7160000,2070000,1,0,30-39,30483333.33,7803333.333,0.468974359,Moderate,2,Low,High
CC102834,26,Male,Diploma,Single,Salaried,9200000,32000000,48,0,0,0,5400000,4290000,4920000,1680000,1040000,1830000,1290000,0,0,21-29,4870000,1516666.667,0.1521875,Low,1,No Late Payments,Low
CC102835,32,Male,Bachelor,Married,Self-employed,17300000,88000000,44,0,0,0,26980000,29600000,25770000,8780000,25280000,12010000,4320000,0,0,30-39,27450000,15356666.67,0.311931818,Moderate,2,No Late Payments,High
CC102836,32,Male,Bachelor,Married,Salaried,10800000,32000000,47,0,1,0,21250000,22500000,19290000,8150000,5920000,7570000,860000,1,0,30-39,21013333.33,7213333.333,0.656666667,High,3,Low,Low
CC102837,34,Male,Bachelor,Married,Self-employed,9500000,49000000,102,0,0,0,17900000,21200000,18800000,3830000,9710000,5580000,1030000,0,0,30-39,19300000,6373333.333,0.393877551,Moderate,2,No Late Payments,Medium
CC102838,26,Female,High School,Single,Contract,5000000,23000000,34,3,3,2,18030000,19460000,17610000,340000,370000,1130000,1510000,3,1,21-29,18366666.67,613333.3333,0.798550725,Very High,4,Moderate,Low
CC102839,33,Female,Diploma,Single,Government,14800000,81000000,65,0,0,0,26670000,36540000,40710000,11840000,12650000,15590000,110000,0,0,30-39,34640000,13360000,0.427654321,Moderate,2,No Late Payments,High
CC102840,26,Female,Diploma,Single,Self-employed,11500000,58000000,47,0,2,0,32260000,41610000,42450000,16320000,5390000,14600000,2910000,1,0,21-29,38773333.33,12103333.33,0.668505747,High,3,Low,Medium
CC102841,40,Male,Postgraduate,Married,Self-employed,14400000,83000000,126,0,3,1,7830000,21840000,25610000,1440000,1870000,1660000,8510000,2,0,40-49,18426666.67,1656666.667,0.222008032,Low,1,Low,High
CC102842,44,Male,High School,Married,Salaried,10000000,48000000,184,3,3,3,29790000,37990000,33450000,800000,820000,930000,3260000,3,1,40-49,33743333.33,850000,0.702986111,High,3,Moderate,Medium
CC102843,21,Female,High School,Single,Contract,5000000,27000000,12,0,0,0,8240000,12230000,9170000,1700000,5110000,3160000,1390000,0,1,21-29,9880000,3323333.333,0.365925926,Moderate,2,No Late Payments,Low
CC102844,32,Male,Postgraduate,Married,Salaried,6100000,28000000,84,3,3,0,9810000,10620000,8140000,570000,980000,3030000,2170000,2,1,30-39,9523333.333,1526666.667,0.340119048,Moderate,2,Low,Low
CC102845,24,Female,Bachelor,Single,Self-employed,10300000,32000000,11,0,0,0,8040000,6440000,11100000,6590000,5990000,10940000,440000,0,0,21-29,8526666.667,7840000,0.266458333,Moderate,2,No Late Payments,Low
CC102846,56,Female,High School,Married,Government,7400000,42000000,240,0,0,0,5080000,8650000,11750000,4330000,2710000,4840000,750000,0,0,50-59,8493333.333,3960000,0.202222222,Low,1,No Late Payments,Medium
CC102847,52,Male,Bachelor,Married,Salaried,19500000,99000000,135,2,3,3,74750000,69950000,75040000,1160000,1930000,2080000,3190000,4,1,50-59,73246666.67,1723333.333,0.73986532,High,3,Moderate,High
CC102848,21,Male,High School,Married,Salaried,9100000,35000000,13,0,0,0,23330000,23100000,22550000,3030000,5170000,7830000,520000,1,0,21-29,22993333.33,5343333.333,0.656952381,High,3,Low,Low
CC102849,35,Male,Bachelor,Single,Government,10200000,56000000,120,0,0,0,33210000,34120000,31710000,11960000,14940000,16530000,1690000,0,0,30-39,33013333.33,14476666.67,0.58952381,High,3,No Late Payments,Medium
CC102850,40,Male,Bachelor,Married,Salaried,17800000,55000000,72,2,2,3,24110000,24310000,23370000,2420000,790000,1060000,3990000,3,1,40-49,23930000,1423333.333,0.435090909,Moderate,2,Moderate,Medium
CC102851,41,Male,High School,Single,Government,9200000,44000000,58,0,0,1,8900000,6140000,6550000,9100000,2680000,2460000,610000,2,0,40-49,7196666.667,4746666.667,0.163560606,Low,1,Low,Medium
CC102852,45,Male,Diploma,Married,Self-employed,9500000,46000000,55,0,0,0,8420000,1820000,3300000,4920000,1000000,1530000,530000,0,0,40-49,4513333.333,2483333.333,0.098115942,Low,1,No Late Payments,Medium
CC102853,35,Male,Bachelor,Single,Contract,12700000,55000000,36,0,0,0,34740000,21420000,16460000,35300000,6470000,5000000,880000,0,0,30-39,24206666.67,15590000,0.440121212,Moderate,2,No Late Payments,Medium
CC102854,37,Male,Bachelor,Married,Salaried,10300000,56000000,110,0,0,0,22160000,40260000,38220000,5130000,6600000,8410000,3160000,0,0,30-39,33546666.67,6713333.333,0.599047619,High,3,No Late Payments,Medium
CC102855,24,Female,High School,Married,Government,10600000,26000000,21,1,0,0,720000,3800000,6570000,500000,1020000,2110000,630000,1,0,21-29,3696666.667,1210000,0.142179487,Low,1,Low,Low
CC102856,36,Female,Bachelor,Single,Salaried,7400000,31000000,111,0,0,0,16640000,16560000,16940000,4870000,6920000,16690000,1770000,1,0,30-39,16713333.33,9493333.333,0.539139785,High,3,Low,Low
CC102857,43,Male,Diploma,Married,Salaried,15200000,66000000,120,0,2,0,3070000,9720000,14280000,1280000,710000,940000,2960000,1,0,40-49,9023333.333,976666.6667,0.136717172,Low,1,Low,High
CC102858,49,Male,Diploma,Married,Salaried,13900000,72000000,98,0,0,0,39350000,26490000,21350000,17770000,12590000,11670000,280000,0,0,40-49,29063333.33,14010000,0.403657407,Moderate,2,No Late Payments,High
CC102859,42,Female,Bachelor,Married,Contract,10000000,60000000,170,0,1,0,18890000,19480000,14320000,6970000,4270000,4210000,6090000,1,0,40-49,17563333.33,5150000,0.292722222,Moderate,2,Low,High
CC102860,36,Male,Diploma,Married,Salaried,7900000,25000000,72,0,1,1,8700000,8350000,7570000,2720000,3330000,1080000,1730000,2,0,30-39,8206666.667,2376666.667,0.328266667,Moderate,2,Low,Low
CC102861,38,Female,Bachelor,Single,Self-employed,17200000,68000000,101,0,0,0,46310000,43350000,32460000,22040000,42290000,11840000,4870000,0,0,30-39,40706666.67,25390000,0.598627451,High,3,No Late Payments,High
CC102862,28,Male,Bachelor,Single,Self-employed,5900000,31000000,33,0,0,0,11260000,12620000,4730000,4810000,3720000,2780000,2000000,1,1,21-29,9536666.667,3770000,0.307634409,Moderate,2,Low,Low
CC102863,45,Female,Diploma,Married,Government,10000000,50000000,185,0,0,0,15570000,15450000,13110000,7300000,7100000,4960000,710000,1,0,40-49,14710000,6453333.333,0.2942,Moderate,2,Low,Medium
CC102864,34,Male,Bachelor,Married,Salaried,12600000,29000000,50,3,3,3,26960000,23410000,29200000,1590000,530000,5200000,3050000,3,1,30-39,26523333.33,2440000,0.914597701,Very High,4,Moderate,Low
CC102865,26,Female,High School,Single,Self-employed,8600000,28000000,25,0,0,0,18900000,16410000,16090000,10080000,6430000,7240000,1370000,1,0,21-29,17133333.33,7916666.667,0.611904762,High,3,Low,Low
CC102866,40,Female,Bachelor,Married,Salaried,15800000,94000000,71,3,3,3,49920000,42090000,37130000,1090000,2020000,1970000,6650000,3,1,40-49,43046666.67,1693333.333,0.457943262,Moderate,2,Moderate,High
CC102867,21,Female,Bachelor,Married,Salaried,6000000,21000000,52,0,0,0,4360000,5030000,6000000,2020000,4540000,1850000,1480000,0,0,21-29,5130000,2803333.333,0.244285714,Low,1,No Late Payments,Low
CC102868,35,Male,High School,Married,Salaried,9500000,43000000,122,3,0,0,37810000,39240000,26810000,600000,6670000,8420000,5370000,1,1,30-39,34620000,5230000,0.805116279,Very High,4,Low,Medium
CC102869,31,Male,Diploma,Married,Salaried,10700000,35000000,76,0,0,0,13270000,16720000,15540000,3980000,6450000,6050000,1670000,1,0,30-39,15176666.67,5493333.333,0.433619048,Moderate,2,Low,Low
CC102870,36,Male,High School,Married,Self-employed,9100000,48000000,80,0,2,3,30880000,35850000,39990000,29410000,3380000,11000000,3600000,2,0,30-39,35573333.33,14596666.67,0.741111111,High,3,Low,Medium
CC102871,27,Female,Bachelor,Married,Other,7700000,26000000,50,0,0,0,11850000,13630000,13130000,9820000,3870000,3740000,820000,1,0,21-29,12870000,5810000,0.495,Moderate,2,Low,Low
CC102872,36,Male,Bachelor,Single,Salaried,12400000,71000000,88,0,0,0,42050000,45730000,38410000,40230000,13550000,9060000,5420000,1,0,30-39,42063333.33,20946666.67,0.592441315,High,3,Low,High
CC102873,34,Male,Bachelor,Married,Government,11700000,51000000,107,0,0,0,22100000,24320000,29560000,7560000,6840000,9440000,1140000,0,0,30-39,25326666.67,7946666.667,0.496601307,Moderate,2,No Late Payments,Medium
CC102874,49,Female,Bachelor,Other,Salaried,29500000,115000000,94,1,3,3,61860000,73840000,73640000,14590000,1310000,2080000,8100000,3,1,40-49,69780000,5993333.333,0.606782609,High,3,Moderate,Very High
CC102875,46,Female,Postgraduate,Married,Self-employed,12900000,51000000,71,3,2,0,19020000,19750000,25830000,710000,1090000,4200000,4250000,3,1,40-49,21533333.33,2000000,0.422222222,Moderate,2,Moderate,Medium
CC102876,27,Female,Bachelor,Married,Salaried,14700000,76000000,24,0,0,0,36020000,42460000,22770000,12800000,21720000,6880000,7250000,0,0,21-29,33750000,13800000,0.444078947,Moderate,2,No Late Payments,High
CC102877,37,Male,Bachelor,Married,Salaried,17200000,46000000,52,0,0,0,14970000,8950000,5880000,4680000,3310000,4910000,2280000,1,0,30-39,9933333.333,4300000,0.215942029,Low,1,Low,Medium
CC102878,23,Male,Bachelor,Single,Contract,7800000,36000000,3,0,1,1,7580000,8610000,7230000,2010000,3560000,1530000,530000,2,0,21-29,7806666.667,2366666.667,0.216851852,Low,1,Low,Low
CC102879,51,Male,Bachelor,Married,Salaried,13700000,70000000,213,3,3,3,56750000,49730000,53580000,1220000,810000,1520000,5430000,3,1,50-59,53353333.33,1183333.333,0.762190476,Very High,4,Moderate,High
CC102880,21,Male,Bachelor,Single,Salaried,7100000,37000000,20,0,0,0,14380000,9430000,13920000,4770000,5630000,6200000,120000,1,0,21-29,12576666.67,5533333.333,0.33990991,Moderate,2,Low,Low
CC102881,35,Male,Postgraduate,Married,Contract,14800000,38000000,54,0,0,0,17730000,21620000,20230000,2110000,5280000,7700000,2450000,1,0,30-39,19860000,5030000,0.522631579,High,3,Low,Low
CC102882,44,Male,Bachelor,Married,Government,19800000,92000000,135,0,0,0,54090000,50460000,42590000,45080000,19690000,15000000,4650000,0,0,40-49,49046666.67,26590000,0.533115942,High,3,No Late Payments,High
CC102883,47,Male,Postgraduate,Married,Salaried,11600000,39000000,75,0,0,0,10300000,9260000,19730000,2430000,3930000,3430000,3720000,0,0,40-49,13096666.67,3263333.333,0.335811966,Moderate,2,No Late Payments,Low
CC102884,38,Male,High School,Married,Contract,8200000,42000000,114,0,0,0,8610000,14310000,10680000,2380000,8390000,8810000,640000,1,0,30-39,11200000,6526666.667,0.266666667,Moderate,2,Low,Medium
CC102885,39,Male,High School,Married,Government,10800000,34000000,113,2,3,0,6600000,9350000,8440000,640000,370000,2800000,3360000,2,1,30-39,8130000,1270000,0.239117647,Low,1,Low,Low
CC102886,65,Male,High School,Married,Salaried,7800000,45000000,240,0,0,0,7160000,13980000,13260000,1750000,6440000,3800000,1750000,0,0,60+,11466666.67,3996666.667,0.254814815,Moderate,2,No Late Payments,Medium
CC102887,23,Female,Diploma,Single,Salaried,7200000,20000000,22,3,3,3,7620000,8950000,10520000,500000,230000,320000,1140000,4,1,21-29,9030000,350000,0.4515,Moderate,2,Moderate,Low
CC102888,26,Male,High School,Single,Salaried,7000000,31000000,25,1,1,0,9910000,12410000,9500000,2960000,1980000,2740000,2850000,2,0,21-29,10606666.67,2560000,0.342150538,Moderate,2,Low,Low
CC102889,31,Male,Diploma,Single,Contract,5000000,20000000,66,0,1,0,8300000,9310000,10450000,3260000,1330000,3680000,880000,1,0,30-39,9353333.333,2756666.667,0.467666667,Moderate,2,Low,Low
CC102890,60,Male,High School,Married,Salaried,6000000,36000000,240,0,0,0,4890000,5720000,8630000,740000,5610000,4000000,3780000,0,0,60+,6413333.333,3450000,0.178148148,Low,1,No Late Payments,Low
CC102891,39,Male,High School,Married,Salaried,14100000,70000000,88,0,0,0,49980000,39630000,32400000,24890000,7720000,30550000,4160000,0,0,30-39,40670000,21053333.33,0.581,High,3,No Late Payments,High
CC102892,46,Female,Bachelor,Married,Salaried,16900000,60000000,129,3,2,0,21890000,12190000,23560000,710000,1930000,1180000,5700000,3,1,40-49,19213333.33,1273333.333,0.320222222,Moderate,2,Moderate,High
CC102893,59,Male,Diploma,Other,Self-employed,10700000,51000000,200,0,0,0,11360000,22680000,14570000,3650000,20450000,4880000,730000,2,0,50-59,16203333.33,9660000,0.317712418,Moderate,2,Low,Medium
CC102894,30,Male,Bachelor,Single,Contract,17700000,61000000,40,0,0,0,26790000,23870000,18740000,8440000,19820000,3660000,2040000,0,0,30-39,23133333.33,10640000,0.379234973,Moderate,2,No Late Payments,High
CC102895,37,Female,Diploma,Other,Other,7600000,45000000,126,3,2,3,22900000,24580000,26600000,860000,590000,710000,4090000,4,1,30-39,24693333.33,720000,0.548740741,High,3,Moderate,Medium
CC102896,31,Male,High School,Single,Government,9100000,40000000,26,0,0,0,18350000,16020000,16840000,9220000,8320000,8540000,1820000,0,0,30-39,17070000,8693333.333,0.42675,Moderate,2,No Late Payments,Medium
CC102897,33,Female,Diploma,Other,Self-employed,14200000,74000000,82,0,0,0,16840000,31750000,36120000,15930000,11270000,15240000,1840000,0,0,30-39,28236666.67,14146666.67,0.381576577,Moderate,2,No Late Payments,High
CC102898,40,Male,Diploma,Married,Government,11600000,45000000,81,0,0,0,19210000,17740000,15760000,8070000,6950000,5930000,760000,0,0,40-49,17570000,6983333.333,0.390444444,Moderate,2,No Late Payments,Medium
CC102899,32,Male,Bachelor,Married,Contract,12200000,58000000,102,2,3,3,51260000,51620000,46680000,1050000,8760000,750000,5030000,3,1,30-39,49853333.33,3520000,0.85954023,Very High,4,Moderate,Medium
CC102900,29,Male,Diploma,Married,Salaried,5000000,28000000,33,0,0,1,13340000,13680000,8900000,2720000,2750000,1800000,630000,2,0,21-29,11973333.33,2423333.333,0.427619048,Moderate,2,Low,Low
CC102901,24,Male,Postgraduate,Single,Government,23600000,87000000,26,0,1,0,50590000,55390000,50360000,15900000,25220000,51290000,5850000,1,0,21-29,52113333.33,30803333.33,0.599003831,High,3,Low,High
CC102902,36,Female,Bachelor,Single,Government,17100000,52000000,69,0,0,0,23950000,23990000,9470000,10130000,24250000,4410000,340000,0,0,30-39,19136666.67,12930000,0.368012821,Moderate,2,No Late Payments,Medium
CC102903,27,Male,High School,Married,Other,5600000,27000000,66,3,3,2,16280000,17320000,13160000,2030000,580000,1530000,1230000,3,0,21-29,15586666.67,1380000,0.577283951,High,3,Moderate,Low
CC102904,31,Female,High School,Married,Salaried,10000000,46000000,73,0,0,0,28730000,19710000,25060000,13780000,20220000,15380000,830000,1,0,30-39,24500000,16460000,0.532608696,High,3,Low,Medium
CC102905,42,Male,High School,Married,Salaried,6700000,35000000,149,0,2,0,10990000,12760000,10690000,2170000,2200000,3520000,740000,2,0,40-49,11480000,2630000,0.328,Moderate,2,Low,Low
CC102906,44,Female,Postgraduate,Married,Government,15100000,89000000,100,0,0,0,32400000,49800000,38890000,8750000,22840000,31890000,3350000,0,0,40-49,40363333.33,21160000,0.453520599,Moderate,2,No Late Payments,High
CC102907,44,Male,Bachelor,Married,Government,14500000,86000000,88,0,0,0,30850000,45290000,34670000,8520000,12010000,8820000,1960000,0,0,40-49,36936666.67,9783333.333,0.429496124,Moderate,2,No Late Payments,High
CC102908,34,Male,Bachelor,Single,Salaried,12500000,48000000,31,0,0,0,16160000,14080000,10960000,4150000,6570000,11000000,970000,0,0,30-39,13733333.33,7240000,0.286111111,Moderate,2,No Late Payments,Medium
CC102909,41,Female,Bachelor,Married,Salaried,10300000,52000000,141,0,0,0,17240000,18040000,26990000,4430000,4950000,10030000,3230000,0,0,40-49,20756666.67,6470000,0.399166667,Moderate,2,No Late Payments,Medium
CC102910,26,Male,High School,Single,Contract,5300000,21000000,35,1,0,0,14140000,13060000,6800000,1850000,3270000,2090000,2210000,1,1,21-29,11333333.33,2403333.333,0.53968254,High,3,Low,Low
CC102911,51,Female,Bachelor,Single,Salaried,12400000,71000000,178,2,3,3,48800000,58150000,48580000,970000,790000,9950000,7050000,3,0,50-59,51843333.33,3903333.333,0.730187793,High,3,Moderate,High
CC102912,21,Male,Diploma,Married,Self-employed,6400000,30000000,28,0,0,0,7650000,14360000,16350000,2330000,4330000,4640000,770000,1,0,21-29,12786666.67,3766666.667,0.426222222,Moderate,2,Low,Low
CC102913,34,Male,Diploma,Married,Salaried,8600000,29000000,80,0,0,0,2120000,1500000,1250000,470000,610000,1220000,680000,1,0,30-39,1623333.333,766666.6667,0.055977011,Low,1,Low,Low
CC102914,41,Male,Diploma,Married,Self-employed,16300000,70000000,113,0,0,0,51470000,53460000,50550000,21370000,28210000,9900000,1640000,0,0,40-49,51826666.67,19826666.67,0.740380952,High,3,No Late Payments,High
CC102915,35,Female,Postgraduate,Single,Government,11200000,41000000,43,0,0,0,24080000,28710000,26910000,6980000,10420000,12320000,2140000,0,0,30-39,26566666.67,9906666.667,0.64796748,High,3,No Late Payments,Medium
CC102916,33,Male,Diploma,Married,Contract,6200000,28000000,113,3,3,3,11680000,10390000,11290000,610000,540000,550000,3650000,3,1,30-39,11120000,566666.6667,0.397142857,Moderate,2,Moderate,Low
CC102917,33,Female,Bachelor,Married,Government,11600000,44000000,65,0,0,0,760000,2090000,14490000,760000,720000,3990000,1480000,0,0,30-39,5780000,1823333.333,0.131363636,Low,1,No Late Payments,Medium
CC102918,45,Female,Diploma,Single,Salaried,8300000,60000000,65,0,0,0,16550000,11820000,20950000,5100000,3680000,8250000,840000,0,0,40-49,16440000,5676666.667,0.274,Moderate,2,No Late Payments,High
CC102919,46,Male,High School,Single,Salaried,11300000,64000000,157,0,1,0,29760000,32460000,34690000,8580000,6510000,3680000,1700000,2,0,40-49,32303333.33,6256666.667,0.504739583,High,3,Low,High
CC102920,31,Female,Bachelor,Married,Salaried,8900000,22000000,46,0,0,0,6570000,4990000,7270000,1660000,1440000,2680000,1140000,0,0,30-39,6276666.667,1926666.667,0.28530303,Moderate,2,No Late Payments,Low
CC102921,28,Male,Bachelor,Married,Self-employed,9000000,37000000,74,0,0,0,14650000,11320000,12710000,6520000,4710000,5820000,480000,0,0,21-29,12893333.33,5683333.333,0.348468468,Moderate,2,No Late Payments,Low
CC102922,28,Female,High School,Single,Salaried,8100000,31000000,40,0,0,0,12080000,9190000,11140000,3080000,2160000,3440000,350000,0,0,21-29,10803333.33,2893333.333,0.348494624,Moderate,2,No Late Payments,Low
CC102923,21,Male,Bachelor,Single,Salaried,6700000,40000000,34,0,0,0,29620000,28070000,23180000,11990000,10220000,6140000,1440000,0,0,21-29,26956666.67,9450000,0.673916667,High,3,No Late Payments,Medium
CC102924,32,Female,Postgraduate,Married,Self-employed,14700000,68000000,65,0,3,0,45650000,37840000,29570000,14930000,1140000,8810000,11070000,1,0,30-39,37686666.67,8293333.333,0.554215686,High,3,Low,High
CC102925,32,Male,Diploma,Single,Salaried,10400000,32000000,47,0,0,1,10660000,12240000,19930000,6030000,5920000,5290000,200000,1,0,30-39,14276666.67,5746666.667,0.446145833,Moderate,2,Low,Low
CC102926,31,Male,Bachelor,Married,Government,12100000,49000000,64,0,0,0,8680000,12240000,13890000,4650000,11400000,11460000,1500000,0,0,30-39,11603333.33,9170000,0.236802721,Low,1,No Late Payments,Medium
CC102927,43,Female,Postgraduate,Married,Salaried,16600000,93000000,95,0,0,0,39320000,29740000,32800000,9970000,28030000,26470000,2750000,0,1,40-49,33953333.33,21490000,0.365089606,Moderate,2,No Late Payments,High
CC102928,36,Male,Bachelor,Single,Self-employed,11500000,52000000,53,0,0,0,15690000,11680000,11090000,4150000,2660000,2730000,2130000,1,0,30-39,12820000,3180000,0.246538462,Low,1,Low,Medium
CC102929,38,Female,Diploma,Single,Salaried,11200000,43000000,110,0,0,0,9730000,7690000,4480000,3250000,4390000,1500000,3130000,0,0,30-39,7300000,3046666.667,0.169767442,Low,1,No Late Payments,Medium
CC102930,49,Male,Bachelor,Married,Salaried,20700000,62000000,124,0,0,2,58940000,52940000,49550000,10270000,52510000,6100000,3700000,1,0,40-49,53810000,22960000,0.867903226,Very High,4,Low,High
CC102931,57,Male,Bachelor,Other,Self-employed,26700000,118000000,240,3,0,3,103490000,84360000,71230000,2160000,12050000,1770000,12690000,3,1,50-59,86360000,5326666.667,0.731864407,High,3,Moderate,Very High
CC102932,45,Male,Diploma,Married,Salaried,14300000,99000000,167,3,3,3,82980000,78410000,52950000,1090000,7280000,11300000,10600000,4,1,40-49,71446666.67,6556666.667,0.721683502,High,3,Moderate,High
CC102933,40,Male,High School,Single,Self-employed,12200000,45000000,59,0,1,0,23100000,15590000,9060000,15120000,4620000,4860000,950000,1,0,40-49,15916666.67,8200000,0.353703704,Moderate,2,Low,Medium
CC102934,35,Male,Diploma,Other,Salaried,10100000,69000000,56,0,0,0,38140000,24500000,17270000,35830000,7600000,3180000,2410000,1,0,30-39,26636666.67,15536666.67,0.386038647,Moderate,2,Low,High
CC102935,43,Male,High School,Married,Contract,9000000,49000000,95,1,0,0,12390000,18690000,29920000,2610000,17970000,4150000,290000,1,0,40-49,20333333.33,8243333.333,0.414965986,Moderate,2,Low,Medium
CC102936,21,Male,Bachelor,Single,Salaried,11500000,47000000,14,0,0,0,8140000,9540000,16540000,3730000,3120000,2670000,810000,0,0,21-29,11406666.67,3173333.333,0.242695035,Low,1,No Late Payments,Medium
CC102937,61,Male,Postgraduate,Married,Salaried,18400000,87000000,240,0,0,0,24300000,37690000,37860000,14200000,14540000,13700000,1110000,0,0,60+,33283333.33,14146666.67,0.38256705,Moderate,2,No Late Payments,High
CC102938,36,Male,High School,Single,Self-employed,9600000,36000000,43,0,0,0,19200000,16190000,14510000,6140000,9070000,14550000,260000,0,0,30-39,16633333.33,9920000,0.462037037,Moderate,2,No Late Payments,Low
CC102939,42,Male,Diploma,Married,Salaried,10700000,55000000,145,1,0,0,13560000,16870000,8200000,4810000,14650000,2090000,2920000,2,0,40-49,12876666.67,7183333.333,0.234121212,Low,1,Low,Medium
CC102940,34,Male,Bachelor,Married,Salaried,11400000,56000000,62,0,0,0,0,880000,5030000,0,720000,5020000,1720000,1,0,30-39,1970000,1913333.333,0.035178571,Low,1,Low,Medium
CC102941,21,Female,Bachelor,Single,Salaried,13300000,37000000,3,1,2,0,11180000,14760000,16510000,4730000,2030000,5590000,3570000,2,1,21-29,14150000,4116666.667,0.382432432,Moderate,2,Low,Low
CC102942,37,Female,Bachelor,Married,Contract,10600000,32000000,35,1,0,0,7480000,4750000,9130000,3300000,2460000,4070000,600000,2,0,30-39,7120000,3276666.667,0.2225,Low,1,Low,Low
CC102943,39,Female,Postgraduate,Married,Contract,14900000,90000000,153,3,3,3,72740000,72280000,82070000,5010000,1290000,1810000,13270000,3,1,30-39,75696666.67,2703333.333,0.841074074,Very High,4,Moderate,High
CC102944,35,Female,Bachelor,Single,Salaried,8600000,40000000,106,0,0,0,15880000,6520000,6310000,5530000,2980000,1180000,60000,0,0,30-39,9570000,3230000,0.23925,Low,1,No Late Payments,Medium
CC102945,26,Female,Bachelor,Single,Salaried,9200000,43000000,27,3,0,0,9630000,19710000,22480000,460000,4100000,3400000,3220000,2,0,21-29,17273333.33,2653333.333,0.401705426,Moderate,2,Low,Medium
CC102946,41,Female,Diploma,Single,Contract,13700000,44000000,80,0,1,0,29790000,30040000,24370000,11660000,5090000,6390000,1460000,1,1,40-49,28066666.67,7713333.333,0.637878788,High,3,Low,Medium
CC102947,37,Male,Diploma,Married,Self-employed,8300000,36000000,107,0,1,0,11080000,7660000,8930000,5220000,2230000,3600000,3520000,2,0,30-39,9223333.333,3683333.333,0.256203704,Moderate,2,Low,Low
CC102948,34,Male,Bachelor,Married,Government,14200000,37000000,53,0,0,0,8770000,8200000,2960000,4270000,4260000,1050000,520000,1,0,30-39,6643333.333,3193333.333,0.17954955,Low,1,Low,Low
CC102949,29,Female,Diploma,Married,Self-employed,12000000,42000000,65,0,2,2,26830000,12280000,11830000,8530000,2830000,3220000,4500000,3,0,21-29,16980000,4860000,0.404285714,Moderate,2,Moderate,Medium
CC102950,21,Female,High School,Single,Salaried,7400000,31000000,32,2,3,1,7900000,9430000,10800000,550000,350000,1850000,6490000,4,1,21-29,9376666.667,916666.6667,0.302473118,Moderate,2,Moderate,Low
CC102951,23,Female,Bachelor,Married,Contract,6800000,20000000,29,3,0,0,16110000,12240000,14550000,3290000,1790000,3540000,1700000,1,1,21-29,14300000,2873333.333,0.715,High,3,Low,Low
CC102952,39,Female,Diploma,Married,Salaried,8500000,60000000,128,0,0,0,6630000,18240000,8940000,3220000,7970000,4790000,380000,0,0,30-39,11270000,5326666.667,0.187833333,Low,1,No Late Payments,High
CC102953,28,Female,Bachelor,Married,Salaried,8200000,33000000,22,0,0,0,14640000,13490000,9860000,5800000,7300000,9850000,1810000,0,0,21-29,12663333.33,7650000,0.383737374,Moderate,2,No Late Payments,Low
CC102954,51,Female,High School,Single,Government,11100000,31000000,73,0,0,0,19060000,17540000,17040000,6050000,4580000,5200000,1140000,0,0,50-59,17880000,5276666.667,0.576774194,High,3,No Late Payments,Low
CC102955,43,Female,Bachelor,Married,Government,11300000,63000000,88,0,0,0,12330000,14900000,18930000,11150000,14310000,3380000,7160000,0,0,40-49,15386666.67,9613333.333,0.244232804,Low,1,No Late Payments,High
CC102956,46,Female,Bachelor,Single,Contract,14200000,47000000,74,0,0,0,24890000,20440000,18110000,9280000,10590000,6120000,1060000,0,0,40-49,21146666.67,8663333.333,0.449929078,Moderate,2,No Late Payments,Medium
CC102957,48,Male,Bachelor,Married,Government,11500000,49000000,145,0,0,0,25930000,26990000,28640000,22560000,11570000,12010000,780000,0,0,40-49,27186666.67,15380000,0.554829932,High,3,No Late Payments,Medium
CC102958,45,Female,Diploma,Other,Self-employed,9600000,42000000,174,3,3,3,25120000,25930000,23310000,3400000,1800000,7010000,2120000,3,1,40-49,24786666.67,4070000,0.59015873,High,3,Moderate,Medium
CC102959,32,Female,Bachelor,Married,Contract,6900000,44000000,63,0,0,0,19780000,24960000,17440000,10970000,20090000,5150000,6680000,0,0,30-39,20726666.67,12070000,0.471060606,Moderate,2,No Late Payments,Medium
CC102960,41,Female,Bachelor,Married,Salaried,18000000,57000000,107,0,0,0,21160000,8560000,18360000,7040000,2190000,18610000,580000,0,0,40-49,16026666.67,9280000,0.281169591,Moderate,2,No Late Payments,Medium
CC102961,40,Male,Diploma,Married,Salaried,10000000,34000000,72,0,0,0,24280000,26010000,21130000,6920000,10520000,4860000,1040000,0,0,40-49,23806666.67,7433333.333,0.700196078,High,3,No Late Payments,Low
CC102962,21,Female,Bachelor,Single,Contract,8300000,42000000,8,1,1,0,33450000,36120000,31230000,15840000,7100000,6880000,870000,2,1,21-29,33600000,9940000,0.8,Very High,4,Low,Medium
CC102963,30,Female,Bachelor,Married,Other,11300000,41000000,52,0,0,0,16530000,17120000,15810000,16710000,4690000,14920000,2820000,0,0,30-39,16486666.67,12106666.67,0.402113821,Moderate,2,No Late Payments,Medium
CC102964,39,Male,High School,Married,Other,5000000,25000000,140,0,0,0,13030000,15270000,13380000,3830000,13930000,5340000,1710000,1,0,30-39,13893333.33,7700000,0.555733333,High,3,Low,Low
CC102965,32,Female,High School,Married,Government,6800000,32000000,64,0,0,0,7070000,4200000,11600000,1380000,1550000,1320000,1590000,1,0,30-39,7623333.333,1416666.667,0.238229167,Low,1,Low,Low
CC102966,26,Female,Diploma,Married,Salaried,5000000,20000000,11,0,0,0,1260000,1480000,0,370000,790000,0,970000,0,0,21-29,913333.3333,386666.6667,0.045666667,Low,1,No Late Payments,Low
CC102967,50,Female,Diploma,Married,Contract,8700000,42000000,230,0,0,0,19790000,21210000,11970000,7350000,8050000,5390000,1950000,1,0,50-59,17656666.67,6930000,0.420396825,Moderate,2,Low,Medium
CC102968,33,Female,Bachelor,Married,Other,9300000,53000000,96,0,0,0,18410000,14610000,12580000,10090000,8600000,6640000,990000,0,0,30-39,15200000,8443333.333,0.286792453,Moderate,2,No Late Payments,Medium
CC102969,30,Female,Bachelor,Single,Salaried,14600000,36000000,66,0,0,0,5170000,5450000,9860000,670000,1810000,2310000,110000,0,0,30-39,6826666.667,1596666.667,0.18962963,Low,1,No Late Payments,Low
CC102970,38,Male,Diploma,Married,Salaried,5500000,30000000,74,0,0,0,7120000,7200000,5530000,1750000,6330000,1490000,2810000,2,0,30-39,6616666.667,3190000,0.220555556,Low,1,Low,Low
CC102971,39,Female,Bachelor,Married,Other,8700000,41000000,79,0,0,0,17770000,19240000,19030000,8800000,7390000,10080000,2010000,0,0,30-39,18680000,8756666.667,0.455609756,Moderate,2,No Late Payments,Medium
CC102972,30,Female,High School,Married,Salaried,5500000,24000000,3,3,3,3,7350000,6610000,9940000,1040000,500000,430000,1920000,4,1,30-39,7966666.667,656666.6667,0.331944444,Moderate,2,Moderate,Low
CC102973,40,Female,Diploma,Single,Government,13800000,97000000,131,0,3,0,78020000,77800000,82530000,43050000,16600000,27640000,4690000,2,0,40-49,79450000,29096666.67,0.819072165,Very High,4,Low,High
CC102974,22,Female,Postgraduate,Single,Contract,7100000,33000000,43,0,0,0,11140000,9330000,14720000,3490000,7570000,3840000,2020000,0,0,21-29,11730000,4966666.667,0.355454545,Moderate,2,No Late Payments,Low
CC102975,47,Female,High School,Married,Other,7300000,37000000,177,0,0,0,20740000,18710000,19160000,6400000,9220000,10550000,1210000,0,0,40-49,19536666.67,8723333.333,0.528018018,High,3,No Late Payments,Low
CC102976,29,Male,High School,Single,Government,9700000,56000000,48,0,0,0,7290000,12670000,13430000,3700000,5160000,4850000,9820000,0,0,21-29,11130000,4570000,0.19875,Low,1,No Late Payments,Medium
CC102977,44,Female,Diploma,Married,Self-employed,20400000,110000000,195,0,2,0,49640000,31870000,33630000,41590000,3830000,8700000,3270000,1,0,40-49,38380000,18040000,0.348909091,Moderate,2,Low,Very High
CC102978,21,Male,Bachelor,Single,Salaried,9800000,55000000,29,3,0,0,28270000,33030000,25140000,960000,4630000,6990000,5600000,1,0,21-29,28813333.33,4193333.333,0.523878788,High,3,Low,Medium
CC102979,21,Male,Bachelor,Married,Salaried,9700000,30000000,10,0,0,0,14700000,8920000,12090000,14520000,7360000,4740000,690000,1,0,21-29,11903333.33,8873333.333,0.396777778,Moderate,2,Low,Low
CC102980,33,Female,Diploma,Married,Government,7300000,32000000,69,0,0,0,22630000,21170000,22010000,3800000,5420000,6150000,3910000,0,0,30-39,21936666.67,5123333.333,0.685520833,High,3,No Late Payments,Low
CC102981,33,Male,Bachelor,Married,Salaried,8700000,39000000,53,0,0,0,11250000,10550000,9200000,4640000,10760000,3960000,1260000,0,0,30-39,10333333.33,6453333.333,0.264957265,Moderate,2,No Late Payments,Low
CC102982,42,Male,Bachelor,Married,Salaried,13100000,45000000,102,1,1,0,28840000,30180000,32970000,3470000,6410000,30350000,1550000,2,0,40-49,30663333.33,13410000,0.681407407,High,3,Low,Medium
CC102983,36,Male,Diploma,Married,Salaried,9000000,44000000,72,0,0,0,14240000,14070000,21690000,5420000,7680000,8020000,990000,0,0,30-39,16666666.67,7040000,0.378787879,Moderate,2,No Late Payments,Medium
CC102984,42,Male,Diploma,Married,Salaried,10700000,50000000,153,0,0,1,15160000,16920000,21060000,4920000,15190000,6260000,550000,1,1,40-49,17713333.33,8790000,0.354266667,Moderate,2,Low,Medium
CC102985,29,Female,Bachelor,Married,Contract,7800000,20000000,46,0,2,0,11730000,9020000,10720000,5100000,1850000,5390000,430000,1,1,21-29,10490000,4113333.333,0.5245,High,3,Low,Low
CC102986,50,Male,Bachelor,Married,Salaried,12500000,42000000,89,0,0,2,20560000,27310000,27750000,4570000,3360000,760000,940000,3,0,50-59,25206666.67,2896666.667,0.60015873,High,3,Moderate,Medium
CC102987,24,Female,High School,Married,Contract,6100000,20000000,29,2,3,0,16450000,14100000,12210000,380000,340000,6810000,1620000,2,0,21-29,14253333.33,2510000,0.712666667,High,3,Low,Low
CC102988,30,Male,High School,Single,Salaried,7200000,31000000,110,0,0,0,11940000,12070000,8360000,1940000,5470000,3300000,590000,0,0,30-39,10790000,3570000,0.348064516,Moderate,2,No Late Payments,Low
CC102989,32,Female,Postgraduate,Married,Contract,10400000,42000000,49,0,0,0,8640000,10120000,9660000,5040000,3690000,5880000,1200000,0,0,30-39,9473333.333,4870000,0.225555556,Low,1,No Late Payments,Medium
CC102990,34,Female,Diploma,Married,Self-employed,14200000,60000000,70,2,0,3,45430000,31470000,43930000,7250000,11990000,1170000,5570000,2,0,30-39,40276666.67,6803333.333,0.671277778,High,3,Low,High
CC102991,22,Female,Bachelor,Single,Contract,13500000,53000000,20,0,0,0,21800000,26050000,27280000,5550000,23020000,25720000,1530000,0,0,21-29,25043333.33,18096666.67,0.472515723,Moderate,2,No Late Payments,Medium
CC102992,46,Female,High School,Married,Salaried,17800000,51000000,123,0,0,0,28470000,30180000,19600000,26330000,10490000,6000000,830000,1,0,40-49,26083333.33,14273333.33,0.511437908,High,3,Low,Medium
CC102993,40,Male,High School,Single,Salaried,11700000,33000000,150,1,0,0,12190000,14490000,20480000,3550000,2220000,4330000,950000,2,0,40-49,15720000,3366666.667,0.476363636,Moderate,2,Low,Low
CC102994,29,Female,High School,Other,Salaried,9600000,38000000,26,0,0,0,6110000,13180000,11090000,2770000,5360000,11360000,320000,0,0,21-29,10126666.67,6496666.667,0.266491228,Moderate,2,No Late Payments,Low
CC102995,40,Female,High School,Married,Salaried,9500000,37000000,101,0,0,0,11900000,10190000,9690000,2700000,2610000,3230000,120000,0,0,40-49,10593333.33,2846666.667,0.286306306,Moderate,2,No Late Payments,Low
CC102996,51,Male,Bachelor,Single,Self-employed,16600000,67000000,100,0,0,0,7060000,14380000,16010000,3010000,14680000,5530000,2900000,0,0,50-59,12483333.33,7740000,0.186318408,Low,1,No Late Payments,High
CC102997,49,Male,High School,Married,Other,7600000,35000000,193,0,0,0,25560000,21950000,20390000,9670000,1590000,19900000,2600000,0,1,40-49,22633333.33,10386666.67,0.646666667,High,3,No Late Payments,Low
CC102998,53,Male,Bachelor,Married,Self-employed,17600000,103000000,219,1,0,0,64460000,64670000,68470000,17980000,26960000,10780000,4850000,1,0,50-59,65866666.67,18573333.33,0.639482201,High,3,Low,Very High
CC102999,37,Female,High School,Married,Salaried,8700000,65000000,101,0,0,0,10860000,12740000,5690000,8890000,5070000,5910000,1380000,0,0,30-39,9763333.333,6623333.333,0.150205128,Low,1,No Late Payments,High
CC103000,40,Male,Diploma,Married,Other,5100000,27000000,169,0,0,0,400000,2740000,3760000,400000,2230000,1030000,1150000,0,0,40-49,2300000,1220000,0.085185185,Low,1,No Late Payments,Low
CC103001,44,Male,Bachelor,Married,Contract,10900000,48000000,149,0,0,0,10190000,5350000,17130000,2780000,1350000,4020000,2690000,0,0,40-49,10890000,2716666.667,0.226875,Low,1,No Late Payments,Medium
CC103002,25,Female,High School,Married,Salaried,6100000,39000000,24,0,0,0,4010000,8440000,8850000,1650000,2570000,7480000,2050000,1,0,21-29,7100000,3900000,0.182051282,Low,1,Low,Low
CC103003,41,Male,Diploma,Other,Salaried,9400000,44000000,91,0,0,0,12590000,11230000,12630000,6140000,5600000,3000000,1430000,0,0,40-49,12150000,4913333.333,0.276136364,Moderate,2,No Late Payments,Medium
CC103004,33,Male,High School,Married,Other,5800000,36000000,41,0,0,0,15480000,12970000,18930000,13450000,4310000,4600000,3660000,0,0,30-39,15793333.33,7453333.333,0.438703704,Moderate,2,No Late Payments,Low
CC103005,37,Male,Bachelor,Single,Contract,14900000,27000000,103,2,0,0,8860000,8030000,9000000,470000,520000,4960000,1110000,1,0,30-39,8630000,1983333.333,0.31962963,Moderate,2,Low,Low
CC103006,31,Male,High School,Married,Salaried,7300000,42000000,92,0,1,0,11990000,8490000,15000000,3050000,1980000,7750000,2970000,1,0,30-39,11826666.67,4260000,0.281587302,Moderate,2,Low,Medium
CC103007,39,Male,Bachelor,Married,Government,14700000,49000000,79,0,0,0,15350000,18710000,18090000,5910000,1570000,8240000,2080000,1,0,30-39,17383333.33,5240000,0.354761905,Moderate,2,Low,Medium
CC103008,45,Male,Postgraduate,Married,Self-employed,23200000,100000000,90,1,1,0,36550000,30860000,28220000,6970000,7710000,26890000,4810000,2,0,40-49,31876666.67,13856666.67,0.318766667,Moderate,2,Low,Very High
CC103009,35,Male,High School,Single,Self-employed,5100000,29000000,42,0,3,1,23830000,24630000,21110000,7490000,3030000,2830000,3310000,3,1,30-39,23190000,4450000,0.799655172,Very High,4,Moderate,Low
CC103010,44,Female,Diploma,Other,Other,5000000,20000000,81,3,2,2,10400000,11700000,13480000,420000,1670000,980000,1260000,4,1,40-49,11860000,1023333.333,0.593,High,3,Moderate,Low
CC103011,45,Male,High School,Single,Salaried,8500000,54000000,151,0,0,0,13970000,14320000,6910000,6800000,2410000,3590000,340000,0,0,40-49,11733333.33,4266666.667,0.217283951,Low,1,No Late Payments,Medium
CC103012,47,Female,High School,Married,Salaried,5400000,39000000,111,0,0,0,16170000,13790000,11690000,14910000,5820000,9880000,380000,1,0,40-49,13883333.33,10203333.33,0.355982906,Moderate,2,Low,Low
CC103013,38,Male,Diploma,Married,Salaried,15800000,44000000,90,0,0,0,18220000,16370000,11680000,15870000,7380000,10400000,1500000,1,0,30-39,15423333.33,11216666.67,0.350530303,Moderate,2,Low,Medium
CC103014,42,Male,Bachelor,Married,Self-employed,18500000,70000000,128,0,0,0,12600000,10860000,22670000,2990000,1700000,11880000,620000,0,0,40-49,15376666.67,5523333.333,0.219666667,Low,1,No Late Payments,High
CC103015,26,Male,Diploma,Single,Salaried,9500000,30000000,26,0,0,0,10570000,9650000,10790000,3950000,4280000,9980000,110000,0,0,21-29,10336666.67,6070000,0.344555556,Moderate,2,No Late Payments,Low
CC103016,43,Female,Diploma,Married,Salaried,9900000,43000000,114,2,0,0,11600000,13230000,18250000,830000,4090000,18560000,2370000,1,0,40-49,14360000,7826666.667,0.333953488,Moderate,2,Low,Medium
CC103017,42,Female,Diploma,Other,Salaried,8900000,42000000,116,0,0,0,19370000,25980000,23950000,8100000,14520000,6750000,1550000,1,0,40-49,23100000,9790000,0.55,High,3,Low,Medium
CC103018,56,Male,Bachelor,Married,Salaried,14200000,36000000,69,0,0,0,20950000,23770000,20230000,4920000,3990000,5690000,1070000,0,0,50-59,21650000,4866666.667,0.601388889,High,3,No Late Payments,Low
CC103019,35,Male,Bachelor,Single,Self-employed,11300000,61000000,107,0,0,0,4210000,1270000,0,1550000,930000,0,1500000,0,0,30-39,1826666.667,826666.6667,0.029945355,Low,1,No Late Payments,High
CC103020,28,Female,High School,Other,Self-employed,11900000,36000000,27,0,0,0,8710000,13150000,13810000,2080000,4880000,3840000,4340000,1,1,21-29,11890000,3600000,0.330277778,Moderate,2,Low,Low
CC103021,46,Female,Diploma,Single,Salaried,12400000,59000000,72,0,0,0,40780000,40490000,37030000,4490000,18070000,4800000,1410000,1,0,40-49,39433333.33,9120000,0.668361582,High,3,Low,Medium
CC103022,33,Male,High School,Married,Salaried,8500000,43000000,104,0,0,0,22830000,30570000,25760000,3560000,31600000,7930000,90000,1,0,30-39,26386666.67,14363333.33,0.613643411,High,3,Low,Medium
CC103023,45,Female,Bachelor,Single,Government,9400000,49000000,115,3,2,0,35870000,36680000,41780000,1150000,3230000,11270000,2130000,3,1,40-49,38110000,5216666.667,0.777755102,Very High,4,Moderate,Medium
CC103024,21,Male,High School,Single,Self-employed,5000000,27000000,27,0,0,1,7820000,5250000,8560000,6420000,560000,3270000,1150000,1,0,21-29,7210000,3416666.667,0.267037037,Moderate,2,Low,Low
CC103025,39,Female,Diploma,Single,Salaried,10400000,48000000,89,0,0,0,13060000,16310000,20510000,6020000,5450000,8810000,380000,0,0,30-39,16626666.67,6760000,0.346388889,Moderate,2,No Late Payments,Medium
CC103026,44,Female,Bachelor,Other,Government,13300000,43000000,75,0,0,0,140000,450000,550000,140000,450000,550000,100000,0,0,40-49,380000,380000,0.008837209,Low,1,No Late Payments,Medium
CC103027,28,Female,Bachelor,Single,Government,13600000,68000000,40,0,0,0,25070000,15630000,21960000,6580000,6530000,7640000,7560000,0,0,21-29,20886666.67,6916666.667,0.307156863,Moderate,2,No Late Payments,High
CC103028,55,Male,Bachelor,Married,Salaried,11000000,45000000,240,0,0,0,240000,3720000,2470000,240000,3880000,1200000,2491433,1,0,50-59,2143333.333,1773333.333,0.04762963,Low,1,Low,Medium
CC103029,24,Female,Diploma,Married,Contract,8700000,40000000,31,0,0,0,20890000,19320000,24260000,5080000,6770000,9280000,3410000,0,1,21-29,21490000,7043333.333,0.53725,High,3,No Late Payments,Medium
CC103030,47,Female,Diploma,Married,Salaried,18200000,65000000,67,0,0,0,32490000,27040000,25350000,13640000,12340000,25630000,480000,2,0,40-49,28293333.33,17203333.33,0.435282051,Moderate,2,Low,High
CC103031,28,Female,Postgraduate,Married,Self-employed,11300000,64000000,61,0,0,0,13260000,11880000,27550000,2580000,4330000,16750000,1300000,0,0,21-29,17563333.33,7886666.667,0.274427083,Moderate,2,No Late Payments,High
CC103032,34,Male,Bachelor,Single,Salaried,12300000,48000000,78,0,0,0,8610000,8120000,11420000,8720000,2220000,10930000,2220000,0,0,30-39,9383333.333,7290000,0.195486111,Low,1,No Late Payments,Medium
CC103033,34,Female,High School,Married,Salaried,14900000,93000000,60,0,0,0,8010000,25560000,21260000,2480000,9580000,4240000,9380000,1,0,30-39,18276666.67,5433333.333,0.196523297,Low,1,Low,High
CC103034,53,Female,Postgraduate,Married,Contract,15500000,91000000,173,0,0,0,17310000,15740000,18490000,7190000,4830000,7040000,360000,0,0,50-59,17180000,6353333.333,0.188791209,Low,1,No Late Payments,High
CC103035,39,Male,High School,Single,Contract,8400000,44000000,63,2,0,1,2620000,11920000,9180000,920000,3480000,810000,1550000,2,0,30-39,7906666.667,1736666.667,0.17969697,Low,1,Low,Medium
CC103036,36,Male,High School,Married,Self-employed,11400000,36000000,46,0,0,0,31240000,28860000,25410000,7360000,14990000,13130000,3420000,1,0,30-39,28503333.33,11826666.67,0.791759259,Very High,4,Low,Low
CC103037,35,Male,Bachelor,Married,Salaried,11300000,60000000,83,1,1,0,19150000,25020000,22870000,5030000,4440000,22740000,3500000,3,0,30-39,22346666.67,10736666.67,0.372444444,Moderate,2,Moderate,High
CC103038,32,Female,Bachelor,Married,Salaried,12600000,63000000,76,0,0,0,25500000,24480000,21520000,21350000,8130000,7120000,1620000,0,0,30-39,23833333.33,12200000,0.378306878,Moderate,2,No Late Payments,High
CC103039,49,Female,High School,Married,Salaried,8000000,27000000,101,0,0,0,17870000,17330000,18160000,4600000,17140000,6010000,1850000,0,0,40-49,17786666.67,9250000,0.658765432,High,3,No Late Payments,Low
CC103040,49,Female,High School,Married,Contract,10600000,60000000,145,2,0,0,35700000,41000000,32710000,5640000,13190000,7670000,3050000,1,1,40-49,36470000,8833333.333,0.607833333,High,3,Low,High
CC103041,30,Male,Diploma,Married,Salaried,10100000,39000000,44,0,0,0,25160000,23770000,19270000,22580000,7170000,16910000,260000,0,0,30-39,22733333.33,15553333.33,0.582905983,High,3,No Late Payments,Low
CC103042,28,Female,Bachelor,Married,Salaried,5400000,20000000,23,0,0,0,10930000,11550000,13640000,3750000,3420000,2870000,1500000,0,0,21-29,12040000,3346666.667,0.602,High,3,No Late Payments,Low
CC103043,43,Female,Diploma,Other,Salaried,12100000,61000000,123,0,0,0,20870000,22460000,22890000,6730000,6140000,6330000,1570000,1,0,40-49,22073333.33,6400000,0.361857923,Moderate,2,Low,High
CC103044,36,Male,Diploma,Married,Salaried,13200000,55000000,82,0,0,0,36520000,37210000,31250000,1150000,19150000,6750000,1560000,0,0,30-39,34993333.33,9016666.667,0.636242424,High,3,No Late Payments,Medium
CC103045,40,Male,Diploma,Single,Government,9000000,35000000,97,0,0,0,16750000,19340000,22880000,5150000,4000000,9130000,1810000,0,0,40-49,19656666.67,6093333.333,0.561619048,High,3,No Late Payments,Low
CC103046,44,Male,High School,Married,Salaried,7200000,20000000,177,2,0,0,5250000,7290000,8390000,1260000,3370000,1290000,930000,1,0,40-49,6976666.667,1973333.333,0.348833333,Moderate,2,Low,Low
CC103047,36,Male,Bachelor,Single,Contract,11200000,80000000,136,0,0,0,10380000,19150000,3340000,4620000,8760000,1410000,4040000,0,0,30-39,10956666.67,4930000,0.136958333,Low,1,No Late Payments,High
CC103048,32,Female,Diploma,Married,Salaried,9200000,41000000,59,0,0,0,7920000,9320000,3280000,5540000,4630000,1200000,490000,0,0,30-39,6840000,3790000,0.166829268,Low,1,No Late Payments,Medium
CC103049,36,Female,Diploma,Single,Salaried,11900000,52000000,64,0,0,2,26100000,32090000,38580000,2280000,5920000,13560000,2410000,1,0,30-39,32256666.67,7253333.333,0.620320513,High,3,Low,Medium
CC103050,21,Male,High School,Single,Government,7100000,36000000,7,0,0,0,13870000,14870000,15710000,7100000,5330000,4470000,1260000,0,0,21-29,14816666.67,5633333.333,0.411574074,Moderate,2,No Late Payments,Low
CC103051,36,Female,High School,Single,Salaried,7700000,31000000,132,0,2,0,10430000,11060000,13190000,4230000,2060000,11180000,2710000,3,1,30-39,11560000,5823333.333,0.372903226,Moderate,2,Moderate,Low
CC103052,41,Female,Bachelor,Single,Contract,8800000,36000000,110,0,0,2,26290000,29350000,28690000,7360000,11540000,770000,8270000,1,0,40-49,28110000,6556666.667,0.780833333,Very High,4,Low,Low
CC103053,55,Male,Bachelor,Married,Salaried,12200000,46000000,240,1,0,0,16810000,14680000,25490000,5400000,6890000,4850000,430000,1,0,50-59,18993333.33,5713333.333,0.412898551,Moderate,2,Low,Medium
CC103054,21,Female,Bachelor,Single,Other,9700000,41000000,10,0,2,3,29680000,27560000,27560000,8300000,840000,4810000,2200000,2,0,21-29,28266666.67,4650000,0.689430894,High,3,Low,Medium
CC103055,34,Female,Diploma,Married,Government,11700000,80000000,76,2,0,1,45000000,50240000,50030000,2690000,9060000,15440000,2970000,2,1,30-39,48423333.33,9063333.333,0.605291667,High,3,Low,High
CC103056,46,Female,Bachelor,Other,Salaried,11100000,46000000,113,0,0,0,22110000,18370000,24820000,9810000,3820000,11620000,480000,0,0,40-49,21766666.67,8416666.667,0.473188406,Moderate,2,No Late Payments,Medium
CC103057,58,Male,Diploma,Other,Government,17300000,97000000,123,0,0,1,25850000,30890000,42230000,6200000,16370000,18860000,3430000,1,0,50-59,32990000,13810000,0.340103093,Moderate,2,Low,High
CC103058,28,Female,Bachelor,Single,Government,10500000,42000000,58,0,0,0,13120000,10650000,8350000,6630000,3240000,6960000,360000,0,0,21-29,10706666.67,5610000,0.254920635,Moderate,2,No Late Payments,Medium
CC103059,23,Female,Diploma,Married,Salaried,5000000,20000000,47,0,0,2,3840000,4090000,5930000,1590000,2200000,1160000,170000,2,0,21-29,4620000,1650000,0.231,Low,1,Low,Low
CC103060,34,Male,Postgraduate,Single,Salaried,13200000,48000000,116,0,0,0,10340000,14460000,10580000,7060000,8650000,3770000,1630000,0,0,30-39,11793333.33,6493333.333,0.245694444,Low,1,No Late Payments,Medium
CC103061,21,Female,Bachelor,Single,Government,6300000,22000000,13,0,0,0,8280000,7680000,8170000,7590000,7400000,4910000,560000,0,0,21-29,8043333.333,6633333.333,0.365606061,Moderate,2,No Late Payments,Low
CC103062,47,Female,Bachelor,Other,Salaried,17000000,90000000,137,3,0,0,36680000,39670000,30500000,1290000,9510000,14670000,8030000,1,1,40-49,35616666.67,8490000,0.395740741,Moderate,2,Low,High
CC103063,29,Female,High School,Single,Self-employed,6000000,24000000,10,2,2,0,16070000,17960000,9260000,4080000,760000,1000000,1630000,2,0,21-29,14430000,1946666.667,0.60125,High,3,Low,Low
CC103064,34,Male,Bachelor,Single,Contract,10000000,40000000,119,0,1,0,10660000,17040000,10880000,4870000,3890000,9690000,1630000,1,0,30-39,12860000,6150000,0.3215,Moderate,2,Low,Medium
CC103065,34,Male,Bachelor,Single,Salaried,9900000,62000000,91,2,1,0,24450000,29620000,31470000,900000,7620000,8940000,1400000,3,0,30-39,28513333.33,5820000,0.459892473,Moderate,2,Moderate,High
CC103066,30,Male,Bachelor,Married,Government,13800000,66000000,87,0,0,0,6940000,3820000,12890000,3390000,3200000,5530000,2380000,0,0,30-39,7883333.333,4040000,0.119444444,Low,1,No Late Payments,High
CC103067,33,Female,Diploma,Married,Government,11000000,48000000,70,0,0,0,13390000,18390000,18620000,4390000,5890000,7830000,5510000,0,0,30-39,16800000,6036666.667,0.35,Moderate,2,No Late Payments,Medium
CC103068,36,Male,Bachelor,Married,Salaried,14000000,72000000,105,0,0,0,13340000,10720000,28560000,12140000,2440000,12870000,2760000,0,0,30-39,17540000,9150000,0.243611111,Low,1,No Late Payments,High
CC103069,44,Female,High School,Married,Salaried,11900000,57000000,151,3,1,2,30210000,26270000,31820000,710000,7280000,1000000,3060000,3,1,40-49,29433333.33,2996666.667,0.516374269,High,3,Moderate,Medium
CC103070,25,Female,Postgraduate,Single,Government,12200000,46000000,15,0,0,0,15890000,21190000,24390000,8420000,6640000,10830000,5960000,0,0,21-29,20490000,8630000,0.445434783,Moderate,2,No Late Payments,Medium
CC103071,37,Female,Diploma,Married,Contract,7800000,36000000,123,0,0,0,20930000,22930000,23350000,7580000,5250000,2540000,1290000,0,0,30-39,22403333.33,5123333.333,0.622314815,High,3,No Late Payments,Low
CC103072,52,Female,Diploma,Married,Other,7900000,28000000,216,0,0,0,3580000,5400000,2890000,1640000,4810000,400000,2410000,0,0,50-59,3956666.667,2283333.333,0.141309524,Low,1,No Late Payments,Low
CC103073,21,Male,Diploma,Single,Contract,5700000,27000000,7,3,3,3,10470000,11980000,11310000,1600000,530000,300000,2130000,5,1,21-29,11253333.33,810000,0.416790123,Moderate,2,High,Low
CC103074,36,Male,Bachelor,Married,Salaried,11900000,73000000,89,0,0,0,34950000,41010000,37400000,11890000,17900000,15840000,1060000,0,0,30-39,37786666.67,15210000,0.517625571,High,3,No Late Payments,High
CC103075,32,Female,Bachelor,Married,Self-employed,13600000,32000000,66,0,0,0,15410000,18240000,8210000,3310000,18470000,8390000,1080000,0,0,30-39,13953333.33,10056666.67,0.436041667,Moderate,2,No Late Payments,Low
CC103076,32,Male,Bachelor,Single,Other,9800000,27000000,32,0,0,0,11060000,10250000,6540000,4470000,2780000,5880000,0,0,0,30-39,9283333.333,4376666.667,0.34382716,Moderate,2,No Late Payments,Low
CC103077,28,Male,Postgraduate,Married,Salaried,9500000,47000000,71,0,0,0,3650000,6350000,9440000,1380000,3680000,4740000,1090000,0,0,21-29,6480000,3266666.667,0.13787234,Low,1,No Late Payments,Medium
CC103078,56,Male,Postgraduate,Married,Salaried,22000000,101000000,201,0,0,0,40350000,34820000,50730000,15260000,13330000,25120000,3700000,1,0,50-59,41966666.67,17903333.33,0.415511551,Moderate,2,Low,Very High
CC103079,44,Male,Diploma,Other,Self-employed,14300000,74000000,112,2,2,1,31190000,43270000,34910000,3540000,1400000,1260000,4440000,3,1,40-49,36456666.67,2066666.667,0.492657658,Moderate,2,Moderate,High
CC103080,52,Male,High School,Married,Salaried,18600000,99000000,195,0,0,0,50350000,52570000,61040000,13670000,21670000,23820000,1840000,0,1,50-59,54653333.33,19720000,0.552053872,High,3,No Late Payments,High
CC103081,55,Male,High School,Married,Self-employed,16100000,67000000,239,2,0,0,38300000,33000000,41010000,790000,27510000,9750000,950000,1,0,50-59,37436666.67,12683333.33,0.558756219,High,3,Low,High
CC103082,32,Male,Diploma,Single,Salaried,8300000,22000000,97,0,0,0,10760000,6640000,6850000,4120000,6710000,1780000,560000,0,0,30-39,8083333.333,4203333.333,0.367424242,Moderate,2,No Late Payments,Low
CC103083,52,Male,High School,Married,Salaried,12600000,47000000,73,0,0,0,4070000,1920000,11110000,1980000,1760000,10700000,1130000,1,0,50-59,5700000,4813333.333,0.121276596,Low,1,Low,Medium
CC103084,21,Male,High School,Single,Other,5300000,20000000,14,3,3,0,14840000,15010000,15250000,1030000,250000,12690000,940000,2,1,21-29,15033333.33,4656666.667,0.751666667,Very High,4,Low,Low
CC103085,21,Female,Bachelor,Single,Contract,6000000,20000000,49,0,0,0,6170000,8240000,7200000,1510000,2660000,2450000,1590000,0,0,21-29,7203333.333,2206666.667,0.360166667,Moderate,2,No Late Payments,Low
CC103086,40,Male,High School,Single,Other,5000000,27000000,139,0,0,0,21400000,20790000,17710000,6790000,4400000,5970000,630000,0,0,40-49,19966666.67,5720000,0.739506173,High,3,No Late Payments,Low
CC103087,25,Female,High School,Single,Self-employed,11700000,45000000,52,0,0,0,13340000,10620000,12100000,11880000,5290000,6100000,460000,1,0,21-29,12020000,7756666.667,0.267111111,Moderate,2,Low,Medium
CC103088,26,Female,Bachelor,Single,Self-employed,14800000,72000000,27,0,0,0,0,3040000,10020000,0,1460000,5420000,3600000,0,0,21-29,4353333.333,2293333.333,0.060462963,Low,1,No Late Payments,High
CC103089,37,Female,High School,Married,Salaried,12700000,59000000,60,3,3,3,67370000,60620000,58990000,9170000,1260000,940000,7430000,5,1,30-39,62326666.67,3790000,1.056384181,Over Limit,5,High,Medium
CC103090,42,Male,Bachelor,Married,Salaried,10000000,36000000,75,0,0,0,26930000,24750000,27840000,23500000,3380000,3120000,1220000,0,0,40-49,26506666.67,10000000,0.736296296,High,3,No Late Payments,Low
CC103091,48,Male,Postgraduate,Married,Salaried,19500000,139000000,173,0,0,0,89310000,56140000,54350000,36520000,46600000,16300000,8920000,0,0,40-49,66600000,33140000,0.479136691,Moderate,2,No Late Payments,Very High
CC103092,23,Male,Bachelor,Single,Government,8300000,44000000,44,0,0,0,9490000,17180000,11250000,4220000,16900000,6750000,1450000,0,0,21-29,12640000,9290000,0.287272727,Moderate,2,No Late Payments,Medium
CC103093,55,Male,Diploma,Married,Salaried,14600000,94000000,240,0,0,0,53510000,58650000,83300000,13760000,50850000,23660000,6950000,0,0,50-59,65153333.33,29423333.33,0.693120567,High,3,No Late Payments,High
CC103094,41,Male,Diploma,Married,Government,11700000,65000000,51,0,0,0,46330000,42340000,42660000,43540000,16430000,35210000,5850000,0,0,40-49,43776666.67,31726666.67,0.673487179,High,3,No Late Payments,High
CC103095,38,Female,Postgraduate,Married,Salaried,11300000,74000000,79,0,0,0,29780000,15480000,17700000,11730000,6180000,16200000,3610000,0,0,30-39,20986666.67,11370000,0.283603604,Moderate,2,No Late Payments,High
CC103096,36,Male,Bachelor,Married,Other,7700000,30000000,83,2,0,0,21890000,15240000,12810000,2110000,6330000,2120000,1560000,1,1,30-39,16646666.67,3520000,0.554888889,High,3,Low,Low
CC103097,44,Female,Bachelor,Single,Salaried,8200000,32000000,127,0,0,0,6760000,10750000,8710000,1890000,4470000,2320000,610000,0,0,40-49,8740000,2893333.333,0.273125,Moderate,2,No Late Payments,Low
CC103098,23,Female,Diploma,Married,Salaried,7300000,35000000,38,0,0,1,16600000,14880000,8580000,7480000,6640000,1850000,1880000,1,0,21-29,13353333.33,5323333.333,0.38152381,Moderate,2,Low,Low
CC103099,22,Male,Diploma,Single,Salaried,7600000,38000000,24,2,2,0,18440000,20250000,22000000,3830000,790000,5100000,1440000,2,1,21-29,20230000,3240000,0.532368421,High,3,Low,Low
CC103100,33,Female,Bachelor,Married,Salaried,11000000,77000000,102,1,0,0,23850000,18910000,25520000,3110000,6680000,23110000,7880000,1,0,30-39,22760000,10966666.67,0.295584416,Moderate,2,Low,High
CC103101,38,Male,Diploma,Married,Salaried,9200000,50000000,56,0,0,0,8570000,17570000,23640000,5460000,9260000,19540000,3340000,0,0,30-39,16593333.33,11420000,0.331866667,Moderate,2,No Late Payments,Medium
CC103102,31,Female,High School,Married,Salaried,6800000,20000000,51,2,0,0,10010000,13030000,9600000,3140000,2940000,8690000,1610000,2,0,30-39,10880000,4923333.333,0.544,High,3,Low,Low
CC103103,34,Female,Bachelor,Single,Contract,21300000,68000000,96,3,3,3,41350000,44800000,33730000,1450000,1380000,1140000,7370000,3,1,30-39,39960000,1323333.333,0.587647059,High,3,Moderate,High
CC103104,28,Male,Postgraduate,Married,Salaried,7900000,37000000,99,0,0,1,24860000,14410000,11520000,6490000,4510000,3530000,1350000,3,0,21-29,16930000,4843333.333,0.457567568,Moderate,2,Moderate,Low
CC103105,52,Male,Bachelor,Married,Self-employed,18900000,108000000,165,0,0,0,12320000,34910000,43940000,3370000,22250000,11510000,1230000,0,0,50-59,30390000,12376666.67,0.281388889,Moderate,2,No Late Payments,Very High
CC103106,25,Male,Bachelor,Other,Self-employed,10200000,26000000,56,0,0,0,11700000,11450000,12710000,5660000,4730000,7190000,320000,0,0,21-29,11953333.33,5860000,0.45974359,Moderate,2,No Late Payments,Low
CC103107,21,Female,Bachelor,Single,Salaried,5000000,20000000,36,0,0,0,8830000,5660000,4320000,1610000,910000,1430000,650000,0,0,21-29,6270000,1316666.667,0.3135,Moderate,2,No Late Payments,Low
CC103108,41,Female,High School,Married,Other,12500000,62000000,169,3,3,0,44720000,41190000,39430000,860000,1050000,20030000,5120000,2,1,40-49,41780000,7313333.333,0.673870968,High,3,Low,High
CC103109,37,Male,Diploma,Single,Self-employed,8000000,39000000,61,0,0,0,12690000,14250000,15750000,4610000,3580000,7140000,460000,0,0,30-39,14230000,5110000,0.364871795,Moderate,2,No Late Payments,Low
CC103110,38,Male,Bachelor,Single,Self-employed,11100000,42000000,92,0,0,0,22310000,32850000,22820000,8670000,11370000,23650000,4280000,0,0,30-39,25993333.33,14563333.33,0.618888889,High,3,No Late Payments,Medium
CC103111,26,Male,Bachelor,Single,Government,11200000,28000000,41,0,0,0,22160000,18840000,25050000,8890000,5670000,5680000,790000,0,0,21-29,22016666.67,6746666.667,0.786309524,Very High,4,No Late Payments,Low
CC103112,43,Female,High School,Married,Salaried,12200000,42000000,105,0,1,0,15610000,9700000,10940000,8560000,2670000,4830000,1160000,1,0,40-49,12083333.33,5353333.333,0.287698413,Moderate,2,Low,Medium
CC103113,23,Female,Bachelor,Single,Salaried,10800000,41000000,49,0,0,0,8340000,10950000,19660000,6790000,3920000,7100000,1430000,0,0,21-29,12983333.33,5936666.667,0.316666667,Moderate,2,No Late Payments,Medium
CC103114,31,Female,Postgraduate,Married,Self-employed,18100000,83000000,61,0,0,0,21330000,15390000,13970000,10220000,5660000,4090000,3510000,0,0,30-39,16896666.67,6656666.667,0.203574297,Low,1,No Late Payments,High
CC103115,24,Male,Bachelor,Married,Contract,9600000,22000000,28,0,0,0,2230000,4320000,3520000,1050000,3620000,1870000,1640000,0,0,21-29,3356666.667,2180000,0.152575758,Low,1,No Late Payments,Low
CC103116,39,Male,Postgraduate,Single,Government,17900000,63000000,70,0,0,0,23170000,26260000,21590000,9910000,11850000,8980000,1700000,0,0,30-39,23673333.33,10246666.67,0.375767196,Moderate,2,No Late Payments,High
CC103117,53,Male,Diploma,Married,Government,11600000,81000000,205,0,0,0,9090000,22460000,25870000,2160000,6110000,11170000,4930000,0,0,50-59,19140000,6480000,0.236296296,Low,1,No Late Payments,High
CC103118,30,Female,Bachelor,Married,Salaried,7000000,20000000,56,0,0,1,10800000,5150000,7900000,4730000,1880000,1970000,2250000,1,0,30-39,7950000,2860000,0.3975,Moderate,2,Low,Low
CC103119,41,Male,Bachelor,Married,Self-employed,11800000,59000000,99,0,1,1,26740000,31210000,32120000,950000,8150000,10070000,2020000,3,0,40-49,30023333.33,6390000,0.508870056,High,3,Moderate,Medium
CC103120,50,Female,Bachelor,Married,Salaried,14100000,68000000,101,0,0,0,48970000,42070000,36140000,16480000,9980000,15070000,1800000,1,0,50-59,42393333.33,13843333.33,0.623431373,High,3,Low,High
CC103121,31,Male,Diploma,Married,Salaried,9900000,30000000,100,2,0,0,17690000,19080000,15000000,1990000,6870000,6190000,2020000,3,0,30-39,17256666.67,5016666.667,0.575222222,High,3,Moderate,Low
CC103122,39,Female,Bachelor,Single,Contract,10300000,47000000,129,0,0,0,12050000,18190000,7980000,2550000,7010000,4490000,3320000,1,0,30-39,12740000,4683333.333,0.27106383,Moderate,2,Low,Medium
CC103123,27,Female,High School,Other,Government,6800000,36000000,59,3,3,3,11800000,13060000,19620000,470000,670000,630000,3230000,3,1,21-29,14826666.67,590000,0.411851852,Moderate,2,Moderate,Low
CC103124,21,Female,Bachelor,Single,Salaried,9200000,38000000,10,0,0,0,4910000,5610000,11120000,1340000,5380000,10110000,770000,1,0,21-29,7213333.333,5610000,0.189824561,Low,1,Low,Low
CC103125,48,Male,Bachelor,Single,Self-employed,11700000,64000000,76,0,0,0,9880000,17620000,6100000,8650000,6500000,1480000,1110000,0,0,40-49,11200000,5543333.333,0.175,Low,1,No Late Payments,High
CC103126,21,Male,Bachelor,Single,Contract,7700000,23000000,3,1,0,0,10200000,10990000,9820000,4130000,3100000,4060000,780000,1,0,21-29,10336666.67,3763333.333,0.44942029,Moderate,2,Low,Low
CC103127,40,Male,High School,Married,Self-employed,15300000,74000000,157,0,0,0,37740000,35660000,39560000,10980000,13440000,16560000,1560000,1,0,40-49,37653333.33,13660000,0.508828829,High,3,Low,High
CC103128,42,Female,High School,Married,Salaried,6200000,39000000,107,3,3,3,20970000,12520000,11480000,1620000,780000,660000,2920000,3,1,40-49,14990000,1020000,0.384358974,Moderate,2,Moderate,Low
CC103129,35,Male,High School,Other,Self-employed,10600000,45000000,60,0,0,0,3970000,5090000,9190000,3950000,2280000,2990000,1420000,0,0,30-39,6083333.333,3073333.333,0.135185185,Low,1,No Late Payments,Medium
CC103130,42,Male,High School,Single,Salaried,8800000,43000000,117,0,0,0,14460000,12120000,12140000,2450000,12440000,10930000,90000,0,0,40-49,12906666.67,8606666.667,0.300155039,Moderate,2,No Late Payments,Medium
CC103131,36,Female,Bachelor,Married,Salaried,14100000,60000000,121,0,0,0,9630000,14740000,22030000,2250000,6600000,6300000,1570000,0,0,30-39,15466666.67,5050000,0.257777778,Moderate,2,No Late Payments,High
CC103132,47,Female,Postgraduate,Married,Other,12300000,51000000,70,0,2,0,27660000,24770000,15930000,8400000,8190000,4030000,3430000,2,0,40-49,22786666.67,6873333.333,0.446797386,Moderate,2,Low,Medium
CC103133,36,Female,Bachelor,Single,Salaried,12600000,53000000,60,0,0,0,0,5000000,5920000,0,2830000,1290000,130000,0,0,30-39,3640000,1373333.333,0.068679245,Low,1,No Late Payments,Medium
CC103134,38,Female,Bachelor,Married,Other,8500000,20000000,58,0,0,0,3270000,2240000,2390000,940000,1000000,910000,580000,0,0,30-39,2633333.333,950000,0.131666667,Low,1,No Late Payments,Low
CC103135,38,Male,Postgraduate,Single,Salaried,15500000,62000000,109,0,0,0,10510000,9800000,20840000,2850000,8780000,1280000,1760000,0,0,30-39,13716666.67,4303333.333,0.221236559,Low,1,No Late Payments,High
CC103136,59,Male,Bachelor,Married,Self-employed,18000000,87000000,160,0,0,0,15660000,23130000,18670000,6370000,10980000,6310000,2900000,0,0,50-59,19153333.33,7886666.667,0.220153257,Low,1,No Late Payments,High
CC103137,40,Female,Bachelor,Married,Contract,11800000,61000000,157,0,0,0,27250000,29460000,23570000,10190000,9660000,5930000,980000,0,0,40-49,26760000,8593333.333,0.438688525,Moderate,2,No Late Payments,High
CC103138,39,Female,Bachelor,Single,Salaried,11200000,39000000,73,0,0,0,24160000,22530000,21310000,11590000,7880000,3020000,1660000,0,0,30-39,22666666.67,7496666.667,0.581196581,High,3,No Late Payments,Low
CC103139,42,Female,High School,Married,Self-employed,12400000,79000000,117,0,0,0,25190000,29980000,23080000,11840000,8330000,14330000,780000,0,0,40-49,26083333.33,11500000,0.330168776,Moderate,2,No Late Payments,High
CC103140,35,Male,Bachelor,Single,Salaried,11500000,60000000,105,3,3,3,52270000,50800000,52390000,1160000,960000,1150000,9520000,4,1,30-39,51820000,1090000,0.863666667,Very High,4,Moderate,High
CC103141,54,Female,Diploma,Married,Self-employed,10800000,74000000,200,1,0,0,28730000,25450000,35290000,2840000,21270000,15000000,2920000,3,0,50-59,29823333.33,13036666.67,0.403018018,Moderate,2,Moderate,High
CC103142,45,Male,Bachelor,Married,Salaried,19100000,132000000,137,0,0,0,19400000,18310000,31590000,6540000,7810000,27990000,790000,0,0,40-49,23100000,14113333.33,0.175,Low,1,No Late Payments,Very High
CC103143,42,Female,Diploma,Other,Contract,6600000,23000000,98,0,0,0,8060000,8350000,7290000,4600000,4020000,2640000,690000,1,0,40-49,7900000,3753333.333,0.343478261,Moderate,2,Low,Low
CC103144,21,Male,High School,Married,Salaried,6400000,28000000,31,0,0,0,15620000,18870000,11630000,6500000,9930000,4360000,580000,0,0,21-29,15373333.33,6930000,0.549047619,High,3,No Late Payments,Low
CC103145,37,Male,Postgraduate,Married,Salaried,11800000,42000000,87,0,1,0,30280000,31720000,28250000,10480000,1880000,6100000,2720000,1,0,30-39,30083333.33,6153333.333,0.716269841,High,3,Low,Medium
CC103146,49,Female,High School,Other,Salaried,11900000,62000000,198,0,0,0,8910000,11760000,18670000,1940000,5840000,5740000,1120000,1,0,40-49,13113333.33,4506666.667,0.211505376,Low,1,Low,High
CC103147,48,Female,Bachelor,Married,Salaried,12900000,56000000,88,2,0,0,40520000,40040000,35230000,4410000,14030000,12090000,2240000,1,0,40-49,38596666.67,10176666.67,0.68922619,High,3,Low,Medium
CC103148,29,Female,High School,Single,Salaried,6300000,20000000,54,0,0,0,1070000,1540000,5980000,400000,650000,4110000,430000,0,0,21-29,2863333.333,1720000,0.143166667,Low,1,No Late Payments,Low
CC103149,41,Female,Diploma,Married,Salaried,14300000,85000000,161,0,0,0,44590000,51040000,44640000,23990000,15360000,16330000,4500000,1,0,40-49,46756666.67,18560000,0.550078431,High,3,Low,High
CC103150,40,Male,Bachelor,Married,Self-employed,13800000,46000000,62,0,0,0,22760000,25010000,27080000,5230000,8440000,10060000,2570000,1,0,40-49,24950000,7910000,0.542391304,High,3,Low,Medium
CC103151,26,Male,High School,Married,Self-employed,14200000,77000000,56,0,1,0,43370000,45490000,37240000,27220000,11670000,32600000,1750000,1,0,21-29,42033333.33,23830000,0.545887446,High,3,Low,High
CC103152,40,Female,High School,Married,Salaried,5800000,21000000,104,0,0,0,8450000,7420000,7480000,2680000,3330000,3430000,320000,0,1,40-49,7783333.333,3146666.667,0.370634921,Moderate,2,No Late Payments,Low
CC103153,38,Female,High School,Married,Salaried,5000000,26000000,100,0,0,0,9200000,9660000,9290000,2600000,8880000,2900000,470000,0,1,30-39,9383333.333,4793333.333,0.360897436,Moderate,2,No Late Payments,Low
CC103154,28,Male,Bachelor,Single,Government,12300000,64000000,33,0,0,0,23610000,17960000,6990000,4490000,5810000,2510000,3040000,0,0,21-29,16186666.67,4270000,0.252916667,Moderate,2,No Late Payments,High
CC103155,37,Male,Diploma,Married,Government,15100000,56000000,96,0,0,0,26880000,17490000,16100000,11880000,11650000,3250000,910000,0,0,30-39,20156666.67,8926666.667,0.359940476,Moderate,2,No Late Payments,Medium
CC103156,22,Male,Bachelor,Single,Salaried,6500000,29000000,31,0,0,0,9530000,7320000,6770000,4130000,3070000,2190000,2190000,0,0,21-29,7873333.333,3130000,0.271494253,Moderate,2,No Late Payments,Low
CC103157,43,Male,Diploma,Married,Contract,9400000,32000000,90,0,0,0,8960000,7820000,8410000,2810000,3690000,3130000,30000,0,0,40-49,8396666.667,3210000,0.262395833,Moderate,2,No Late Payments,Low
CC103158,55,Male,High School,Married,Salaried,13300000,67000000,188,2,0,0,42860000,47850000,41780000,4010000,8360000,17670000,4340000,2,1,50-59,44163333.33,10013333.33,0.659154229,High,3,Low,High
CC103159,49,Female,Bachelor,Married,Self-employed,28000000,149000000,90,2,0,0,53640000,72710000,61930000,2030000,27530000,10620000,3980000,1,0,40-49,62760000,13393333.33,0.421208054,Moderate,2,Low,Very High
CC103160,23,Female,Bachelor,Married,Other,5400000,20000000,22,0,0,0,5740000,7730000,4170000,5880000,2390000,1070000,390000,0,0,21-29,5880000,3113333.333,0.294,Moderate,2,No Late Payments,Low
CC103161,59,Male,Diploma,Single,Salaried,16000000,56000000,223,0,2,0,24740000,16350000,19990000,23230000,700000,6490000,3930000,1,0,50-59,20360000,10140000,0.363571429,Moderate,2,Low,Medium
CC103162,30,Male,High School,Single,Salaried,8900000,45000000,62,1,0,0,28080000,35270000,28370000,4800000,8510000,11340000,580000,1,1,30-39,30573333.33,8216666.667,0.679407407,High,3,Low,Medium
CC103163,46,Female,High School,Married,Self-employed,11000000,39000000,74,0,0,0,19620000,19600000,18500000,5810000,9930000,8230000,1130000,0,0,40-49,19240000,7990000,0.493333333,Moderate,2,No Late Payments,Low
CC103164,42,Female,Bachelor,Married,Contract,11700000,49000000,112,0,1,1,24570000,22730000,19290000,9530000,6530000,2840000,710000,3,0,40-49,22196666.67,6300000,0.452993197,Moderate,2,Moderate,Medium
CC103165,48,Male,High School,Married,Other,5900000,31000000,158,0,2,0,12260000,17830000,14060000,11480000,1950000,3520000,440000,1,0,40-49,14716666.67,5650000,0.474731183,Moderate,2,Low,Low
CC103166,27,Male,Bachelor,Married,Other,8700000,43000000,43,2,0,0,25650000,24120000,20830000,2320000,2100000,7570000,1850000,1,0,21-29,23533333.33,3996666.667,0.547286822,High,3,Low,Medium
CC103167,34,Female,Bachelor,Married,Salaried,10100000,55000000,102,0,0,1,19190000,32370000,21340000,8350000,14530000,4870000,1020000,1,1,30-39,24300000,9250000,0.441818182,Moderate,2,Low,Medium
CC103168,49,Female,Bachelor,Married,Salaried,16300000,78000000,151,0,0,0,53710000,37760000,34350000,1200000,17370000,7130000,2180000,0,0,40-49,41940000,8566666.667,0.537692308,High,3,No Late Payments,High
CC103169,42,Female,Bachelor,Married,Salaried,10900000,65000000,142,3,3,3,30380000,40630000,40740000,1260000,2900000,7590000,7400000,3,1,40-49,37250000,3916666.667,0.573076923,High,3,Moderate,High
CC103170,35,Female,Diploma,Married,Other,6200000,20000000,44,0,0,0,4380000,3350000,3630000,2140000,1290000,1120000,100000,0,0,30-39,3786666.667,1516666.667,0.189333333,Low,1,No Late Payments,Low
CC103171,29,Female,Bachelor,Single,Salaried,10300000,40000000,32,1,3,0,3890000,5780000,8320000,1340000,810000,2570000,2640000,2,0,21-29,5996666.667,1573333.333,0.149916667,Low,1,Low,Medium
CC103172,32,Male,Postgraduate,Single,Self-employed,19500000,83000000,63,0,0,3,0,22490000,24240000,0,22860000,1630000,4150000,1,0,30-39,15576666.67,8163333.333,0.187670683,Low,1,Low,High
CC103173,68,Female,High School,Married,Government,8400000,55000000,240,0,0,0,20000000,15490000,11960000,1450000,3060000,2400000,4750000,1,0,60+,15816666.67,2303333.333,0.287575758,Moderate,2,Low,Medium
CC103174,29,Male,Bachelor,Single,Contract,8100000,35000000,31,3,3,3,20880000,18340000,19560000,430000,4020000,720000,2460000,3,1,21-29,19593333.33,1723333.333,0.559809524,High,3,Moderate,Low
CC103175,58,Male,Diploma,Married,Salaried,21600000,65000000,92,0,0,0,42630000,45380000,46830000,11350000,15360000,20060000,1580000,1,0,50-59,44946666.67,15590000,0.691487179,High,3,Low,High
CC103176,47,Male,High School,Married,Contract,10200000,71000000,214,0,3,3,58180000,44840000,39340000,52300000,1780000,3010000,3320000,4,1,40-49,47453333.33,19030000,0.668356808,High,3,Moderate,High
CC103177,38,Female,High School,Married,Salaried,12300000,22000000,68,0,0,0,5720000,7530000,7660000,1980000,3270000,7870000,790000,1,0,30-39,6970000,4373333.333,0.316818182,Moderate,2,Low,Low
CC103178,45,Female,Postgraduate,Married,Salaried,23600000,73000000,185,0,0,0,28910000,14860000,16700000,12290000,6530000,8860000,2700000,0,0,40-49,20156666.67,9226666.667,0.276118721,Moderate,2,No Late Payments,High
CC103179,28,Male,Bachelor,Married,Self-employed,15400000,87000000,83,2,3,3,30350000,37940000,43610000,1280000,2310000,1830000,6490000,3,1,21-29,37300000,1806666.667,0.428735632,Moderate,2,Moderate,High
CC103180,35,Female,Bachelor,Married,Salaried,13200000,53000000,97,0,0,0,27020000,23900000,25660000,10050000,8340000,8010000,120000,0,0,30-39,25526666.67,8800000,0.48163522,Moderate,2,No Late Payments,Medium
CC103181,27,Male,Diploma,Married,Salaried,12500000,44000000,77,0,0,0,25670000,25140000,20140000,9710000,5550000,10460000,950000,0,0,21-29,23650000,8573333.333,0.5375,High,3,No Late Payments,Medium
CC103182,38,Female,Diploma,Other,Salaried,13300000,58000000,56,0,0,0,7220000,18720000,20260000,3160000,4700000,6070000,3530000,1,0,30-39,15400000,4643333.333,0.265517241,Moderate,2,Low,Medium
CC103183,32,Female,Diploma,Single,Salaried,15500000,68000000,49,2,2,3,34960000,38070000,39570000,2400000,760000,5340000,3330000,3,1,30-39,37533333.33,2833333.333,0.551960784,High,3,Moderate,High
CC103184,39,Male,Diploma,Married,Salaried,11000000,49000000,125,1,1,0,8540000,1620000,5210000,1710000,640000,1640000,1310000,3,0,30-39,5123333.333,1330000,0.104557823,Low,1,Moderate,Medium
CC103185,28,Male,Bachelor,Married,Salaried,9800000,30000000,64,0,0,0,9470000,12640000,4900000,3030000,3410000,2000000,1740000,1,0,21-29,9003333.333,2813333.333,0.300111111,Moderate,2,Low,Low
CC103186,46,Female,Diploma,Single,Salaried,17400000,72000000,68,0,2,0,22780000,24460000,19030000,21910000,7010000,7660000,4970000,1,0,40-49,22090000,12193333.33,0.306805556,Moderate,2,Low,High
CC103187,42,Male,Bachelor,Single,Other,9100000,42000000,127,0,0,0,880000,7150000,3990000,790000,1640000,960000,2981956,1,0,40-49,4006666.667,1130000,0.095396825,Low,1,Low,Medium
CC103188,44,Male,High School,Single,Salaried,8300000,51000000,123,0,0,0,12060000,7290000,13050000,7730000,1400000,5230000,8300000,0,0,40-49,10800000,4786666.667,0.211764706,Low,1,No Late Payments,Medium
CC103189,39,Male,Postgraduate,Single,Salaried,7800000,26000000,147,0,1,3,14310000,18190000,17590000,3180000,4070000,350000,1560000,2,0,30-39,16696666.67,2533333.333,0.642179487,High,3,Low,Low
CC103190,44,Male,High School,Single,Salaried,9800000,58000000,136,3,3,3,52790000,49110000,48390000,6400000,900000,1230000,4260000,4,1,40-49,50096666.67,2843333.333,0.863735632,Very High,4,Moderate,Medium
CC103191,32,Male,High School,Married,Salaried,5100000,31000000,89,0,0,0,2390000,2320000,4690000,2170000,720000,2170000,400000,0,0,30-39,3133333.333,1686666.667,0.101075269,Low,1,No Late Payments,Low
CC103192,42,Female,Postgraduate,Single,Salaried,17700000,92000000,106,3,2,2,53880000,52040000,70670000,1420000,1250000,13120000,7570000,3,0,40-49,58863333.33,5263333.333,0.639818841,High,3,Moderate,High
CC103193,37,Male,Diploma,Single,Self-employed,17100000,64000000,78,0,0,0,4810000,0,0,2840000,0,0,1450000,1,0,30-39,1603333.333,946666.6667,0.025052083,Low,1,Low,High
CC103194,50,Male,Bachelor,Married,Salaried,14900000,60000000,184,0,0,0,22260000,23950000,29020000,7060000,9650000,9420000,5190000,0,0,50-59,25076666.67,8710000,0.417944444,Moderate,2,No Late Payments,High
CC103195,39,Male,Diploma,Married,Salaried,12900000,64000000,71,0,0,0,26370000,28730000,20180000,26330000,18910000,5640000,380000,1,0,30-39,25093333.33,16960000,0.392083333,Moderate,2,Low,High
CC103196,43,Male,High School,Single,Government,12900000,95000000,135,0,1,0,39820000,22460000,23090000,11060000,8980000,6670000,4240000,2,0,40-49,28456666.67,8903333.333,0.29954386,Moderate,2,Low,High
CC103197,23,Male,High School,Single,Salaried,11000000,45000000,30,0,0,0,5070000,11230000,16090000,1690000,2360000,6090000,1230000,0,0,21-29,10796666.67,3380000,0.239925926,Low,1,No Late Payments,Medium
CC103198,40,Male,Diploma,Married,Government,6400000,31000000,108,0,0,0,10000000,12930000,6270000,3310000,6430000,2370000,1450000,0,0,40-49,9733333.333,4036666.667,0.313978495,Moderate,2,No Late Payments,Low
CC103199,30,Male,Bachelor,Married,Salaried,19500000,123000000,82,0,0,0,73490000,86670000,62900000,61800000,86440000,24080000,3420000,1,0,30-39,74353333.33,57440000,0.604498645,High,3,Low,Very High
CC103200,46,Male,Bachelor,Married,Contract,10800000,55000000,149,0,2,0,26830000,32510000,32950000,24590000,9040000,8220000,1300000,1,0,40-49,30763333.33,13950000,0.559333333,High,3,Low,Medium
CC103201,39,Male,Bachelor,Married,Contract,8200000,27000000,84,0,0,0,8590000,7080000,5980000,2810000,3130000,2730000,220000,1,0,30-39,7216666.667,2890000,0.267283951,Moderate,2,Low,Low
CC103202,37,Female,High School,Married,Self-employed,14200000,66000000,104,0,0,0,23920000,22790000,35080000,19350000,7880000,32920000,1100000,0,0,30-39,27263333.33,20050000,0.413080808,Moderate,2,No Late Payments,High
CC103203,31,Female,Diploma,Married,Salaried,9000000,43000000,51,0,0,2,14340000,18090000,16080000,6300000,7970000,2070000,1650000,1,0,30-39,16170000,5446666.667,0.376046512,Moderate,2,Low,Medium
CC103204,28,Male,Bachelor,Single,Contract,12700000,57000000,55,0,0,0,22920000,23200000,25110000,3630000,4260000,9450000,6550000,0,0,21-29,23743333.33,5780000,0.416549708,Moderate,2,No Late Payments,Medium
CC103205,33,Male,High School,Single,Salaried,11000000,54000000,59,0,0,0,11630000,12820000,450000,2900000,7780000,450000,4980000,0,0,30-39,8300000,3710000,0.153703704,Low,1,No Late Payments,Medium
CC103206,29,Male,Bachelor,Other,Government,11000000,35000000,29,0,0,0,10920000,11520000,9240000,1170000,4110000,4560000,890000,0,0,21-29,10560000,3280000,0.301714286,Moderate,2,No Late Payments,Low
CC103207,36,Female,Postgraduate,Married,Self-employed,19900000,50000000,23,0,0,0,18210000,21440000,26340000,6050000,6150000,7080000,2620000,1,0,30-39,21996666.67,6426666.667,0.439933333,Moderate,2,Low,Medium
CC103208,26,Male,Bachelor,Single,Salaried,5400000,27000000,53,1,0,3,8300000,9370000,7700000,2830000,2810000,390000,1430000,2,0,21-29,8456666.667,2010000,0.313209877,Moderate,2,Low,Low
CC103209,40,Female,High School,Single,Contract,11800000,59000000,108,0,0,0,16680000,14710000,11750000,9110000,6820000,5580000,2160000,0,0,40-49,14380000,7170000,0.243728814,Low,1,No Late Payments,Medium
CC103210,29,Female,Diploma,Married,Government,10300000,53000000,33,0,0,0,19820000,23150000,25270000,5750000,4070000,5050000,2240000,1,0,21-29,22746666.67,4956666.667,0.42918239,Moderate,2,Low,Medium
CC103211,32,Male,High School,Married,Self-employed,6500000,23000000,113,0,0,1,15450000,14720000,15180000,14760000,4700000,4740000,1350000,2,0,30-39,15116666.67,8066666.667,0.657246377,High,3,Low,Low
CC103212,34,Female,High School,Married,Salaried,8400000,31000000,90,1,0,0,3690000,8340000,8070000,1360000,2340000,4310000,1370000,1,0,30-39,6700000,2670000,0.216129032,Low,1,Low,Low
CC103213,45,Female,High School,Married,Salaried,9900000,39000000,106,0,0,0,18590000,17850000,13350000,6960000,9460000,12880000,190000,0,0,40-49,16596666.67,9766666.667,0.425555556,Moderate,2,No Late Payments,Low
CC103214,39,Female,Diploma,Married,Government,11500000,82000000,39,0,0,0,29690000,18900000,34090000,12460000,7410000,15070000,2630000,0,0,30-39,27560000,11646666.67,0.336097561,Moderate,2,No Late Payments,High
CC103215,45,Female,Diploma,Married,Salaried,9700000,70000000,68,3,2,0,40740000,43650000,42210000,1170000,2080000,2550000,6710000,3,1,40-49,42200000,1933333.333,0.602857143,High,3,Moderate,High
CC103216,28,Male,Bachelor,Single,Salaried,6500000,25000000,85,0,1,0,20440000,18770000,18920000,8720000,7830000,6950000,800000,2,0,21-29,19376666.67,7833333.333,0.775066667,Very High,4,Low,Low
CC103217,31,Male,Bachelor,Married,Other,6500000,35000000,87,0,0,0,13030000,13330000,13700000,3100000,3220000,3670000,1300000,1,0,30-39,13353333.33,3330000,0.38152381,Moderate,2,Low,Low
CC103218,37,Female,Bachelor,Married,Salaried,16600000,76000000,121,0,0,0,60150000,54020000,50670000,18100000,43580000,17340000,5480000,0,0,30-39,54946666.67,26340000,0.722982456,High,3,No Late Payments,High
CC103219,45,Female,High School,Single,Salaried,8200000,38000000,113,0,0,0,950000,3280000,3240000,640000,1800000,1370000,320000,1,0,40-49,2490000,1270000,0.065526316,Low,1,Low,Low
CC103220,54,Female,Bachelor,Single,Salaried,21400000,93000000,240,0,1,1,23830000,18590000,23090000,10360000,7890000,10290000,1210000,2,0,50-59,21836666.67,9513333.333,0.234802867,Low,1,Low,High
CC103221,31,Male,High School,Other,Self-employed,7300000,27000000,42,3,2,3,10610000,10840000,11850000,370000,1190000,540000,2440000,4,1,30-39,11100000,700000,0.411111111,Moderate,2,Moderate,Low
CC103222,46,Male,Diploma,Married,Other,12800000,76000000,170,0,0,0,0,860000,15730000,0,860000,6840000,2580000,0,0,40-49,5530000,2566666.667,0.072763158,Low,1,No Late Payments,High
CC103223,29,Female,Bachelor,Single,Government,12200000,62000000,39,0,0,0,14170000,11980000,16640000,6090000,6960000,8220000,840000,1,0,21-29,14263333.33,7090000,0.230053763,Low,1,Low,High
CC103224,41,Male,High School,Other,Salaried,8700000,27000000,71,0,0,0,4630000,7900000,6200000,4790000,7920000,3260000,1450000,0,0,40-49,6243333.333,5323333.333,0.231234568,Low,1,No Late Payments,Low
CC103225,37,Female,High School,Married,Other,5000000,20000000,66,0,0,0,10550000,10930000,9270000,2980000,9480000,2720000,670000,0,0,30-39,10250000,5060000,0.5125,High,3,No Late Payments,Low
CC103226,45,Female,Postgraduate,Married,Salaried,17900000,134000000,150,0,0,0,64780000,67030000,50190000,25850000,18860000,17690000,7800000,1,0,40-49,60666666.67,20800000,0.452736318,Moderate,2,Low,Very High
CC103227,41,Female,High School,Married,Government,12300000,74000000,92,0,0,0,630000,8560000,12430000,630000,3640000,4330000,3270000,1,0,40-49,7206666.667,2866666.667,0.097387387,Low,1,Low,High
CC103228,45,Female,Postgraduate,Married,Salaried,14200000,76000000,101,0,0,0,56690000,65850000,57280000,16170000,25800000,18370000,1890000,0,0,40-49,59940000,20113333.33,0.788684211,Very High,4,No Late Payments,High
CC103229,37,Male,Bachelor,Married,Salaried,11200000,48000000,117,0,0,0,29080000,24620000,21470000,14010000,9730000,8240000,540000,0,0,30-39,25056666.67,10660000,0.522013889,High,3,No Late Payments,Medium
CC103230,26,Female,Bachelor,Single,Salaried,12600000,54000000,26,3,3,1,41320000,45750000,46490000,6030000,1130000,8540000,5600000,3,1,21-29,44520000,5233333.333,0.824444444,Very High,4,Moderate,Medium
CC103231,27,Male,Diploma,Single,Salaried,7000000,20000000,41,0,0,0,10250000,11330000,10150000,8930000,5580000,4130000,350000,0,0,21-29,10576666.67,6213333.333,0.528833333,High,3,No Late Payments,Low
CC103232,52,Female,Bachelor,Other,Other,20300000,110000000,159,0,0,0,31050000,30300000,54660000,10160000,10470000,20460000,3140000,1,0,50-59,38670000,13696666.67,0.351545455,Moderate,2,Low,Very High
CC103233,31,Male,Bachelor,Single,Government,6100000,20000000,54,0,0,0,13510000,15390000,13920000,4840000,2670000,13890000,1610000,0,0,30-39,14273333.33,7133333.333,0.713666667,High,3,No Late Payments,Low
CC103234,47,Female,Diploma,Single,Contract,12600000,42000000,83,0,0,0,9410000,11190000,0,8240000,4890000,0,1140000,0,0,40-49,6866666.667,4376666.667,0.163492063,Low,1,No Late Payments,Medium
CC103235,50,Female,Bachelor,Other,Other,18100000,68000000,135,0,0,0,21710000,20930000,25490000,21820000,4920000,9810000,2490000,0,0,50-59,22710000,12183333.33,0.333970588,Moderate,2,No Late Payments,High
CC103236,25,Male,Diploma,Single,Government,12000000,56000000,42,1,2,0,25040000,20990000,10260000,8440000,1250000,2630000,1530000,3,1,21-29,18763333.33,4106666.667,0.335059524,Moderate,2,Moderate,Medium
CC103237,57,Male,High School,Married,Government,11700000,64000000,216,0,0,0,21180000,22310000,33190000,18390000,9520000,11950000,3760000,0,1,50-59,25560000,13286666.67,0.399375,Moderate,2,No Late Payments,High
CC103238,40,Male,Bachelor,Married,Salaried,15600000,52000000,75,0,0,0,16570000,13120000,11590000,7470000,1960000,8150000,540000,0,0,40-49,13760000,5860000,0.264615385,Moderate,2,No Late Payments,Medium
CC103239,51,Male,Diploma,Married,Other,7600000,33000000,175,0,0,0,13900000,16930000,13430000,3200000,7050000,3900000,2030000,0,0,50-59,14753333.33,4716666.667,0.447070707,Moderate,2,No Late Payments,Low
CC103240,35,Female,High School,Married,Government,6800000,31000000,108,0,0,0,13170000,15670000,13130000,10700000,7720000,6190000,160000,1,0,30-39,13990000,8203333.333,0.451290323,Moderate,2,Low,Low
CC103241,41,Female,High School,Married,Salaried,8400000,39000000,104,3,3,3,22270000,9260000,11560000,550000,630000,480000,2670000,3,0,40-49,14363333.33,553333.3333,0.368290598,Moderate,2,Moderate,Low
CC103242,37,Female,Bachelor,Single,Contract,10400000,68000000,62,0,0,3,37830000,32770000,37480000,15920000,4180000,1080000,3710000,2,0,30-39,36026666.67,7060000,0.529803922,High,3,Low,High
CC103243,32,Female,Bachelor,Single,Salaried,9500000,42000000,97,0,0,0,14050000,17940000,22250000,1570000,2140000,9290000,2080000,3,0,30-39,18080000,4333333.333,0.43047619,Moderate,2,Moderate,Medium
CC103244,50,Female,Bachelor,Married,Self-employed,19200000,80000000,204,2,0,1,20690000,35850000,23410000,1530000,8810000,4270000,4780000,3,1,50-59,26650000,4870000,0.333125,Moderate,2,Moderate,High
CC103245,43,Male,Diploma,Single,Other,11600000,64000000,147,0,0,0,19530000,21880000,27100000,6240000,7870000,15810000,3050000,1,0,40-49,22836666.67,9973333.333,0.356822917,Moderate,2,Low,High
CC103246,44,Male,Diploma,Married,Salaried,8400000,35000000,166,0,0,0,12960000,13500000,16680000,2860000,4350000,5350000,900000,0,0,40-49,14380000,4186666.667,0.410857143,Moderate,2,No Late Payments,Low
CC103247,31,Male,Bachelor,Married,Self-employed,11200000,45000000,54,1,0,0,12140000,4600000,10160000,930000,1480000,2210000,2240000,2,0,30-39,8966666.667,1540000,0.199259259,Low,1,Low,Medium
CC103248,50,Male,Diploma,Married,Salaried,11200000,69000000,172,0,0,0,30480000,19760000,25900000,18670000,9860000,21190000,920000,1,0,50-59,25380000,16573333.33,0.367826087,Moderate,2,Low,High
CC103249,34,Male,Diploma,Married,Salaried,6300000,23000000,85,0,0,0,14260000,14730000,13690000,6260000,4120000,3830000,1280000,0,0,30-39,14226666.67,4736666.667,0.618550725,High,3,No Late Payments,Low
CC103250,48,Female,High School,Single,Contract,6000000,36000000,95,0,0,2,17640000,21610000,16680000,17920000,7450000,2770000,3300000,1,1,40-49,18643333.33,9380000,0.51787037,High,3,Low,Low
CC103251,42,Male,Diploma,Married,Contract,12900000,70000000,126,0,0,0,42360000,43350000,44030000,20860000,14370000,13220000,7670000,0,0,40-49,43246666.67,16150000,0.617809524,High,3,No Late Payments,High
CC103252,41,Male,High School,Married,Self-employed,15800000,102000000,164,0,0,0,20530000,10110000,21690000,1310000,1270000,10070000,5800000,0,0,40-49,17443333.33,4216666.667,0.171013072,Low,1,No Late Payments,Very High
CC103253,35,Male,Bachelor,Single,Salaried,18500000,97000000,65,0,0,1,36320000,39310000,49070000,30960000,9040000,9190000,1820000,1,0,30-39,41566666.67,16396666.67,0.428522337,Moderate,2,Low,High
CC103254,38,Female,High School,Married,Contract,7300000,35000000,82,0,3,0,26960000,24200000,21950000,8540000,640000,7700000,1980000,2,1,30-39,24370000,5626666.667,0.696285714,High,3,Low,Low
CC103255,34,Male,Postgraduate,Single,Self-employed,14900000,80000000,93,0,0,0,64830000,51070000,46810000,19870000,11310000,17380000,2360000,0,0,30-39,54236666.67,16186666.67,0.677958333,High,3,No Late Payments,High
CC103256,41,Male,Postgraduate,Married,Self-employed,18800000,116000000,76,0,0,0,30140000,26760000,5840000,9100000,9630000,5210000,3110000,0,0,40-49,20913333.33,7980000,0.180287356,Low,1,No Late Payments,Very High
CC103257,41,Female,Postgraduate,Single,Salaried,21500000,147000000,98,0,0,0,24330000,32690000,50440000,6500000,6750000,49360000,810000,0,0,40-49,35820000,20870000,0.243673469,Low,1,No Late Payments,Very High
CC103258,35,Male,Diploma,Single,Salaried,18500000,110000000,117,0,0,0,54840000,51020000,50730000,19830000,18850000,14480000,990000,1,0,30-39,52196666.67,17720000,0.474515152,Moderate,2,Low,Very High
CC103259,46,Female,Bachelor,Single,Other,11500000,41000000,106,0,0,0,16650000,12240000,9800000,14570000,4860000,4410000,590000,0,0,40-49,12896666.67,7946666.667,0.314552846,Moderate,2,No Late Payments,Medium
CC103260,25,Male,Diploma,Other,Government,8400000,41000000,47,1,0,0,24220000,20560000,18920000,7160000,8590000,1490000,920000,1,0,21-29,21233333.33,5746666.667,0.517886179,High,3,Low,Medium
CC103261,32,Male,High School,Other,Salaried,9900000,28000000,92,0,3,3,4700000,9120000,7960000,2120000,560000,1940000,1660000,3,1,30-39,7260000,1540000,0.259285714,Moderate,2,Moderate,Low
CC103262,21,Female,Bachelor,Single,Contract,6300000,37000000,36,3,3,0,28830000,33760000,32720000,610000,1510000,28090000,2560000,2,1,21-29,31770000,10070000,0.858648649,Very High,4,Low,Low
CC103263,32,Female,Diploma,Married,Salaried,8600000,49000000,43,0,0,0,28480000,20640000,32350000,17070000,16610000,13310000,1830000,1,0,30-39,27156666.67,15663333.33,0.554217687,High,3,Low,Medium
CC103264,42,Female,Diploma,Married,Self-employed,9600000,43000000,47,3,3,0,19000000,21400000,27920000,3530000,810000,11460000,3080000,2,1,40-49,22773333.33,5266666.667,0.529612403,High,3,Low,Medium
CC103265,37,Male,Diploma,Married,Government,22200000,78000000,71,0,0,0,7930000,23710000,20390000,6410000,7080000,5070000,1500000,0,0,30-39,17343333.33,6186666.667,0.222350427,Low,1,No Late Payments,High
CC103266,45,Male,Bachelor,Other,Salaried,14400000,73000000,79,0,0,0,36060000,35530000,43440000,10300000,15980000,14860000,3300000,0,1,40-49,38343333.33,13713333.33,0.525251142,High,3,No Late Payments,High
CC103267,29,Female,Bachelor,Single,Contract,6900000,24000000,77,3,0,0,15570000,14250000,15390000,450000,620000,3160000,1000000,1,1,21-29,15070000,1410000,0.627916667,High,3,Low,Low
CC103268,36,Female,Bachelor,Married,Self-employed,15800000,86000000,82,0,0,0,34170000,37020000,35300000,11660000,10400000,12480000,6710000,0,0,30-39,35496666.67,11513333.33,0.412751938,Moderate,2,No Late Payments,High
CC103269,63,Male,Diploma,Married,Contract,10100000,45000000,141,2,3,3,21910000,29630000,30440000,580000,560000,960000,3240000,4,1,60+,27326666.67,700000,0.607259259,High,3,Moderate,Medium
CC103270,21,Female,Diploma,Single,Contract,5000000,23000000,3,1,0,0,14870000,14650000,15850000,4110000,3120000,5080000,1040000,1,0,21-29,15123333.33,4103333.333,0.657536232,High,3,Low,Low
CC103271,25,Male,High School,Single,Salaried,5000000,30000000,10,2,1,0,18960000,15900000,15540000,2280000,1940000,3190000,2630000,2,1,21-29,16800000,2470000,0.56,High,3,Low,Low
CC103272,25,Female,Postgraduate,Single,Self-employed,13700000,63000000,29,3,0,0,18840000,17520000,24280000,1370000,2460000,9290000,2300000,1,0,21-29,20213333.33,4373333.333,0.320846561,Moderate,2,Low,High
CC103273,36,Female,High School,Married,Salaried,11800000,45000000,81,0,0,0,14190000,10510000,8970000,14310000,3510000,4440000,1310000,1,0,30-39,11223333.33,7420000,0.249407407,Low,1,Low,Medium
CC103274,33,Female,Bachelor,Married,Government,12600000,63000000,28,0,0,0,32490000,31240000,35100000,17920000,32690000,10770000,1500000,0,0,30-39,32943333.33,20460000,0.522910053,High,3,No Late Payments,High
CC103275,32,Female,High School,Single,Salaried,6400000,40000000,93,0,0,0,13490000,18700000,8560000,2840000,7830000,2170000,3140000,1,0,30-39,13583333.33,4280000,0.339583333,Moderate,2,Low,Medium
CC103276,21,Female,Bachelor,Single,Self-employed,9800000,20000000,19,0,1,0,2720000,3350000,3520000,1410000,550000,2850000,430000,1,0,21-29,3196666.667,1603333.333,0.159833333,Low,1,Low,Low
CC103277,39,Male,Bachelor,Single,Government,9500000,58000000,118,0,0,0,3550000,12710000,11070000,3530000,4060000,3360000,2380000,0,1,30-39,9110000,3650000,0.157068966,Low,1,No Late Payments,Medium
CC103278,25,Female,Diploma,Single,Self-employed,5000000,20000000,3,0,1,0,11450000,7050000,8460000,2060000,2540000,1370000,690000,1,1,21-29,8986666.667,1990000,0.449333333,Moderate,2,Low,Low
CC103279,34,Male,Postgraduate,Single,Salaried,13200000,56000000,64,1,2,0,43410000,39730000,37940000,13510000,5870000,14280000,4140000,3,1,30-39,40360000,11220000,0.720714286,High,3,Moderate,Medium
CC103280,32,Female,Diploma,Married,Salaried,11900000,68000000,31,0,3,0,24030000,35420000,32530000,6450000,6230000,6570000,4820000,3,0,30-39,30660000,6416666.667,0.450882353,Moderate,2,Moderate,High
CC103281,26,Male,Bachelor,Single,Other,7400000,46000000,36,2,0,0,16900000,13690000,18920000,910000,2980000,8400000,1820000,1,0,21-29,16503333.33,4096666.667,0.358768116,Moderate,2,Low,Medium
CC103282,30,Female,Bachelor,Married,Salaried,8500000,43000000,81,0,0,0,17450000,18530000,16170000,6900000,9000000,16090000,2770000,0,0,30-39,17383333.33,10663333.33,0.404263566,Moderate,2,No Late Payments,Medium
CC103283,42,Male,Diploma,Single,Self-employed,14500000,77000000,162,0,0,0,10200000,2410000,1530000,2090000,1140000,1410000,4390000,0,0,40-49,4713333.333,1546666.667,0.061212121,Low,1,No Late Payments,High
CC103284,43,Male,Bachelor,Married,Self-employed,19400000,97000000,66,0,3,2,50340000,55690000,58560000,18130000,2900000,7980000,5750000,2,0,40-49,54863333.33,9670000,0.565601375,High,3,Low,High
CC103285,41,Female,Bachelor,Single,Salaried,15000000,65000000,124,0,0,0,16860000,9690000,14840000,4900000,4910000,4100000,1440000,2,0,40-49,13796666.67,4636666.667,0.21225641,Low,1,Low,High
CC103286,31,Male,High School,Other,Salaried,7000000,21000000,19,0,0,0,8120000,9630000,8060000,3830000,8470000,3940000,150000,0,0,30-39,8603333.333,5413333.333,0.40968254,Moderate,2,No Late Payments,Low
CC103287,35,Female,Bachelor,Married,Salaried,20600000,79000000,67,0,0,2,55800000,47480000,58260000,23990000,39290000,6750000,2150000,1,0,30-39,53846666.67,23343333.33,0.681603376,High,3,Low,High
CC103288,33,Female,Bachelor,Married,Salaried,10800000,37000000,75,0,0,0,16240000,19330000,17850000,5560000,7000000,14800000,1790000,0,0,30-39,17806666.67,9120000,0.481261261,Moderate,2,No Late Payments,Low
CC103289,60,Female,Postgraduate,Married,Salaried,13100000,86000000,204,0,0,0,39390000,53680000,35390000,4670000,14570000,34950000,1120000,1,0,60+,42820000,18063333.33,0.497906977,Moderate,2,Low,High
CC103290,51,Female,Postgraduate,Married,Salaried,26800000,110000000,120,0,0,1,36600000,46420000,27000000,18880000,15720000,3610000,6950000,3,0,50-59,36673333.33,12736666.67,0.333393939,Moderate,2,Moderate,Very High
CC103291,63,Female,High School,Single,Self-employed,12600000,41000000,167,0,0,0,21110000,21520000,23490000,7660000,1890000,7810000,1250000,0,0,60+,22040000,5786666.667,0.537560976,High,3,No Late Payments,Medium
CC103292,30,Female,Diploma,Married,Salaried,10900000,51000000,77,0,0,0,20660000,14750000,28000000,12060000,9830000,15420000,980000,0,0,30-39,21136666.67,12436666.67,0.414444444,Moderate,2,No Late Payments,Medium
CC103293,21,Female,Bachelor,Single,Other,5500000,27000000,28,0,0,0,11130000,8010000,6080000,4250000,2800000,3140000,980000,0,0,21-29,8406666.667,3396666.667,0.311358025,Moderate,2,No Late Payments,Low
CC103294,39,Male,Bachelor,Single,Salaried,8700000,34000000,74,0,0,0,16860000,15440000,11730000,6130000,4530000,5310000,1650000,0,0,30-39,14676666.67,5323333.333,0.431666667,Moderate,2,No Late Payments,Low
CC103295,25,Male,Bachelor,Single,Government,11700000,74000000,36,0,0,0,4860000,18660000,14950000,1990000,8210000,8050000,3210000,1,0,21-29,12823333.33,6083333.333,0.173288288,Low,1,Low,High
CC103296,35,Male,Postgraduate,Married,Salaried,8400000,32000000,75,0,0,0,3760000,2590000,560000,1920000,1200000,490000,3780000,1,0,30-39,2303333.333,1203333.333,0.071979167,Low,1,Low,Low
CC103297,50,Female,High School,Married,Other,7900000,41000000,138,1,3,2,3330000,4950000,7640000,810000,520000,1730000,860000,5,0,50-59,5306666.667,1020000,0.129430894,Low,1,High,Medium
CC103298,35,Female,Postgraduate,Single,Salaried,11600000,81000000,77,3,3,3,60520000,70230000,53490000,5310000,1450000,1070000,7520000,3,1,30-39,61413333.33,2610000,0.7581893,Very High,4,Moderate,High
CC103299,30,Male,Bachelor,Married,Salaried,14400000,72000000,45,0,0,0,44150000,47160000,49150000,25090000,48360000,43310000,2010000,0,0,30-39,46820000,38920000,0.650277778,High,3,No Late Payments,High
CC103300,42,Female,Bachelor,Single,Salaried,14100000,75000000,135,0,0,1,64260000,67310000,61140000,17870000,16620000,23320000,5620000,2,0,40-49,64236666.67,19270000,0.856488889,Very High,4,Low,High
CC103301,37,Male,Bachelor,Married,Salaried,11500000,74000000,81,0,0,0,10170000,6470000,17230000,3030000,1780000,6130000,790000,2,1,30-39,11290000,3646666.667,0.152567568,Low,1,Low,High
CC103302,39,Male,High School,Married,Contract,8800000,23000000,99,0,0,0,6400000,10100000,9950000,1750000,8470000,2330000,790000,0,0,30-39,8816666.667,4183333.333,0.383333333,Moderate,2,No Late Payments,Low
CC103303,33,Female,Diploma,Married,Salaried,13200000,70000000,99,0,0,0,6840000,10870000,16960000,6310000,3080000,6240000,2380000,0,0,30-39,11556666.67,5210000,0.165095238,Low,1,No Late Payments,High
CC103304,34,Female,Bachelor,Single,Salaried,16600000,70000000,71,0,1,0,15350000,7670000,15350000,4250000,1870000,2280000,8160000,1,0,30-39,12790000,2800000,0.182714286,Low,1,Low,High
CC103305,39,Male,Diploma,Married,Salaried,10500000,40000000,49,0,0,0,4960000,6790000,7830000,4170000,4280000,4000000,5600000,1,0,30-39,6526666.667,4150000,0.163166667,Low,1,Low,Medium
CC103306,37,Male,Bachelor,Married,Contract,11500000,76000000,121,0,0,0,34850000,40600000,49920000,11730000,20090000,10020000,1030000,0,0,30-39,41790000,13946666.67,0.549868421,High,3,No Late Payments,High
CC103307,28,Male,High School,Married,Salaried,13200000,57000000,24,0,0,0,13740000,21310000,24850000,3760000,21910000,14210000,2470000,0,0,21-29,19966666.67,13293333.33,0.350292398,Moderate,2,No Late Payments,Medium
CC103308,56,Male,High School,Single,Self-employed,10700000,46000000,240,0,0,0,19470000,15900000,19760000,10250000,4350000,11240000,3640000,0,0,50-59,18376666.67,8613333.333,0.399492754,Moderate,2,No Late Payments,Medium
CC103309,39,Male,Diploma,Single,Government,9400000,62000000,71,0,0,2,31390000,35360000,31260000,10340000,9870000,4710000,1190000,1,0,30-39,32670000,8306666.667,0.526935484,High,3,Low,High
CC103310,31,Female,Diploma,Single,Salaried,5800000,36000000,44,0,0,0,8240000,10840000,10830000,1600000,6040000,10270000,170000,0,0,30-39,9970000,5970000,0.276944444,Moderate,2,No Late Payments,Low
CC103311,23,Male,Bachelor,Single,Salaried,8200000,29000000,23,0,0,0,190000,1630000,1290000,190000,670000,1140000,140000,0,0,21-29,1036666.667,666666.6667,0.035747126,Low,1,No Late Payments,Low
CC103312,50,Male,Diploma,Married,Salaried,19900000,116000000,143,3,3,3,67950000,49480000,54530000,2180000,2000000,2130000,10110000,3,1,50-59,57320000,2103333.333,0.494137931,Moderate,2,Moderate,Very High
CC103313,43,Female,Diploma,Other,Salaried,10800000,27000000,114,0,0,0,2980000,5170000,6470000,1380000,2260000,820000,390000,1,0,40-49,4873333.333,1486666.667,0.180493827,Low,1,Low,Low
CC103314,52,Female,High School,Married,Contract,9200000,44000000,82,0,0,0,10930000,16390000,23500000,3880000,14380000,12020000,2230000,3,0,50-59,16940000,10093333.33,0.385,Moderate,2,Moderate,Medium
CC103315,29,Male,Bachelor,Married,Self-employed,19300000,59000000,37,0,0,0,36640000,42810000,35960000,7420000,12350000,7460000,1780000,0,0,21-29,38470000,9076666.667,0.652033898,High,3,No Late Payments,Medium
CC103316,47,Male,High School,Married,Contract,10200000,65000000,185,0,0,0,0,0,12280000,0,0,6580000,1110000,0,0,40-49,4093333.333,2193333.333,0.062974359,Low,1,No Late Payments,High
CC103317,41,Female,Diploma,Married,Government,11500000,67000000,117,0,0,0,2150000,11310000,16310000,1130000,4550000,6720000,5050000,0,0,40-49,9923333.333,4133333.333,0.148109453,Low,1,No Late Payments,High
CC103318,21,Female,Diploma,Single,Self-employed,9300000,45000000,16,0,0,0,21060000,26950000,21890000,4400000,16520000,6280000,1660000,0,0,21-29,23300000,9066666.667,0.517777778,High,3,No Late Payments,Medium
CC103319,29,Female,Postgraduate,Single,Salaried,16200000,59000000,69,0,0,0,12360000,0,5980000,6140000,0,2500000,5700000,0,0,21-29,6113333.333,2880000,0.103615819,Low,1,No Late Payments,Medium
CC103320,30,Female,Bachelor,Married,Self-employed,17800000,92000000,65,0,0,0,21380000,26430000,24700000,14060000,14850000,9240000,740000,0,0,30-39,24170000,12716666.67,0.262717391,Moderate,2,No Late Payments,High
CC103321,36,Male,Postgraduate,Single,Salaried,13800000,64000000,112,3,3,2,20250000,25070000,23590000,6790000,2050000,1070000,6020000,4,1,30-39,22970000,3303333.333,0.35890625,Moderate,2,Moderate,High
CC103322,23,Female,Diploma,Single,Government,8600000,32000000,25,0,0,2,7170000,6230000,10620000,2370000,1760000,3180000,2020000,3,0,21-29,8006666.667,2436666.667,0.250208333,Moderate,2,Moderate,Low
CC103323,44,Male,Postgraduate,Married,Salaried,13300000,87000000,103,0,0,0,1470000,2450000,11870000,1470000,1300000,4200000,3950000,0,0,40-49,5263333.333,2323333.333,0.060498084,Low,1,No Late Payments,High
CC103324,44,Female,High School,Married,Salaried,5700000,31000000,105,1,0,1,11480000,7820000,13090000,3180000,600000,3770000,2460000,3,0,40-49,10796666.67,2516666.667,0.34827957,Moderate,2,Moderate,Low
CC103325,23,Female,Bachelor,Single,Salaried,13400000,50000000,20,0,0,1,28420000,28490000,24530000,11290000,27140000,7580000,1970000,1,0,21-29,27146666.67,15336666.67,0.542933333,High,3,Low,Medium
CC103326,36,Female,High School,Married,Self-employed,11300000,50000000,79,0,0,0,21060000,22750000,23430000,19410000,7460000,20840000,2250000,0,0,30-39,22413333.33,15903333.33,0.448266667,Moderate,2,No Late Payments,Medium
CC103327,38,Male,High School,Married,Contract,6600000,20000000,126,0,0,0,13870000,12720000,11580000,3560000,4250000,11320000,1680000,0,0,30-39,12723333.33,6376666.667,0.636166667,High,3,No Late Payments,Low
CC103328,37,Female,Bachelor,Married,Salaried,8600000,53000000,111,2,2,3,44580000,36430000,37950000,1820000,1090000,750000,5340000,3,0,30-39,39653333.33,1220000,0.748176101,High,3,Moderate,Medium
CC103329,44,Female,Bachelor,Single,Salaried,21200000,103000000,84,0,0,0,35240000,22490000,18540000,15890000,5700000,5370000,5670000,0,0,40-49,25423333.33,8986666.667,0.246828479,Low,1,No Late Payments,Very High
CC103330,26,Female,Bachelor,Single,Salaried,6000000,20000000,23,0,0,0,610000,0,4210000,360000,0,970000,410000,1,0,21-29,1606666.667,443333.3333,0.080333333,Low,1,Low,Low
CC103331,49,Female,High School,Married,Contract,9400000,49000000,101,2,0,0,12390000,19010000,24750000,1390000,3020000,24990000,8300000,1,1,40-49,18716666.67,9800000,0.381972789,Moderate,2,Low,Medium
CC103332,32,Male,High School,Single,Salaried,7100000,24000000,82,0,0,0,10800000,11380000,9820000,1430000,2800000,3090000,630000,0,0,30-39,10666666.67,2440000,0.444444444,Moderate,2,No Late Payments,Low
CC103333,54,Female,Diploma,Married,Contract,7100000,20000000,240,3,0,0,7090000,7330000,8900000,270000,2600000,1810000,1770000,1,1,50-59,7773333.333,1560000,0.388666667,Moderate,2,Low,Low
CC103334,45,Female,Bachelor,Single,Salaried,12400000,52000000,85,0,0,0,20180000,14520000,16190000,20110000,13150000,8220000,1700000,0,0,40-49,16963333.33,13826666.67,0.326217949,Moderate,2,No Late Payments,Medium
CC103335,26,Female,Bachelor,Single,Self-employed,15400000,61000000,55,0,0,0,11650000,7120000,6300000,3310000,3000000,1060000,5380000,0,0,21-29,8356666.667,2456666.667,0.136994536,Low,1,No Late Payments,High
CC103336,45,Male,Diploma,Married,Self-employed,9400000,48000000,134,0,0,0,22070000,18250000,19590000,10560000,5660000,4950000,730000,0,1,40-49,19970000,7056666.667,0.416041667,Moderate,2,No Late Payments,Medium
CC103337,33,Female,Postgraduate,Married,Government,16300000,120000000,109,0,0,0,33630000,34080000,57270000,9660000,12900000,11050000,3420000,0,0,30-39,41660000,11203333.33,0.347166667,Moderate,2,No Late Payments,Very High
CC103338,30,Male,High School,Single,Salaried,6100000,29000000,71,2,2,3,12460000,10640000,13750000,1240000,1340000,340000,1700000,5,1,30-39,12283333.33,973333.3333,0.423563218,Moderate,2,High,Low
CC103339,33,Female,Bachelor,Married,Contract,13300000,49000000,47,0,0,1,28810000,26810000,32790000,5190000,7370000,810000,1860000,2,0,30-39,29470000,4456666.667,0.601428571,High,3,Low,Medium
CC103340,42,Female,Postgraduate,Married,Contract,14400000,68000000,135,0,0,1,27460000,44010000,36400000,13760000,13000000,4900000,6240000,2,0,40-49,35956666.67,10553333.33,0.52877451,High,3,Low,High
CC103341,33,Female,Diploma,Married,Salaried,11200000,42000000,72,1,0,2,21370000,22980000,17060000,1940000,6220000,1870000,880000,3,0,30-39,20470000,3343333.333,0.487380952,Moderate,2,Moderate,Medium
CC103342,46,Female,Diploma,Married,Contract,5000000,20000000,213,0,0,0,6050000,4380000,11910000,1790000,990000,4850000,340000,0,0,40-49,7446666.667,2543333.333,0.372333333,Moderate,2,No Late Payments,Low
CC103343,21,Female,Bachelor,Single,Salaried,11000000,50000000,22,0,0,0,33940000,30680000,26440000,29300000,13210000,15140000,2000000,0,0,21-29,30353333.33,19216666.67,0.607066667,High,3,No Late Payments,Medium
CC103344,27,Male,Bachelor,Married,Government,6300000,21000000,22,0,0,0,11550000,11910000,11970000,4610000,4240000,3220000,150000,1,0,21-29,11810000,4023333.333,0.562380952,High,3,Low,Low
CC103345,38,Female,High School,Married,Salaried,8400000,41000000,127,0,0,0,8190000,4960000,5270000,5930000,5090000,4590000,1410000,0,0,30-39,6140000,5203333.333,0.149756098,Low,1,No Late Payments,Medium
CC103346,22,Male,Postgraduate,Married,Government,10000000,31000000,3,0,0,0,18190000,16870000,14350000,3130000,4640000,2390000,1150000,1,0,21-29,16470000,3386666.667,0.531290323,High,3,Low,Low
CC103347,29,Female,High School,Married,Contract,6100000,20000000,62,3,1,0,9470000,6460000,4950000,240000,900000,990000,4180000,2,0,21-29,6960000,710000,0.348,Moderate,2,Low,Low
CC103348,34,Female,Bachelor,Single,Contract,13000000,43000000,86,2,1,3,18810000,20970000,20800000,750000,2100000,830000,3080000,3,1,30-39,20193333.33,1226666.667,0.469612403,Moderate,2,Moderate,Medium
CC103349,53,Male,High School,Married,Self-employed,8500000,38000000,180,3,3,0,14720000,23830000,27140000,1960000,480000,3740000,1460000,2,1,50-59,21896666.67,2060000,0.57622807,High,3,Low,Low
CC103350,35,Male,Bachelor,Single,Salaried,9300000,33000000,76,0,0,0,21580000,21720000,18810000,17880000,21500000,8800000,470000,1,0,30-39,20703333.33,16060000,0.627373737,High,3,Low,Low
CC103351,32,Male,Bachelor,Single,Contract,6200000,24000000,82,1,3,0,18870000,17320000,16760000,5970000,270000,4930000,1160000,2,1,30-39,17650000,3723333.333,0.735416667,High,3,Low,Low
CC103352,52,Female,Diploma,Married,Government,14900000,68000000,223,0,0,0,39720000,45640000,46360000,12250000,5960000,24680000,2470000,0,0,50-59,43906666.67,14296666.67,0.645686275,High,3,No Late Payments,High
CC103353,39,Female,Bachelor,Married,Salaried,17800000,62000000,99,0,0,0,1390000,3470000,4110000,770000,1270000,1070000,3290000,0,0,30-39,2990000,1036666.667,0.048225806,Low,1,No Late Payments,High
CC103354,21,Male,Bachelor,Single,Contract,9300000,33000000,3,2,0,0,24390000,26600000,24360000,5690000,26870000,11310000,500000,2,0,21-29,25116666.67,14623333.33,0.761111111,Very High,4,Low,Low
CC103355,49,Female,Bachelor,Single,Government,18800000,128000000,154,1,0,0,85580000,78120000,61850000,21680000,17780000,29870000,5380000,2,0,40-49,75183333.33,23110000,0.587369792,High,3,Low,Very High
CC103356,46,Male,High School,Other,Salaried,14300000,80000000,83,0,2,3,63500000,57570000,64630000,20050000,2530000,2680000,2840000,2,1,40-49,61900000,8420000,0.77375,Very High,4,Low,High
CC103357,27,Male,High School,Single,Salaried,5000000,20000000,29,0,0,0,8420000,8000000,9350000,3430000,1810000,7540000,270000,1,0,21-29,8590000,4260000,0.4295,Moderate,2,Low,Low
CC103358,37,Male,Bachelor,Married,Self-employed,22500000,147000000,140,0,0,0,56360000,57970000,68760000,18130000,14350000,20400000,9640000,0,0,30-39,61030000,17626666.67,0.415170068,Moderate,2,No Late Payments,Very High
CC103359,35,Female,Bachelor,Married,Government,9300000,35000000,32,0,0,0,23620000,17520000,16640000,3580000,5050000,9440000,1500000,0,0,30-39,19260000,6023333.333,0.550285714,High,3,No Late Payments,Low
CC103360,28,Male,Bachelor,Single,Salaried,8600000,24000000,38,0,0,0,6530000,8830000,6550000,6180000,4270000,6770000,610000,0,0,21-29,7303333.333,5740000,0.304305556,Moderate,2,No Late Payments,Low
CC103361,47,Male,Bachelor,Married,Salaried,18700000,80000000,90,0,0,0,30330000,19220000,13930000,31490000,19280000,6780000,1800000,0,0,40-49,21160000,19183333.33,0.2645,Moderate,2,No Late Payments,High
CC103362,36,Female,Postgraduate,Married,Contract,24000000,136000000,123,0,2,0,63300000,68250000,103690000,27620000,6700000,54520000,13170000,1,0,30-39,78413333.33,29613333.33,0.576568627,High,3,Low,Very High
CC103363,22,Female,Diploma,Single,Salaried,8200000,52000000,60,0,1,0,17950000,13190000,10630000,2520000,2040000,4670000,3010000,1,0,21-29,13923333.33,3076666.667,0.26775641,Moderate,2,Low,Medium
CC103364,42,Male,Diploma,Single,Contract,9000000,37000000,126,0,0,0,19450000,13730000,10750000,6510000,7610000,1690000,490000,0,0,40-49,14643333.33,5270000,0.395765766,Moderate,2,No Late Payments,Low
CC103365,43,Male,Bachelor,Married,Salaried,21300000,96000000,59,0,1,0,43810000,32180000,13930000,8170000,1560000,11170000,6700000,1,1,40-49,29973333.33,6966666.667,0.312222222,Moderate,2,Low,High
CC103366,21,Female,Diploma,Other,Contract,5700000,20000000,3,3,3,2,5030000,8540000,7080000,290000,460000,790000,1750000,4,1,21-29,6883333.333,513333.3333,0.344166667,Moderate,2,Moderate,Low
CC103367,29,Female,Bachelor,Married,Salaried,10500000,33000000,84,0,0,0,14230000,16190000,15590000,1930000,4640000,4370000,1970000,1,0,21-29,15336666.67,3646666.667,0.464747475,Moderate,2,Low,Low
CC103368,41,Female,High School,Married,Government,10500000,59000000,153,0,0,0,15640000,18090000,13320000,3810000,7190000,4460000,880000,0,0,40-49,15683333.33,5153333.333,0.265819209,Moderate,2,No Late Payments,Medium
CC103369,34,Female,Bachelor,Single,Government,13400000,57000000,46,0,0,0,16820000,14530000,24740000,2680000,8520000,13290000,1320000,0,0,30-39,18696666.67,8163333.333,0.328011696,Moderate,2,No Late Payments,Medium
CC103370,26,Female,High School,Single,Contract,5300000,20000000,25,0,0,0,6250000,3990000,3730000,1720000,2680000,510000,20000,0,0,21-29,4656666.667,1636666.667,0.232833333,Low,1,No Late Payments,Low
CC103371,28,Female,Diploma,Married,Self-employed,10200000,39000000,61,0,0,0,26690000,23630000,19550000,4210000,6870000,6150000,1700000,0,0,21-29,23290000,5743333.333,0.597179487,High,3,No Late Payments,Low
CC103372,21,Male,High School,Single,Salaried,6600000,32000000,25,0,1,1,1260000,9570000,9560000,410000,1770000,2430000,960000,2,0,21-29,6796666.667,1536666.667,0.212395833,Low,1,Low,Low
CC103373,45,Female,Bachelor,Married,Contract,17600000,52000000,56,0,0,0,21510000,32690000,26260000,4990000,11860000,8810000,8240000,0,0,40-49,26820000,8553333.333,0.515769231,High,3,No Late Payments,Medium
CC103374,23,Female,Postgraduate,Single,Contract,10100000,46000000,28,3,3,3,34720000,35370000,36190000,580000,580000,660000,5960000,5,1,21-29,35426666.67,606666.6667,0.770144928,Very High,4,High,Medium
CC103375,26,Female,Diploma,Single,Salaried,10100000,54000000,71,0,0,0,31650000,28260000,35270000,26600000,16040000,36280000,4660000,0,0,21-29,31726666.67,26306666.67,0.587530864,High,3,No Late Payments,Medium
CC103376,49,Female,High School,Married,Self-employed,12200000,57000000,98,0,0,0,3330000,11640000,19660000,1040000,1790000,17470000,1460000,0,1,40-49,11543333.33,6766666.667,0.20251462,Low,1,No Late Payments,Medium
CC103377,48,Female,Postgraduate,Married,Contract,15200000,45000000,160,0,0,0,13530000,11090000,10130000,5860000,4530000,2920000,1060000,1,0,40-49,11583333.33,4436666.667,0.257407407,Moderate,2,Low,Medium
CC103378,21,Male,Postgraduate,Other,Salaried,15800000,69000000,35,0,0,0,35580000,34980000,32090000,35600000,16110000,14990000,2120000,0,0,21-29,34216666.67,22233333.33,0.49589372,Moderate,2,No Late Payments,High
CC103379,57,Female,Bachelor,Other,Self-employed,13200000,77000000,183,0,1,1,13990000,20880000,23440000,5950000,5690000,7510000,510000,2,0,50-59,19436666.67,6383333.333,0.252424242,Moderate,2,Low,High
CC103380,22,Male,Diploma,Single,Self-employed,9200000,50000000,40,1,0,0,25810000,24940000,20720000,920000,12550000,980000,1340000,1,0,21-29,23823333.33,4816666.667,0.476466667,Moderate,2,Low,Medium
CC103381,36,Female,Bachelor,Married,Self-employed,15400000,40000000,56,0,0,0,2300000,0,2570000,1160000,0,2670000,150000,1,0,30-39,1623333.333,1276666.667,0.040583333,Low,1,Low,Medium
CC103382,38,Female,High School,Single,Government,7500000,28000000,59,0,0,0,2770000,4110000,2830000,1080000,2160000,830000,110000,0,0,30-39,3236666.667,1356666.667,0.115595238,Low,1,No Late Payments,Low
CC103383,42,Male,High School,Married,Salaried,9800000,56000000,96,0,0,0,6170000,17440000,15240000,6070000,8500000,6080000,2470000,1,0,40-49,12950000,6883333.333,0.23125,Low,1,Low,Medium
CC103384,40,Female,Bachelor,Single,Self-employed,10100000,50000000,63,0,0,0,26630000,20350000,22890000,13750000,4660000,4620000,440000,0,0,40-49,23290000,7676666.667,0.4658,Moderate,2,No Late Payments,Medium
CC103385,36,Male,Bachelor,Married,Self-employed,13300000,61000000,44,3,0,0,45010000,47760000,42810000,1290000,44930000,20740000,1540000,2,1,30-39,45193333.33,22320000,0.740874317,High,3,Low,High
CC103386,48,Female,Diploma,Other,Salaried,10100000,49000000,151,0,0,0,11010000,8870000,16570000,2520000,8150000,7220000,2370000,0,0,40-49,12150000,5963333.333,0.247959184,Low,1,No Late Payments,Medium
CC103387,47,Female,Postgraduate,Single,Government,23500000,146000000,113,0,0,0,17440000,19310000,28510000,6610000,5800000,15780000,390000,0,0,40-49,21753333.33,9396666.667,0.148995434,Low,1,No Late Payments,Very High
CC103388,26,Male,Diploma,Married,Self-employed,11400000,54000000,41,0,0,0,13620000,14510000,12720000,12720000,13520000,6210000,1060000,0,0,21-29,13616666.67,10816666.67,0.252160494,Moderate,2,No Late Payments,Medium
CC103389,35,Male,Bachelor,Other,Salaried,15300000,82000000,74,0,0,2,47930000,45740000,49000000,5160000,44830000,1060000,4520000,2,0,30-39,47556666.67,17016666.67,0.57995935,High,3,Low,High
CC103390,39,Female,Bachelor,Single,Salaried,19400000,94000000,64,0,2,0,21880000,16980000,9700000,21350000,1040000,4870000,1550000,1,0,30-39,16186666.67,9086666.667,0.172198582,Low,1,Low,High
CC103391,37,Male,High School,Married,Government,6200000,29000000,136,2,0,0,19350000,20380000,17980000,4320000,5080000,3910000,1480000,1,0,30-39,19236666.67,4436666.667,0.663333333,High,3,Low,Low
CC103392,21,Male,Postgraduate,Single,Contract,7800000,30000000,3,0,0,0,10850000,11240000,13500000,4450000,10920000,7030000,610000,0,0,21-29,11863333.33,7466666.667,0.395444444,Moderate,2,No Late Payments,Low
CC103393,29,Female,High School,Married,Self-employed,6800000,30000000,62,0,0,0,4490000,4450000,960000,3980000,2160000,420000,1450000,0,0,21-29,3300000,2186666.667,0.11,Low,1,No Late Payments,Low
CC103394,42,Male,High School,Married,Self-employed,13800000,71000000,118,0,0,0,7980000,530000,7990000,3580000,530000,3410000,750000,0,0,40-49,5500000,2506666.667,0.077464789,Low,1,No Late Payments,High
CC103395,47,Male,Bachelor,Single,Government,17500000,71000000,198,1,1,0,9390000,12450000,14500000,1690000,2390000,2370000,2010000,2,0,40-49,12113333.33,2150000,0.170610329,Low,1,Low,High
CC103396,23,Female,High School,Single,Other,5100000,27000000,13,0,0,0,4650000,4660000,4770000,1570000,1840000,1540000,1320000,0,0,21-29,4693333.333,1650000,0.17382716,Low,1,No Late Payments,Low
CC103397,31,Female,Bachelor,Married,Salaried,6800000,30000000,80,0,0,0,4180000,4080000,4800000,1990000,3390000,2030000,740000,1,0,30-39,4353333.333,2470000,0.145111111,Low,1,Low,Low
CC103398,44,Female,High School,Single,Government,12100000,57000000,145,0,0,0,27830000,24450000,22520000,13690000,13560000,23160000,380000,0,1,40-49,24933333.33,16803333.33,0.437426901,Moderate,2,No Late Payments,Medium
CC103399,23,Male,Bachelor,Single,Self-employed,9800000,41000000,38,2,0,0,14300000,14110000,18820000,2200000,1480000,7550000,3240000,1,0,21-29,15743333.33,3743333.333,0.38398374,Moderate,2,Low,Medium
CC103400,53,Female,Bachelor,Married,Salaried,11400000,24000000,78,0,0,0,7030000,5630000,7810000,1760000,920000,3000000,750000,0,0,50-59,6823333.333,1893333.333,0.284305556,Moderate,2,No Late Payments,Low
CC103401,49,Male,Diploma,Married,Contract,6900000,31000000,200,0,0,0,2680000,2620000,3410000,1550000,600000,1270000,230000,0,0,40-49,2903333.333,1140000,0.093655914,Low,1,No Late Payments,Low
CC103402,32,Female,Bachelor,Married,Government,20200000,137000000,58,0,0,0,30820000,20830000,31240000,14090000,21840000,29370000,11530000,1,0,30-39,27630000,21766666.67,0.201678832,Low,1,Low,Very High
CC103403,47,Female,Bachelor,Married,Government,12000000,58000000,184,0,0,0,12960000,16220000,13240000,2940000,5170000,4730000,900000,0,0,40-49,14140000,4280000,0.243793103,Low,1,No Late Payments,Medium
CC103404,41,Male,High School,Married,Self-employed,8300000,56000000,134,3,2,3,39280000,36500000,25500000,920000,6870000,710000,4600000,3,1,40-49,33760000,2833333.333,0.602857143,High,3,Moderate,Medium
CC103405,38,Male,Postgraduate,Married,Self-employed,15200000,81000000,101,0,2,0,13680000,22070000,18030000,6140000,1610000,10870000,2770000,1,0,30-39,17926666.67,6206666.667,0.221316872,Low,1,Low,High
CC103406,44,Male,Diploma,Single,Salaried,8000000,20000000,149,0,0,2,22190000,18390000,19240000,5920000,7170000,270000,1290000,1,0,40-49,19940000,4453333.333,0.997,Very High,4,Low,Low
CC103407,61,Male,High School,Married,Self-employed,14200000,94000000,113,0,0,0,14400000,31810000,37650000,4020000,11630000,33490000,190000,0,0,60+,27953333.33,16380000,0.297375887,Moderate,2,No Late Payments,High
CC103408,26,Male,High School,Single,Other,6400000,29000000,66,0,0,0,10430000,9450000,6780000,1490000,5020000,2360000,2840000,0,0,21-29,8886666.667,2956666.667,0.306436782,Moderate,2,No Late Payments,Low
CC103409,28,Female,Bachelor,Married,Government,12000000,48000000,52,0,0,0,290000,0,6860000,290000,0,4220000,1170000,0,0,21-29,2383333.333,1503333.333,0.049652778,Low,1,No Late Payments,Medium
CC103410,25,Female,Bachelor,Single,Self-employed,18700000,87000000,17,0,0,0,28340000,24860000,22690000,1840000,13230000,6280000,4750000,0,0,21-29,25296666.67,7116666.667,0.290766284,Moderate,2,No Late Payments,High
CC103411,59,Male,Diploma,Married,Self-employed,15500000,116000000,211,0,2,2,78210000,64600000,58940000,44450000,15900000,16330000,7810000,2,0,50-59,67250000,25560000,0.579741379,High,3,Low,Very High
CC103412,45,Female,Diploma,Married,Government,15500000,81000000,100,3,0,1,32740000,45910000,42440000,4360000,15080000,10090000,6020000,2,1,40-49,40363333.33,9843333.333,0.498312757,Moderate,2,Low,High
CC103413,49,Male,High School,Married,Salaried,11600000,39000000,131,1,3,3,22990000,23800000,21340000,3770000,560000,670000,2570000,4,1,40-49,22710000,1666666.667,0.582307692,High,3,Moderate,Low
CC103414,37,Male,Diploma,Other,Self-employed,14800000,61000000,66,0,0,0,10270000,14730000,23300000,9770000,14830000,9180000,2430000,0,0,30-39,16100000,11260000,0.263934426,Moderate,2,No Late Payments,High
CC103415,24,Female,High School,Single,Self-employed,10800000,32000000,29,0,0,0,8630000,11500000,10210000,2780000,3630000,1950000,170000,1,0,21-29,10113333.33,2786666.667,0.316041667,Moderate,2,Low,Low
CC103416,34,Female,Postgraduate,Married,Salaried,12300000,40000000,53,0,0,0,15660000,19260000,16410000,8370000,6440000,5100000,2880000,0,0,30-39,17110000,6636666.667,0.42775,Moderate,2,No Late Payments,Medium
CC103417,43,Female,Postgraduate,Married,Salaried,11300000,44000000,74,0,0,0,14410000,16300000,17190000,4690000,6870000,3860000,1080000,1,0,40-49,15966666.67,5140000,0.362878788,Moderate,2,Low,Medium
CC103418,49,Male,Diploma,Married,Other,6500000,40000000,122,3,3,0,20140000,14830000,16320000,690000,660000,1390000,3710000,2,1,40-49,17096666.67,913333.3333,0.427416667,Moderate,2,Low,Medium
CC103419,21,Male,Postgraduate,Single,Salaried,11200000,52000000,3,0,0,0,37280000,33190000,26630000,30820000,27230000,11010000,1460000,0,0,21-29,32366666.67,23020000,0.622435897,High,3,No Late Payments,Medium
CC103420,43,Male,Diploma,Other,Self-employed,9000000,42000000,107,0,0,0,14700000,14250000,19540000,1830000,3780000,6270000,2630000,0,0,40-49,16163333.33,3960000,0.38484127,Moderate,2,No Late Payments,Medium
CC103421,42,Female,Bachelor,Other,Contract,13300000,44000000,82,0,0,0,19140000,22880000,15480000,18810000,8120000,4450000,1810000,1,1,40-49,19166666.67,10460000,0.435606061,Moderate,2,Low,Medium
CC103422,28,Female,Bachelor,Married,Contract,7200000,21000000,55,0,0,0,12720000,14870000,14320000,13140000,2430000,2800000,1210000,0,0,21-29,13970000,6123333.333,0.665238095,High,3,No Late Payments,Low
CC103423,40,Female,Diploma,Married,Government,10900000,59000000,98,0,0,0,14800000,24770000,21930000,4570000,9980000,9780000,7250000,0,0,40-49,20500000,8110000,0.347457627,Moderate,2,No Late Payments,Medium
CC103424,36,Female,Postgraduate,Single,Contract,12400000,49000000,136,0,0,0,37440000,45970000,37950000,7050000,7630000,9550000,9420000,0,0,30-39,40453333.33,8076666.667,0.825578231,Very High,4,No Late Payments,Medium
CC103425,44,Female,Bachelor,Other,Salaried,17500000,76000000,169,3,1,0,33210000,24200000,29270000,1110000,5670000,1930000,2780000,2,1,40-49,28893333.33,2903333.333,0.380175439,Moderate,2,Low,High
CC103426,41,Female,Bachelor,Married,Self-employed,15500000,56000000,136,0,0,0,16350000,18770000,23000000,3130000,6060000,9070000,2610000,0,0,40-49,19373333.33,6086666.667,0.345952381,Moderate,2,No Late Payments,Medium
CC103427,41,Female,High School,Married,Salaried,13600000,84000000,153,1,2,0,11270000,5780000,16150000,1580000,1300000,7430000,6620000,4,0,40-49,11066666.67,3436666.667,0.131746032,Low,1,Moderate,High
CC103428,21,Female,Bachelor,Single,Contract,10200000,42000000,20,0,0,0,0,5990000,6350000,0,2850000,2230000,2100000,0,0,21-29,4113333.333,1693333.333,0.097936508,Low,1,No Late Payments,Medium
CC103429,52,Female,Postgraduate,Other,Self-employed,35200000,144000000,90,0,0,0,100630000,104200000,89600000,23620000,56910000,10490000,6440000,1,0,50-59,98143333.33,30340000,0.681550926,High,3,Low,Very High
CC103430,32,Female,Bachelor,Married,Salaried,13800000,57000000,82,0,0,0,30050000,29390000,40180000,14000000,6970000,12840000,2190000,1,0,30-39,33206666.67,11270000,0.582573099,High,3,Low,Medium
CC103431,51,Female,High School,Married,Self-employed,13900000,37000000,152,0,0,0,19570000,19200000,14030000,18580000,3540000,11710000,1830000,1,0,50-59,17600000,11276666.67,0.475675676,Moderate,2,Low,Low
CC103432,37,Male,Bachelor,Married,Contract,8000000,26000000,77,0,0,0,16890000,12980000,11110000,5220000,12670000,4240000,2590000,1,0,30-39,13660000,7376666.667,0.525384615,High,3,Low,Low
CC103433,48,Female,Diploma,Married,Contract,10900000,41000000,200,1,0,0,11580000,12970000,12570000,3840000,11870000,11990000,730000,1,0,40-49,12373333.33,9233333.333,0.301788618,Moderate,2,Low,Medium
CC103434,42,Male,High School,Married,Salaried,13300000,34000000,191,0,0,1,3670000,2870000,8970000,1380000,780000,3120000,870000,1,0,40-49,5170000,1760000,0.152058824,Low,1,Low,Low
CC103435,45,Female,Bachelor,Single,Salaried,9600000,53000000,111,0,2,0,14670000,14610000,8810000,14110000,790000,2740000,1390000,2,0,40-49,12696666.67,5880000,0.239559748,Low,1,Low,Medium
CC103436,41,Female,High School,Married,Other,6600000,38000000,87,3,3,3,32620000,31270000,31540000,2800000,820000,510000,2810000,3,1,40-49,31810000,1376666.667,0.837105263,Very High,4,Moderate,Low
CC103437,43,Male,Bachelor,Married,Salaried,14500000,79000000,57,0,0,0,30850000,32930000,41820000,10130000,30110000,43850000,5160000,1,0,40-49,35200000,28030000,0.44556962,Moderate,2,Low,High
CC103438,30,Female,High School,Married,Contract,6500000,32000000,89,0,0,0,6980000,9170000,6250000,3860000,7370000,6240000,620000,0,0,30-39,7466666.667,5823333.333,0.233333333,Low,1,No Late Payments,Low
CC103439,48,Male,Diploma,Married,Salaried,16800000,83000000,200,0,0,0,38220000,49380000,44630000,39940000,45940000,8940000,610000,0,0,40-49,44076666.67,31606666.67,0.531044177,High,3,No Late Payments,High
CC103440,35,Female,High School,Single,Contract,10500000,52000000,93,0,0,0,42330000,36390000,33840000,11390000,6000000,14030000,890000,0,0,30-39,37520000,10473333.33,0.721538462,High,3,No Late Payments,Medium
CC103441,33,Female,Diploma,Single,Self-employed,8900000,55000000,76,3,2,0,15740000,12950000,19240000,920000,1360000,5200000,4230000,2,1,30-39,15976666.67,2493333.333,0.290484848,Moderate,2,Low,Medium
CC103442,50,Female,High School,Married,Contract,9700000,35000000,72,0,0,0,9990000,2660000,3390000,2590000,1310000,2130000,1170000,0,0,50-59,5346666.667,2010000,0.152761905,Low,1,No Late Payments,Low
CC103443,21,Male,Bachelor,Married,Salaried,8700000,35000000,14,0,0,0,8190000,13130000,13840000,2520000,2980000,6420000,450000,1,0,21-29,11720000,3973333.333,0.334857143,Moderate,2,Low,Low
CC103444,26,Male,High School,Other,Government,5000000,20000000,60,3,3,0,16160000,12380000,14380000,280000,720000,1360000,1350000,2,1,21-29,14306666.67,786666.6667,0.715333333,High,3,Low,Low
CC103445,40,Female,Bachelor,Other,Contract,16100000,55000000,89,0,0,0,27370000,24260000,24230000,1090000,1180000,4620000,7370000,0,0,40-49,25286666.67,2296666.667,0.459757576,Moderate,2,No Late Payments,Medium
CC103446,48,Female,High School,Married,Other,7200000,29000000,120,0,0,0,2190000,3320000,1220000,700000,2860000,510000,120000,0,0,40-49,2243333.333,1356666.667,0.077356322,Low,1,No Late Payments,Low
CC103447,60,Female,Bachelor,Married,Government,23500000,160000000,240,0,2,0,131020000,131730000,119830000,132060000,13050000,35400000,7450000,1,1,60+,127526666.7,60170000,0.797041667,Very High,4,Low,Very High
CC103448,32,Male,Bachelor,Married,Government,17800000,100000000,54,0,0,0,19130000,26320000,11680000,8670000,24810000,5190000,3450000,0,0,30-39,19043333.33,12890000,0.190433333,Low,1,No Late Payments,Very High
CC103449,56,Female,Bachelor,Married,Government,14700000,64000000,153,0,0,0,11420000,12810000,15970000,1600000,7290000,7850000,940000,0,0,50-59,13400000,5580000,0.209375,Low,1,No Late Payments,High
CC103450,35,Male,Bachelor,Married,Salaried,10700000,54000000,90,0,1,1,37550000,34860000,39340000,17160000,11580000,11890000,730000,3,0,30-39,37250000,13543333.33,0.689814815,High,3,Moderate,Medium
CC103451,24,Male,Diploma,Single,Self-employed,9000000,35000000,27,0,0,0,22170000,24910000,21600000,5730000,8660000,390000,2270000,0,0,21-29,22893333.33,4926666.667,0.654095238,High,3,No Late Payments,Low
CC103452,34,Female,Bachelor,Married,Self-employed,12100000,54000000,73,0,0,0,35610000,37080000,25210000,15280000,12180000,22180000,8110000,0,0,30-39,32633333.33,16546666.67,0.604320988,High,3,No Late Payments,Medium
CC103453,25,Male,Postgraduate,Single,Salaried,10200000,44000000,48,2,0,1,45290000,47060000,40940000,2270000,13570000,790000,2820000,2,1,21-29,44430000,5543333.333,1.009772727,Over Limit,5,Low,Medium
CC103454,43,Male,Bachelor,Married,Salaried,12900000,72000000,66,2,3,3,46300000,26830000,36700000,820000,2890000,5280000,2010000,3,1,40-49,36610000,2996666.667,0.508472222,High,3,Moderate,High
CC103455,22,Female,High School,Single,Other,5000000,21000000,27,0,0,1,5830000,6400000,7090000,1290000,2990000,2330000,440000,1,0,21-29,6440000,2203333.333,0.306666667,Moderate,2,Low,Low
CC103456,29,Female,Bachelor,Married,Salaried,11300000,40000000,42,0,0,0,7790000,12930000,10350000,3530000,5360000,5990000,2590000,0,0,21-29,10356666.67,4960000,0.258916667,Moderate,2,No Late Payments,Medium
CC103457,21,Male,Bachelor,Single,Contract,11900000,66000000,42,0,0,0,42240000,38180000,42970000,19270000,16960000,44630000,15880000,0,0,21-29,41130000,26953333.33,0.623181818,High,3,No Late Payments,High
CC103458,26,Female,Diploma,Single,Salaried,7300000,27000000,9,0,0,0,19500000,20560000,21570000,5690000,3720000,5260000,690000,0,0,21-29,20543333.33,4890000,0.760864198,Very High,4,No Late Payments,Low
CC103459,46,Male,High School,Married,Self-employed,10000000,35000000,185,0,0,0,19710000,20820000,25040000,5670000,9310000,8790000,690000,0,0,40-49,21856666.67,7923333.333,0.62447619,High,3,No Late Payments,Low
CC103460,33,Female,Postgraduate,Married,Salaried,11100000,39000000,51,0,0,0,9370000,11310000,15410000,3720000,2040000,6950000,840000,0,1,30-39,12030000,4236666.667,0.308461538,Moderate,2,No Late Payments,Low
CC103461,29,Female,High School,Single,Salaried,9500000,44000000,51,0,0,2,22580000,16070000,14910000,5960000,10610000,480000,1380000,2,0,21-29,17853333.33,5683333.333,0.405757576,Moderate,2,Low,Medium
CC103462,25,Female,High School,Single,Contract,5000000,25000000,44,0,0,0,10500000,11530000,9300000,3770000,3560000,5360000,980000,1,0,21-29,10443333.33,4230000,0.417733333,Moderate,2,Low,Low
CC103463,36,Male,Bachelor,Married,Salaried,9700000,55000000,118,1,1,0,16920000,16210000,9840000,900000,7380000,2540000,1820000,2,0,30-39,14323333.33,3606666.667,0.260424242,Moderate,2,Low,Medium
CC103464,32,Female,Diploma,Married,Government,11000000,48000000,76,0,0,0,29920000,27790000,27520000,19250000,5490000,8490000,5510000,1,0,30-39,28410000,11076666.67,0.591875,High,3,Low,Medium
CC103465,27,Female,Diploma,Married,Government,9100000,22000000,45,1,1,0,5910000,1740000,870000,1130000,440000,470000,3020000,2,1,21-29,2840000,680000,0.129090909,Low,1,Low,Low
CC103466,47,Female,Bachelor,Single,Self-employed,22600000,94000000,173,0,1,0,48680000,42000000,41920000,50200000,7640000,24380000,3900000,1,1,40-49,44200000,27406666.67,0.470212766,Moderate,2,Low,High
CC103467,33,Female,High School,Single,Contract,8000000,46000000,80,0,0,1,23770000,34400000,31000000,6630000,14410000,860000,1150000,1,0,30-39,29723333.33,7300000,0.64615942,High,3,Low,Medium
CC103468,37,Female,Postgraduate,Single,Salaried,16100000,85000000,63,0,0,1,27820000,24440000,38020000,11680000,8820000,10380000,930000,2,0,30-39,30093333.33,10293333.33,0.354039216,Moderate,2,Low,High
CC103469,43,Male,Bachelor,Married,Salaried,11800000,64000000,113,0,0,0,10180000,16720000,17720000,8810000,13670000,9230000,2160000,0,0,40-49,14873333.33,10570000,0.232395833,Low,1,No Late Payments,High
CC103470,21,Female,Diploma,Married,Salaried,5500000,20000000,30,0,0,0,770000,7930000,4400000,290000,4310000,2120000,1774666,0,0,21-29,4366666.667,2240000,0.218333333,Low,1,No Late Payments,Low
CC103471,29,Male,Diploma,Married,Other,8200000,50000000,62,0,0,0,35460000,36430000,33600000,5490000,7230000,15720000,2020000,1,0,21-29,35163333.33,9480000,0.703266667,High,3,Low,Medium
CC103472,35,Female,Bachelor,Single,Contract,8800000,55000000,106,3,3,3,36940000,36150000,48250000,770000,990000,920000,4300000,5,1,30-39,40446666.67,893333.3333,0.735393939,High,3,High,Medium
CC103473,49,Male,High School,Married,Salaried,11600000,64000000,146,0,0,0,29500000,35390000,42490000,9360000,17830000,43930000,4830000,1,0,40-49,35793333.33,23706666.67,0.559270833,High,3,Low,High
CC103474,41,Female,Bachelor,Married,Self-employed,15600000,86000000,84,0,0,0,32190000,30620000,36720000,12500000,10770000,37550000,7820000,0,0,40-49,33176666.67,20273333.33,0.385775194,Moderate,2,No Late Payments,High
CC103475,38,Female,High School,Married,Contract,9300000,34000000,79,0,1,0,28960000,26760000,24400000,9000000,2360000,8110000,2180000,1,0,30-39,26706666.67,6490000,0.785490196,Very High,4,Low,Low
CC103476,45,Male,Diploma,Married,Salaried,9600000,59000000,104,0,0,0,31560000,30840000,29330000,10430000,11350000,15050000,2440000,0,0,40-49,30576666.67,12276666.67,0.518248588,High,3,No Late Payments,Medium
CC103477,30,Female,High School,Single,Contract,8400000,23000000,93,0,0,0,8490000,7690000,10200000,3090000,3820000,10120000,2110000,1,1,30-39,8793333.333,5676666.667,0.382318841,Moderate,2,Low,Low
CC103478,44,Female,Postgraduate,Married,Salaried,11600000,35000000,68,0,0,0,10920000,16650000,12550000,9100000,6310000,2370000,2380000,1,0,40-49,13373333.33,5926666.667,0.382095238,Moderate,2,Low,Low
CC103479,31,Male,Bachelor,Single,Government,13300000,73000000,75,0,0,1,61190000,47950000,40700000,24640000,17600000,8140000,1680000,1,0,30-39,49946666.67,16793333.33,0.684200913,High,3,Low,High
CC103480,28,Male,High School,Married,Other,5600000,22000000,44,0,0,0,940000,2910000,4870000,890000,880000,1620000,1400000,1,1,21-29,2906666.667,1130000,0.132121212,Low,1,Low,Low
CC103481,50,Male,Diploma,Married,Self-employed,8000000,29000000,79,3,3,3,18840000,17160000,14830000,350000,480000,590000,2520000,3,1,50-59,16943333.33,473333.3333,0.584252874,High,3,Moderate,Low
CC103482,37,Female,Diploma,Single,Salaried,14800000,63000000,72,1,0,0,5880000,1580000,3140000,2370000,1150000,1190000,3190000,2,0,30-39,3533333.333,1570000,0.056084656,Low,1,Low,High
CC103483,42,Female,Diploma,Married,Government,12600000,67000000,101,0,0,0,12040000,18150000,19730000,9790000,7220000,6210000,1840000,0,0,40-49,16640000,7740000,0.248358209,Low,1,No Late Payments,High
CC103484,22,Male,Bachelor,Single,Contract,9300000,36000000,3,0,0,0,17270000,14330000,15470000,790000,5340000,3040000,2240000,1,0,21-29,15690000,3056666.667,0.435833333,Moderate,2,Low,Low
CC103485,47,Male,Bachelor,Other,Self-employed,18100000,92000000,147,3,3,3,68820000,75550000,59050000,1030000,6910000,8490000,6440000,3,1,40-49,67806666.67,5476666.667,0.737028986,High,3,Moderate,High
CC103486,33,Male,Bachelor,Married,Self-employed,16600000,105000000,80,3,3,2,51150000,51310000,57860000,1940000,3700000,5930000,9680000,3,1,30-39,53440000,3856666.667,0.508952381,High,3,Moderate,Very High
CC103487,38,Female,High School,Single,Contract,7300000,48000000,104,3,2,3,31040000,24830000,17790000,1270000,6350000,740000,2400000,3,1,30-39,24553333.33,2786666.667,0.511527778,High,3,Moderate,Medium
CC103488,34,Female,Bachelor,Married,Salaried,12300000,43000000,68,0,0,0,18260000,21130000,23900000,5780000,5110000,5790000,1140000,0,0,30-39,21096666.67,5560000,0.490620155,Moderate,2,No Late Payments,Medium
CC103489,50,Male,Bachelor,Other,Salaried,15000000,86000000,208,0,0,1,26430000,25900000,15290000,3700000,6980000,3490000,8300000,1,0,50-59,22540000,4723333.333,0.262093023,Moderate,2,Low,High
CC103490,54,Male,Bachelor,Married,Government,19200000,98000000,191,3,3,3,51160000,32380000,49440000,3100000,1220000,1220000,8180000,3,1,50-59,44326666.67,1846666.667,0.452312925,Moderate,2,Moderate,High
CC103491,34,Female,Bachelor,Other,Salaried,17200000,104000000,85,0,0,0,49080000,63830000,46740000,18670000,60380000,45220000,9860000,0,0,30-39,53216666.67,41423333.33,0.511698718,High,3,No Late Payments,Very High
CC103492,46,Female,Bachelor,Other,Self-employed,13000000,85000000,156,0,0,0,57940000,62570000,47360000,7900000,13040000,13100000,4070000,1,0,40-49,55956666.67,11346666.67,0.658313725,High,3,Low,High
CC103493,38,Female,Postgraduate,Married,Salaried,22100000,82000000,119,0,0,0,36540000,41380000,34390000,32560000,8950000,10600000,2620000,0,0,30-39,37436666.67,17370000,0.456544715,Moderate,2,No Late Payments,High
CC103494,48,Male,Bachelor,Married,Other,13000000,39000000,90,1,0,0,31700000,29000000,31350000,8670000,14040000,12750000,560000,1,0,40-49,30683333.33,11820000,0.786752137,Very High,4,Low,Low
CC103495,25,Male,Bachelor,Single,Salaried,8100000,36000000,19,0,0,0,17370000,15860000,14740000,5560000,7470000,12460000,1670000,0,0,21-29,15990000,8496666.667,0.444166667,Moderate,2,No Late Payments,Low
CC103496,42,Male,High School,Married,Salaried,7800000,41000000,116,0,0,0,18820000,19990000,14940000,6450000,7630000,5160000,1800000,0,0,40-49,17916666.67,6413333.333,0.43699187,Moderate,2,No Late Payments,Medium
CC103497,41,Female,Bachelor,Married,Self-employed,17400000,88000000,52,0,0,0,43440000,25280000,16730000,17160000,13410000,8970000,3640000,1,0,40-49,28483333.33,13180000,0.323674242,Moderate,2,Low,High
CC103498,33,Female,High School,Single,Other,6000000,23000000,48,0,0,0,11440000,10240000,5410000,11920000,1070000,2030000,510000,0,0,30-39,9030000,5006666.667,0.392608696,Moderate,2,No Late Payments,Low
CC103499,44,Female,High School,Single,Salaried,8500000,28000000,75,1,2,3,9690000,14050000,13470000,5620000,6410000,3990000,1710000,3,1,40-49,12403333.33,5340000,0.44297619,Moderate,2,Moderate,Low
CC103500,24,Male,Bachelor,Single,Contract,8100000,20000000,25,3,1,2,12930000,11270000,11950000,420000,3240000,410000,890000,4,1,21-29,12050000,1356666.667,0.6025,High,3,Moderate,Low
CC103501,22,Male,High School,Married,Salaried,7800000,20000000,21,0,0,0,7470000,9190000,7780000,1570000,7830000,1580000,710000,0,0,21-29,8146666.667,3660000,0.407333333,Moderate,2,No Late Payments,Low
CC103502,46,Female,Diploma,Other,Salaried,12700000,43000000,89,0,0,0,9540000,11060000,18380000,3360000,3160000,2940000,4200000,0,0,40-49,12993333.33,3153333.333,0.302170543,Moderate,2,No Late Payments,Medium
CC103503,48,Female,High School,Married,Self-employed,10100000,44000000,122,2,3,3,23450000,16310000,20450000,920000,1870000,3150000,2520000,4,1,40-49,20070000,1980000,0.456136364,Moderate,2,Moderate,Medium
CC103504,25,Female,Bachelor,Married,Salaried,15400000,37000000,71,0,0,0,13030000,11620000,14600000,13370000,3900000,15180000,1110000,1,0,21-29,13083333.33,10816666.67,0.353603604,Moderate,2,Low,Low
CC103505,27,Male,Bachelor,Single,Government,16000000,78000000,40,0,0,0,21600000,23210000,2610000,7690000,7300000,1200000,3370000,1,0,21-29,15806666.67,5396666.667,0.202649573,Low,1,Low,High
CC103506,50,Female,Postgraduate,Married,Salaried,19500000,92000000,105,3,3,2,30730000,27030000,33310000,2010000,1020000,7160000,5550000,3,1,50-59,30356666.67,3396666.667,0.329963768,Moderate,2,Moderate,High
CC103507,51,Female,Diploma,Married,Self-employed,10800000,50000000,203,1,0,0,10780000,16580000,14260000,2510000,8360000,5070000,1790000,3,0,50-59,13873333.33,5313333.333,0.277466667,Moderate,2,Moderate,Medium
CC103508,29,Female,Diploma,Single,Salaried,8000000,46000000,38,0,0,0,16910000,17110000,16790000,4180000,10700000,5100000,830000,0,0,21-29,16936666.67,6660000,0.368188406,Moderate,2,No Late Payments,Medium
CC103509,55,Male,Bachelor,Other,Self-employed,21800000,107000000,149,1,1,2,56730000,58010000,46840000,3420000,12110000,1550000,2460000,4,0,50-59,53860000,5693333.333,0.503364486,High,3,Moderate,Very High
CC103510,29,Male,Diploma,Single,Government,11200000,40000000,46,0,0,0,1700000,13370000,3950000,1440000,6360000,1570000,2100000,0,0,21-29,6340000,3123333.333,0.1585,Low,1,No Late Payments,Medium
CC103511,41,Female,High School,Married,Salaried,15900000,54000000,76,1,0,0,29910000,41430000,37230000,9000000,16280000,11900000,1870000,2,0,40-49,36190000,12393333.33,0.670185185,High,3,Low,Medium
CC103512,31,Male,High School,Married,Salaried,8100000,49000000,66,0,0,0,20230000,13960000,14210000,5900000,4620000,3710000,4950000,0,0,30-39,16133333.33,4743333.333,0.329251701,Moderate,2,No Late Payments,Medium
CC103513,46,Female,Diploma,Married,Government,12600000,73000000,174,0,0,0,22050000,30180000,26290000,10750000,10430000,9120000,1800000,0,0,40-49,26173333.33,10100000,0.358538813,Moderate,2,No Late Payments,High
CC103514,30,Male,High School,Married,Salaried,5000000,25000000,95,0,0,0,10910000,10690000,8190000,4700000,3010000,3370000,430000,0,0,30-39,9930000,3693333.333,0.3972,Moderate,2,No Late Payments,Low
CC103515,23,Male,Bachelor,Married,Other,7800000,22000000,23,3,0,2,8280000,8880000,12010000,840000,880000,3080000,1110000,2,1,21-29,9723333.333,1600000,0.441969697,Moderate,2,Low,Low
CC103516,44,Male,Diploma,Married,Government,11000000,55000000,173,0,0,0,31120000,13550000,12590000,870000,5310000,5730000,340000,0,0,40-49,19086666.67,3970000,0.347030303,Moderate,2,No Late Payments,Medium
CC103517,31,Female,Bachelor,Married,Salaried,12400000,62000000,20,0,0,0,24870000,17230000,24410000,11540000,4550000,12620000,940000,0,0,30-39,22170000,9570000,0.357580645,Moderate,2,No Late Payments,High
CC103518,42,Female,Bachelor,Married,Self-employed,21400000,116000000,148,0,0,2,59020000,50100000,42380000,19850000,12160000,14040000,2310000,1,0,40-49,50500000,15350000,0.435344828,Moderate,2,Low,Very High
CC103519,41,Male,Postgraduate,Single,Government,13600000,55000000,129,0,0,0,20900000,11820000,21450000,8450000,5960000,8390000,1380000,0,0,40-49,18056666.67,7600000,0.32830303,Moderate,2,No Late Payments,Medium
CC103520,21,Male,Bachelor,Single,Other,5600000,28000000,7,0,0,0,840000,290000,2690000,750000,290000,870000,630000,1,0,21-29,1273333.333,636666.6667,0.04547619,Low,1,Low,Low
CC103521,38,Female,Bachelor,Married,Salaried,12300000,65000000,70,3,3,0,30030000,32280000,44670000,1390000,4040000,16080000,2400000,2,1,30-39,35660000,7170000,0.548615385,High,3,Low,High
CC103522,29,Female,Bachelor,Single,Salaried,13400000,74000000,47,2,3,3,51630000,45260000,56190000,1150000,2090000,1580000,11440000,4,1,21-29,51026666.67,1606666.667,0.68954955,High,3,Moderate,High
CC103523,41,Male,Bachelor,Single,Salaried,13200000,74000000,91,3,3,0,35860000,32050000,29970000,2190000,1810000,13050000,3110000,2,1,40-49,32626666.67,5683333.333,0.440900901,Moderate,2,Low,High
CC103524,30,Male,High School,Married,Government,9000000,43000000,72,3,3,0,28780000,32940000,36750000,670000,5620000,6780000,2830000,3,1,30-39,32823333.33,4356666.667,0.763333333,Very High,4,Moderate,Medium
CC103525,31,Male,Postgraduate,Married,Salaried,14700000,68000000,58,0,0,0,35660000,38150000,36890000,13120000,14530000,12530000,400000,1,0,30-39,36900000,13393333.33,0.542647059,High,3,Low,High
CC103526,35,Male,High School,Married,Self-employed,8000000,51000000,70,0,0,0,42800000,39820000,39380000,35830000,6910000,40390000,1620000,0,0,30-39,40666666.67,27710000,0.797385621,Very High,4,No Late Payments,Medium
CC103527,35,Female,Bachelor,Single,Government,17800000,70000000,98,1,0,0,41520000,37560000,36210000,8180000,18280000,6900000,2560000,1,0,30-39,38430000,11120000,0.549,High,3,Low,High
CC103528,30,Female,Postgraduate,Single,Salaried,9800000,37000000,57,0,0,0,20910000,21430000,20180000,10680000,12310000,14150000,1350000,0,0,30-39,20840000,12380000,0.563243243,High,3,No Late Payments,Low
CC103529,57,Male,Bachelor,Married,Government,12600000,70000000,155,3,3,3,40830000,39780000,30530000,6040000,4190000,1370000,4650000,3,1,50-59,37046666.67,3866666.667,0.529238095,High,3,Moderate,High
CC103530,33,Male,High School,Married,Salaried,6400000,25000000,81,0,0,0,3450000,2620000,7830000,1160000,740000,6490000,1370000,1,0,30-39,4633333.333,2796666.667,0.185333333,Low,1,Low,Low
CC103531,28,Female,High School,Married,Other,6000000,24000000,41,2,0,0,8340000,11690000,12500000,1980000,5550000,2590000,2060000,1,0,21-29,10843333.33,3373333.333,0.451805556,Moderate,2,Low,Low
CC103532,42,Male,High School,Married,Contract,7300000,26000000,78,0,0,0,13140000,10340000,12690000,6620000,2530000,4660000,480000,1,1,40-49,12056666.67,4603333.333,0.463717949,Moderate,2,Low,Low
CC103533,41,Male,Bachelor,Married,Contract,7000000,27000000,67,0,0,0,10390000,10740000,6640000,1700000,4460000,980000,1180000,0,0,40-49,9256666.667,2380000,0.342839506,Moderate,2,No Late Payments,Low
CC103534,36,Female,Bachelor,Married,Salaried,14200000,83000000,49,0,0,1,60940000,40820000,48430000,50040000,20490000,11070000,5060000,1,0,30-39,50063333.33,27200000,0.603172691,High,3,Low,High
CC103535,45,Female,Diploma,Married,Other,7700000,30000000,68,2,3,3,25140000,21840000,20040000,2650000,470000,1650000,1690000,3,1,40-49,22340000,1590000,0.744666667,High,3,Moderate,Low
CC103536,41,Female,Diploma,Married,Government,12500000,58000000,97,0,0,0,15390000,14040000,22610000,4340000,7910000,8520000,920000,1,0,40-49,17346666.67,6923333.333,0.29908046,Moderate,2,Low,Medium
CC103537,29,Female,Diploma,Married,Self-employed,6400000,27000000,45,3,0,0,9950000,10340000,9290000,470000,1350000,340000,1910000,1,1,21-29,9860000,720000,0.365185185,Moderate,2,Low,Low
CC103538,31,Female,Postgraduate,Single,Contract,9500000,39000000,76,3,3,2,19610000,17320000,21000000,520000,690000,1880000,5190000,4,1,30-39,19310000,1030000,0.495128205,Moderate,2,Moderate,Low
CC103539,21,Male,Diploma,Single,Salaried,10300000,38000000,34,0,0,0,26480000,23770000,20480000,9790000,22390000,5930000,3590000,0,1,21-29,23576666.67,12703333.33,0.620438596,High,3,No Late Payments,Low
CC103540,25,Male,High School,Single,Self-employed,5400000,20000000,51,3,1,2,8730000,6550000,7130000,350000,2010000,940000,640000,3,1,21-29,7470000,1100000,0.3735,Moderate,2,Moderate,Low
CC103541,29,Male,Bachelor,Single,Salaried,14400000,72000000,29,0,0,0,27810000,27240000,23880000,9920000,25690000,10320000,1150000,0,0,21-29,26310000,15310000,0.365416667,Moderate,2,No Late Payments,High
CC103542,43,Male,Postgraduate,Married,Contract,11600000,40000000,104,0,0,0,17330000,17180000,23660000,4550000,4820000,4800000,400000,0,0,40-49,19390000,4723333.333,0.48475,Moderate,2,No Late Payments,Medium
CC103543,33,Male,High School,Married,Salaried,5000000,20000000,51,0,1,0,4690000,5850000,3260000,1710000,850000,1540000,260000,1,0,30-39,4600000,1366666.667,0.23,Low,1,Low,Low
CC103544,39,Female,High School,Married,Other,9000000,43000000,73,0,0,0,12770000,19230000,18730000,12690000,8030000,7150000,3140000,0,0,30-39,16910000,9290000,0.393255814,Moderate,2,No Late Payments,Medium
CC103545,49,Female,Diploma,Married,Salaried,13600000,42000000,83,3,3,0,25630000,27080000,32950000,4230000,3340000,27870000,2420000,2,1,40-49,28553333.33,11813333.33,0.67984127,High,3,Low,Medium
CC103546,33,Male,Bachelor,Other,Salaried,9100000,32000000,55,0,0,0,13720000,9030000,15160000,12640000,4760000,5280000,460000,0,0,30-39,12636666.67,7560000,0.394895833,Moderate,2,No Late Payments,Low
CC103547,34,Male,Bachelor,Married,Salaried,10100000,38000000,54,0,0,0,15540000,13990000,7850000,6300000,7010000,2780000,1150000,0,0,30-39,12460000,5363333.333,0.327894737,Moderate,2,No Late Payments,Low
CC103548,40,Male,Postgraduate,Other,Salaried,33400000,125000000,53,0,0,0,30740000,37620000,25270000,9280000,5450000,9920000,3870000,1,0,40-49,31210000,8216666.667,0.24968,Low,1,Low,Very High
CC103549,42,Male,Postgraduate,Married,Self-employed,15200000,82000000,165,0,1,0,19310000,10650000,26400000,3790000,2250000,13290000,840000,2,0,40-49,18786666.67,6443333.333,0.229105691,Low,1,Low,High
CC103550,21,Male,High School,Single,Salaried,5000000,21000000,3,0,0,0,5100000,3400000,1350000,2490000,2810000,490000,1090000,0,0,21-29,3283333.333,1930000,0.156349206,Low,1,No Late Payments,Low
CC103551,33,Female,High School,Married,Contract,7700000,35000000,97,2,3,2,17240000,20690000,17740000,490000,660000,610000,1800000,4,1,30-39,18556666.67,586666.6667,0.530190476,High,3,Moderate,Low
CC103552,32,Female,Bachelor,Other,Salaried,14200000,62000000,32,0,0,0,23860000,12160000,6360000,13850000,6790000,2340000,3570000,0,0,30-39,14126666.67,7660000,0.227849462,Low,1,No Late Payments,High
CC103553,45,Female,High School,Married,Government,11500000,58000000,134,2,3,3,36950000,35890000,43680000,1830000,770000,3240000,7440000,4,1,40-49,38840000,1946666.667,0.669655172,High,3,Moderate,Medium
CC103554,42,Male,Diploma,Other,Self-employed,17200000,98000000,91,0,1,0,51300000,58180000,75240000,16960000,12710000,14780000,630000,1,0,40-49,61573333.33,14816666.67,0.62829932,High,3,Low,High
CC103555,23,Male,High School,Single,Salaried,5000000,30000000,22,0,0,0,4430000,6530000,6330000,1950000,3540000,2710000,740000,0,0,21-29,5763333.333,2733333.333,0.192111111,Low,1,No Late Payments,Low
CC103556,29,Female,High School,Married,Salaried,8900000,51000000,72,0,0,0,17580000,19560000,24100000,6490000,16840000,15400000,340000,0,0,21-29,20413333.33,12910000,0.400261438,Moderate,2,No Late Payments,Medium
CC103557,34,Female,Bachelor,Single,Salaried,13400000,36000000,60,0,0,0,15920000,12830000,19030000,4430000,5230000,4390000,730000,0,0,30-39,15926666.67,4683333.333,0.442407407,Moderate,2,No Late Payments,Low
CC103558,32,Female,High School,Single,Government,15000000,74000000,26,0,0,0,31620000,24370000,21630000,10290000,9010000,11850000,1160000,1,0,30-39,25873333.33,10383333.33,0.34963964,Moderate,2,Low,High
CC103559,28,Female,High School,Married,Government,12100000,51000000,31,0,0,0,14430000,13100000,13440000,3990000,3350000,11350000,860000,0,0,21-29,13656666.67,6230000,0.267777778,Moderate,2,No Late Payments,Medium
CC103560,53,Female,Postgraduate,Single,Salaried,15700000,96000000,227,0,0,0,15400000,17350000,13690000,7360000,10710000,6200000,2280000,0,0,50-59,15480000,8090000,0.16125,Low,1,No Late Payments,High
CC103561,26,Male,Bachelor,Single,Salaried,7300000,33000000,65,0,0,0,6430000,11120000,16270000,2360000,3540000,4500000,870000,0,0,21-29,11273333.33,3466666.667,0.341616162,Moderate,2,No Late Payments,Low
CC103562,32,Female,Bachelor,Married,Salaried,7100000,31000000,101,0,0,1,9480000,9240000,6300000,9940000,3450000,3100000,1770000,1,0,30-39,8340000,5496666.667,0.269032258,Moderate,2,Low,Low
CC103563,45,Female,Bachelor,Married,Other,5000000,23000000,172,0,0,0,3010000,4700000,5090000,1040000,1160000,1100000,120000,0,0,40-49,4266666.667,1100000,0.185507246,Low,1,No Late Payments,Low
CC103564,34,Female,Bachelor,Married,Contract,18000000,76000000,44,1,2,0,12800000,15360000,16490000,2210000,1290000,6080000,5630000,2,1,30-39,14883333.33,3193333.333,0.195833333,Low,1,Low,High
CC103565,38,Female,Diploma,Married,Government,10000000,47000000,107,0,0,0,7870000,5400000,10750000,3340000,4500000,5800000,1860000,0,0,30-39,8006666.667,4546666.667,0.17035461,Low,1,No Late Payments,Medium
CC103566,42,Male,Bachelor,Other,Government,23700000,123000000,44,0,0,0,40630000,32570000,27890000,2760000,9260000,4330000,9610000,0,0,40-49,33696666.67,5450000,0.27395664,Moderate,2,No Late Payments,Very High
CC103567,21,Female,Diploma,Married,Government,9500000,49000000,22,0,0,0,24850000,19770000,19060000,5920000,6590000,5220000,2010000,0,0,21-29,21226666.67,5910000,0.433197279,Moderate,2,No Late Payments,Medium
CC103568,39,Female,Bachelor,Single,Salaried,12300000,57000000,140,1,0,0,32440000,38220000,38660000,5180000,17980000,17160000,1610000,1,0,30-39,36440000,13440000,0.639298246,High,3,Low,Medium
CC103569,41,Male,Diploma,Married,Salaried,10100000,44000000,128,0,0,0,12080000,6540000,13440000,3130000,2220000,13940000,20000,0,0,40-49,10686666.67,6430000,0.242878788,Low,1,No Late Payments,Medium
CC103570,49,Male,High School,Married,Salaried,8000000,47000000,170,0,0,1,5880000,1830000,3030000,1840000,850000,640000,360000,1,0,40-49,3580000,1110000,0.076170213,Low,1,Low,Medium
CC103571,55,Male,Postgraduate,Married,Self-employed,18400000,102000000,239,0,0,0,37810000,43300000,41230000,32810000,44360000,19310000,4110000,1,0,50-59,40780000,32160000,0.399803922,Moderate,2,Low,Very High
CC103572,36,Male,Diploma,Single,Self-employed,8800000,54000000,72,0,0,0,19050000,20170000,20800000,10880000,11680000,16330000,1150000,0,0,30-39,20006666.67,12963333.33,0.370493827,Moderate,2,No Late Payments,Medium
CC103573,34,Female,Diploma,Married,Salaried,7000000,20000000,27,1,0,0,2880000,3950000,4950000,870000,3870000,1840000,810000,1,0,30-39,3926666.667,2193333.333,0.196333333,Low,1,Low,Low
CC103574,38,Male,Bachelor,Married,Self-employed,14100000,55000000,107,0,0,0,25430000,28610000,30130000,8700000,3600000,8500000,1380000,0,0,30-39,28056666.67,6933333.333,0.510121212,High,3,No Late Payments,Medium
CC103575,31,Male,Bachelor,Married,Government,8800000,48000000,44,3,0,0,29450000,28080000,32750000,1010000,5560000,7390000,2470000,1,1,30-39,30093333.33,4653333.333,0.626944444,High,3,Low,Medium
CC103576,48,Male,Diploma,Married,Salaried,13500000,65000000,121,0,2,0,37120000,38550000,27990000,4780000,4610000,10560000,650000,2,0,40-49,34553333.33,6650000,0.531589744,High,3,Low,High
CC103577,30,Female,Bachelor,Married,Government,14100000,99000000,94,0,0,0,39140000,39760000,28820000,16610000,12910000,13350000,2640000,0,0,30-39,35906666.67,14290000,0.362693603,Moderate,2,No Late Payments,High
CC103578,46,Male,High School,Married,Self-employed,12100000,88000000,184,0,0,0,45530000,37740000,43490000,14200000,8080000,9370000,1930000,0,0,40-49,42253333.33,10550000,0.480151515,Moderate,2,No Late Payments,High
CC103579,40,Female,Bachelor,Married,Salaried,16900000,70000000,119,0,0,0,42870000,32940000,24670000,11460000,8320000,4100000,2550000,1,1,40-49,33493333.33,7960000,0.47847619,Moderate,2,Low,High
CC103580,35,Male,Bachelor,Married,Government,11700000,55000000,54,0,0,0,13750000,8430000,15300000,880000,8250000,7370000,4260000,1,0,30-39,12493333.33,5500000,0.227151515,Low,1,Low,Medium
CC103581,31,Female,Diploma,Other,Self-employed,15000000,57000000,60,0,0,0,18340000,15530000,12910000,8350000,13590000,11930000,510000,0,0,30-39,15593333.33,11290000,0.273567251,Moderate,2,No Late Payments,Medium
CC103582,26,Male,Bachelor,Married,Government,5800000,20000000,7,0,0,0,6560000,8290000,5400000,1750000,1550000,1880000,980000,0,0,21-29,6750000,1726666.667,0.3375,Moderate,2,No Late Payments,Low
CC103583,35,Female,Bachelor,Married,Other,9300000,37000000,85,0,0,0,13270000,9450000,14660000,4320000,7580000,5250000,60000,0,0,30-39,12460000,5716666.667,0.336756757,Moderate,2,No Late Payments,Low
CC103584,41,Male,Diploma,Married,Salaried,10400000,55000000,175,0,0,0,18250000,17600000,12630000,12100000,9260000,4080000,1830000,0,0,40-49,16160000,8480000,0.293818182,Moderate,2,No Late Payments,Medium
CC103585,60,Male,High School,Married,Salaried,8700000,38000000,193,0,0,0,0,0,5290000,0,0,4850000,1900000,0,1,60+,1763333.333,1616666.667,0.046403509,Low,1,No Late Payments,Low
CC103586,36,Male,Bachelor,Other,Self-employed,12700000,78000000,82,0,1,0,51090000,54400000,43500000,9270000,12720000,19350000,5370000,2,0,30-39,49663333.33,13780000,0.636709402,High,3,Low,High
CC103587,58,Female,Diploma,Married,Salaried,11000000,65000000,181,0,0,0,24050000,37400000,35110000,25080000,13030000,28710000,1060000,0,0,50-59,32186666.67,22273333.33,0.495179487,Moderate,2,No Late Payments,High
CC103588,63,Male,High School,Married,Contract,10400000,52000000,180,0,0,0,14790000,15170000,10420000,3670000,5580000,3170000,1920000,1,0,60+,13460000,4140000,0.258846154,Moderate,2,Low,Medium
CC103589,42,Male,Bachelor,Married,Government,18700000,57000000,36,0,0,0,39160000,39060000,31510000,7760000,9700000,8700000,2030000,0,0,40-49,36576666.67,8720000,0.641695906,High,3,No Late Payments,Medium
CC103590,35,Male,Bachelor,Single,Salaried,14300000,31000000,54,0,0,0,9630000,12300000,10340000,2400000,8080000,6060000,880000,0,0,30-39,10756666.67,5513333.333,0.346989247,Moderate,2,No Late Payments,Low
CC103591,45,Male,Bachelor,Married,Salaried,14200000,59000000,97,0,0,0,40500000,27430000,32450000,13080000,27690000,31860000,460000,0,0,40-49,33460000,24210000,0.567118644,High,3,No Late Payments,Medium
CC103592,30,Female,Bachelor,Single,Contract,8200000,41000000,31,0,0,0,600000,0,7090000,600000,0,6870000,2070000,0,0,30-39,2563333.333,2490000,0.062520325,Low,1,No Late Payments,Medium
CC103593,52,Female,Bachelor,Other,Salaried,21300000,118000000,233,0,0,0,31670000,38740000,22460000,10960000,13270000,14570000,1590000,0,0,50-59,30956666.67,12933333.33,0.262344633,Moderate,2,No Late Payments,Very High
CC103594,30,Female,Bachelor,Married,Salaried,12300000,49000000,69,0,0,0,28890000,34460000,32870000,13280000,10550000,6170000,1660000,0,0,30-39,32073333.33,10000000,0.654557823,High,3,No Late Payments,Medium
CC103595,26,Male,Bachelor,Single,Self-employed,9100000,52000000,39,2,0,0,7940000,12970000,9450000,1500000,4800000,3330000,440000,2,0,21-29,10120000,3210000,0.194615385,Low,1,Low,Medium
CC103596,43,Female,High School,Single,Government,10300000,44000000,73,1,0,0,28790000,21240000,17210000,7610000,11170000,3960000,3920000,2,1,40-49,22413333.33,7580000,0.509393939,High,3,Low,Medium
CC103597,51,Female,Bachelor,Single,Salaried,13800000,69000000,232,0,0,0,4880000,6790000,3640000,1690000,7100000,3350000,3830000,0,0,50-59,5103333.333,4046666.667,0.073961353,Low,1,No Late Payments,High
CC103598,42,Female,High School,Married,Other,5000000,23000000,85,1,0,0,5470000,2920000,5800000,1700000,960000,2030000,880000,1,0,40-49,4730000,1563333.333,0.205652174,Low,1,Low,Low
CC103599,39,Male,High School,Married,Salaried,8800000,43000000,134,3,0,0,34670000,26740000,29400000,650000,8610000,23850000,3210000,2,1,30-39,30270000,11036666.67,0.703953488,High,3,Low,Medium
CC103600,45,Male,High School,Married,Contract,7400000,35000000,155,0,0,2,23520000,26480000,23240000,8730000,6620000,1350000,2310000,1,0,40-49,24413333.33,5566666.667,0.69752381,High,3,Low,Low
CC103601,33,Male,Postgraduate,Single,Salaried,8900000,39000000,46,0,0,0,12630000,20880000,15030000,4960000,8110000,6460000,3370000,0,0,30-39,16180000,6510000,0.414871795,Moderate,2,No Late Payments,Low
CC103602,36,Female,Postgraduate,Single,Salaried,10800000,58000000,114,0,0,0,28130000,37560000,38470000,27900000,8340000,18740000,2340000,0,0,30-39,34720000,18326666.67,0.59862069,High,3,No Late Payments,Medium
CC103603,21,Female,Bachelor,Single,Salaried,10000000,53000000,38,1,0,0,11600000,20840000,15420000,2000000,18920000,3610000,810000,1,0,21-29,15953333.33,8176666.667,0.301006289,Moderate,2,Low,Medium
CC103604,42,Male,Diploma,Single,Self-employed,10700000,36000000,95,1,1,0,24290000,21940000,17090000,4290000,7140000,2580000,1120000,2,0,40-49,21106666.67,4670000,0.586296296,High,3,Low,Low
CC103605,39,Male,Bachelor,Single,Self-employed,13800000,77000000,152,0,0,0,45930000,37360000,35530000,14630000,12470000,15230000,690000,0,0,30-39,39606666.67,14110000,0.514372294,High,3,No Late Payments,High
CC103606,21,Female,Bachelor,Single,Salaried,10500000,44000000,12,0,0,0,29070000,16570000,24000000,14280000,17220000,15860000,2050000,0,0,21-29,23213333.33,15786666.67,0.527575758,High,3,No Late Payments,Medium
CC103607,33,Female,High School,Married,Salaried,9200000,48000000,56,0,0,0,21530000,30400000,26560000,4480000,14170000,16270000,1830000,0,0,30-39,26163333.33,11640000,0.545069444,High,3,No Late Payments,Medium
CC103608,32,Male,Diploma,Married,Self-employed,11300000,49000000,51,2,3,1,33420000,31240000,33190000,2160000,5450000,10190000,3380000,3,1,30-39,32616666.67,5933333.333,0.665646259,High,3,Moderate,Medium
CC103609,38,Female,Bachelor,Married,Salaried,18800000,62000000,77,0,0,0,24960000,22290000,22490000,3720000,18270000,3660000,1020000,0,0,30-39,23246666.67,8550000,0.374946237,Moderate,2,No Late Payments,High
CC103610,46,Female,Bachelor,Other,Other,9900000,43000000,97,1,0,0,15920000,17580000,24360000,1090000,590000,7150000,3120000,2,1,40-49,19286666.67,2943333.333,0.448527132,Moderate,2,Low,Medium
CC103611,62,Female,Diploma,Other,Salaried,9900000,66000000,87,0,0,0,25270000,21340000,13990000,13510000,8060000,5780000,980000,0,0,60+,20200000,9116666.667,0.306060606,Moderate,2,No Late Payments,High
CC103612,43,Female,Bachelor,Married,Contract,10100000,24000000,75,0,0,0,13000000,14440000,14860000,5790000,8610000,6310000,260000,1,0,40-49,14100000,6903333.333,0.5875,High,3,Low,Low
CC103613,34,Female,High School,Single,Contract,7600000,31000000,32,0,0,0,11090000,9620000,12490000,3590000,890000,3330000,2120000,0,0,30-39,11066666.67,2603333.333,0.356989247,Moderate,2,No Late Payments,Low
CC103614,24,Female,Bachelor,Single,Salaried,8800000,42000000,44,1,3,2,15500000,20430000,24840000,4580000,940000,730000,1250000,3,1,21-29,20256666.67,2083333.333,0.482301587,Moderate,2,Moderate,Medium
CC103615,46,Female,Diploma,Other,Salaried,7800000,31000000,190,0,0,0,25520000,22720000,18510000,5900000,1680000,5240000,1690000,0,0,40-49,22250000,4273333.333,0.717741935,High,3,No Late Payments,Low
CC103616,43,Female,Bachelor,Other,Salaried,8100000,36000000,72,0,0,2,8030000,5620000,430000,3750000,2290000,410000,1740000,1,0,40-49,4693333.333,2150000,0.13037037,Low,1,Low,Low
CC103617,53,Male,High School,Single,Salaried,9300000,47000000,81,0,0,1,10700000,6620000,6000000,2430000,3200000,1720000,3930000,1,0,50-59,7773333.333,2450000,0.165390071,Low,1,Low,Medium
CC103618,35,Female,High School,Married,Salaried,10100000,32000000,56,0,0,0,11520000,18500000,17230000,4190000,4220000,4200000,110000,0,0,30-39,15750000,4203333.333,0.4921875,Moderate,2,No Late Payments,Low
CC103619,28,Male,Bachelor,Married,Self-employed,10400000,56000000,44,1,0,1,17110000,18090000,11370000,4160000,3040000,5170000,3520000,2,1,21-29,15523333.33,4123333.333,0.277202381,Moderate,2,Low,Medium
CC103620,32,Male,Diploma,Single,Self-employed,7600000,33000000,88,1,0,0,20430000,17250000,11850000,5360000,5330000,3800000,870000,1,1,30-39,16510000,4830000,0.50030303,High,3,Low,Low
CC103621,50,Male,Bachelor,Single,Salaried,17000000,73000000,184,0,0,0,29650000,33280000,19600000,8730000,24070000,9330000,3060000,1,0,50-59,27510000,14043333.33,0.376849315,Moderate,2,Low,High
CC103622,28,Female,High School,Married,Salaried,9000000,43000000,17,0,0,0,18870000,14550000,13480000,18600000,4720000,4660000,2030000,0,0,21-29,15633333.33,9326666.667,0.363565891,Moderate,2,No Late Payments,Medium
CC103623,33,Male,Diploma,Married,Salaried,7400000,43000000,79,0,0,1,17370000,21980000,26240000,5480000,11810000,10480000,1820000,1,0,30-39,21863333.33,9256666.667,0.508449612,High,3,Low,Medium
CC103624,34,Male,Bachelor,Married,Salaried,13600000,96000000,102,0,0,1,60700000,63080000,57850000,21110000,62060000,19680000,530000,1,0,30-39,60543333.33,34283333.33,0.630659722,High,3,Low,High
CC103625,51,Male,High School,Married,Contract,5700000,27000000,117,0,0,0,6570000,4650000,7480000,2010000,3220000,1150000,250000,0,0,50-59,6233333.333,2126666.667,0.230864198,Low,1,No Late Payments,Low
CC103626,45,Female,High School,Married,Salaried,7000000,29000000,88,0,0,1,12200000,12800000,10400000,6350000,3570000,2570000,790000,1,0,40-49,11800000,4163333.333,0.406896552,Moderate,2,Low,Low
CC103627,62,Male,High School,Other,Self-employed,11600000,68000000,240,0,0,0,14890000,4220000,11510000,5470000,970000,10600000,940000,0,0,60+,10206666.67,5680000,0.150098039,Low,1,No Late Payments,High
CC103628,35,Female,High School,Other,Salaried,8700000,40000000,104,0,0,0,10730000,8200000,6260000,8860000,7870000,1620000,1000000,2,0,30-39,8396666.667,6116666.667,0.209916667,Low,1,Low,Medium
CC103629,43,Female,Bachelor,Married,Government,23200000,113000000,131,2,0,1,63460000,56630000,53450000,25350000,27360000,9230000,6080000,2,1,40-49,57846666.67,20646666.67,0.511917404,High,3,Low,Very High
CC103630,44,Female,Bachelor,Married,Salaried,16000000,66000000,79,0,0,0,28990000,26760000,16000000,4170000,15640000,6070000,2740000,0,0,40-49,23916666.67,8626666.667,0.362373737,Moderate,2,No Late Payments,High
CC103631,41,Female,Bachelor,Married,Salaried,13200000,56000000,124,0,0,0,22270000,23050000,24170000,3110000,9660000,8100000,200000,0,0,40-49,23163333.33,6956666.667,0.413630952,Moderate,2,No Late Payments,Medium
CC103632,44,Female,High School,Married,Salaried,8100000,33000000,188,1,0,1,19240000,14240000,15520000,2760000,6030000,4180000,2400000,4,0,40-49,16333333.33,4323333.333,0.494949495,Moderate,2,Moderate,Low
CC103633,49,Female,Postgraduate,Married,Salaried,14600000,49000000,129,0,0,0,16280000,17200000,20240000,7470000,7100000,3800000,5030000,1,0,40-49,17906666.67,6123333.333,0.365442177,Moderate,2,Low,Medium
CC103634,53,Male,Bachelor,Married,Salaried,15200000,73000000,145,2,0,0,53980000,51270000,51930000,12960000,21210000,10570000,4170000,1,1,50-59,52393333.33,14913333.33,0.717716895,High,3,Low,High
CC103635,23,Male,Bachelor,Single,Self-employed,7000000,34000000,44,0,0,0,8240000,15810000,15250000,2780000,4900000,8820000,4080000,1,0,21-29,13100000,5500000,0.385294118,Moderate,2,Low,Low
CC103636,23,Male,Diploma,Married,Self-employed,5000000,20000000,22,0,0,0,7930000,10270000,8850000,3920000,3980000,4360000,210000,0,0,21-29,9016666.667,4086666.667,0.450833333,Moderate,2,No Late Payments,Low
CC103637,27,Male,Bachelor,Married,Government,5800000,20000000,40,0,0,0,8150000,13010000,11990000,4090000,3690000,2600000,780000,1,0,21-29,11050000,3460000,0.5525,High,3,Low,Low
CC103638,22,Female,Diploma,Single,Other,6400000,27000000,22,0,0,0,14850000,13520000,12720000,5140000,3080000,3580000,710000,2,0,21-29,13696666.67,3933333.333,0.507283951,High,3,Low,Low
CC103639,21,Female,Diploma,Single,Salaried,8300000,31000000,17,0,0,0,9730000,9430000,7850000,3180000,3700000,1400000,520000,0,0,21-29,9003333.333,2760000,0.290430108,Moderate,2,No Late Payments,Low
CC103640,27,Female,Bachelor,Single,Salaried,9400000,46000000,4,3,3,3,37770000,33770000,37250000,890000,890000,910000,3820000,5,1,21-29,36263333.33,896666.6667,0.788333333,Very High,4,High,Medium
CC103641,39,Female,Diploma,Married,Salaried,10700000,38000000,58,0,0,0,21670000,23400000,27110000,5390000,12890000,6070000,2180000,0,0,30-39,24060000,8116666.667,0.633157895,High,3,No Late Payments,Low
CC103642,49,Male,Bachelor,Married,Government,20400000,113000000,130,0,0,0,31540000,33080000,42080000,29680000,18100000,33880000,840000,0,0,40-49,35566666.67,27220000,0.314749263,Moderate,2,No Late Payments,Very High
CC103643,55,Female,High School,Single,Contract,6600000,26000000,83,0,0,0,12420000,11780000,8610000,3330000,5600000,2860000,1180000,0,1,50-59,10936666.67,3930000,0.420641026,Moderate,2,No Late Payments,Low
CC103644,21,Male,Postgraduate,Single,Salaried,12500000,55000000,32,0,0,0,22820000,27660000,23150000,20470000,11460000,10870000,2260000,0,0,21-29,24543333.33,14266666.67,0.446242424,Moderate,2,No Late Payments,Medium
CC103645,35,Female,Bachelor,Married,Salaried,21500000,64000000,83,0,0,0,32480000,26690000,36570000,8320000,5550000,4980000,3490000,1,0,30-39,31913333.33,6283333.333,0.498645833,Moderate,2,Low,High
CC103646,30,Female,Postgraduate,Single,Government,9500000,48000000,44,0,0,0,9320000,2660000,11910000,3250000,680000,4070000,230000,0,0,30-39,7963333.333,2666666.667,0.165902778,Low,1,No Late Payments,Medium
CC103647,30,Female,Diploma,Single,Contract,7200000,24000000,38,3,3,3,13950000,15650000,16560000,350000,520000,510000,2480000,3,1,30-39,15386666.67,460000,0.641111111,High,3,Moderate,Low
CC103648,34,Female,High School,Married,Salaried,7000000,32000000,71,0,1,1,12450000,10350000,11920000,4070000,2760000,5050000,250000,2,0,30-39,11573333.33,3960000,0.361666667,Moderate,2,Low,Low
CC103649,21,Female,Bachelor,Single,Other,5900000,20000000,5,3,3,0,12610000,18830000,19840000,280000,420000,3060000,1990000,3,1,21-29,17093333.33,1253333.333,0.854666667,Very High,4,Moderate,Low
CC103650,41,Female,Bachelor,Married,Salaried,18800000,85000000,84,0,0,0,53260000,66240000,45890000,20900000,15830000,7740000,940000,0,0,40-49,55130000,14823333.33,0.648588235,High,3,No Late Payments,High
CC103651,30,Female,High School,Other,Self-employed,8600000,43000000,83,0,0,0,1990000,5330000,8670000,870000,1940000,3680000,1180000,1,0,30-39,5330000,2163333.333,0.123953488,Low,1,Low,Medium
CC103652,49,Female,Diploma,Married,Salaried,10900000,46000000,109,0,0,1,4100000,7230000,4290000,4160000,2400000,2100000,380000,1,0,40-49,5206666.667,2886666.667,0.113188406,Low,1,Low,Medium
CC103653,37,Female,Bachelor,Married,Salaried,8100000,41000000,94,0,1,0,11640000,17040000,16150000,3160000,1260000,4810000,910000,1,0,30-39,14943333.33,3076666.667,0.364471545,Moderate,2,Low,Medium
CC103654,29,Male,Bachelor,Married,Salaried,12000000,62000000,37,0,0,1,24760000,30170000,28380000,11170000,10480000,5560000,2740000,1,0,21-29,27770000,9070000,0.447903226,Moderate,2,Low,High
CC103655,48,Male,High School,Other,Salaried,8300000,43000000,152,3,0,0,23480000,20560000,25940000,1910000,4940000,24070000,2520000,1,1,40-49,23326666.67,10306666.67,0.54248062,High,3,Low,Medium
CC103656,55,Female,High School,Other,Salaried,11900000,79000000,159,2,2,0,54010000,58690000,53490000,18720000,9400000,20020000,5590000,2,1,50-59,55396666.67,16046666.67,0.701223629,High,3,Low,High
CC103657,36,Female,Bachelor,Single,Self-employed,15500000,43000000,106,0,0,0,1950000,3330000,3200000,700000,1040000,3220000,150000,1,0,30-39,2826666.667,1653333.333,0.065736434,Low,1,Low,Medium
CC103658,28,Female,Bachelor,Single,Salaried,9600000,46000000,53,0,0,0,27100000,22150000,27510000,7420000,9570000,10360000,820000,0,0,21-29,25586666.67,9116666.667,0.556231884,High,3,No Late Payments,Medium
CC103659,43,Male,Diploma,Married,Salaried,11100000,62000000,92,0,0,0,40800000,38910000,36570000,22290000,7700000,12270000,700000,0,1,40-49,38760000,14086666.67,0.62516129,High,3,No Late Payments,High
CC103660,49,Male,Bachelor,Single,Self-employed,18400000,62000000,137,0,0,3,18030000,14540000,11970000,4000000,3110000,1120000,5690000,1,0,40-49,14846666.67,2743333.333,0.239462366,Low,1,Low,High
CC103661,39,Male,Bachelor,Single,Self-employed,16400000,101000000,103,0,0,0,95770000,100640000,75470000,31750000,90680000,21770000,4360000,0,1,30-39,90626666.67,48066666.67,0.897293729,Very High,4,No Late Payments,Very High
CC103662,43,Male,Diploma,Single,Self-employed,14600000,84000000,55,0,1,0,12380000,20100000,27910000,4270000,4490000,25650000,13010000,2,0,40-49,20130000,11470000,0.239642857,Low,1,Low,High
CC103663,41,Male,Diploma,Other,Other,9200000,20000000,63,0,0,0,1530000,7960000,8070000,350000,2920000,7150000,700000,0,0,40-49,5853333.333,3473333.333,0.292666667,Moderate,2,No Late Payments,Low
CC103664,21,Male,Bachelor,Single,Salaried,14200000,59000000,18,0,0,0,32200000,16960000,14730000,3770000,6590000,2900000,2500000,0,0,21-29,21296666.67,4420000,0.360960452,Moderate,2,No Late Payments,Medium
CC103665,55,Female,High School,Married,Salaried,9400000,59000000,182,0,1,0,19660000,26930000,12290000,17110000,6880000,7970000,50000,1,0,50-59,19626666.67,10653333.33,0.332655367,Moderate,2,Low,Medium
CC103666,21,Female,Diploma,Single,Contract,5000000,20000000,30,3,3,3,9020000,8250000,14740000,1720000,340000,240000,1230000,3,1,21-29,10670000,766666.6667,0.5335,High,3,Moderate,Low
CC103667,31,Male,High School,Married,Salaried,7400000,32000000,89,0,0,0,4100000,2810000,4390000,3740000,2880000,1190000,370000,0,0,30-39,3766666.667,2603333.333,0.117708333,Low,1,No Late Payments,Low
CC103668,30,Female,High School,Other,Government,8400000,33000000,24,0,0,0,10440000,6750000,10020000,5990000,5250000,8710000,460000,0,0,30-39,9070000,6650000,0.274848485,Moderate,2,No Late Payments,Low
CC103669,35,Female,Bachelor,Married,Salaried,19200000,110000000,73,0,0,0,75000000,73580000,83030000,69890000,24880000,42300000,2820000,0,0,30-39,77203333.33,45690000,0.701848485,High,3,No Late Payments,Very High
CC103670,52,Female,Bachelor,Other,Salaried,21700000,163000000,213,3,3,0,116630000,106490000,82740000,2150000,2480000,33330000,11510000,2,1,50-59,101953333.3,12653333.33,0.625480573,High,3,Low,Very High
CC103671,49,Female,Postgraduate,Married,Government,21200000,152000000,124,3,2,0,156940000,122390000,114140000,2290000,4020000,47430000,11660000,2,1,40-49,131156666.7,17913333.33,0.862872807,Very High,4,Low,Very High
CC103672,30,Female,High School,Married,Self-employed,13900000,67000000,59,0,0,0,0,0,4110000,0,0,770000,3350000,2,0,30-39,1370000,256666.6667,0.020447761,Low,1,Low,High
CC103673,28,Male,Bachelor,Single,Government,11400000,46000000,56,0,0,0,11250000,16400000,11230000,4690000,6920000,4210000,2710000,0,0,21-29,12960000,5273333.333,0.28173913,Moderate,2,No Late Payments,Medium
CC103674,36,Male,Bachelor,Single,Salaried,9700000,48000000,47,0,0,0,3990000,6860000,10590000,1060000,2280000,3320000,450000,0,0,30-39,7146666.667,2220000,0.148888889,Low,1,No Late Payments,Medium
CC103675,57,Male,High School,Married,Self-employed,13100000,75000000,176,0,0,0,23880000,11640000,20700000,9330000,1650000,6040000,4240000,0,0,50-59,18740000,5673333.333,0.249866667,Low,1,No Late Payments,High
CC103676,33,Female,Bachelor,Single,Self-employed,18000000,61000000,55,0,1,0,46180000,51710000,35010000,24120000,23870000,1280000,4710000,2,0,30-39,44300000,16423333.33,0.726229508,High,3,Low,High
CC103677,48,Female,Bachelor,Single,Other,9100000,41000000,160,0,0,0,830000,1860000,1720000,830000,1160000,1100000,1180000,0,0,40-49,1470000,1030000,0.035853659,Low,1,No Late Payments,Medium
CC103678,45,Female,High School,Married,Other,7000000,28000000,68,0,0,0,12090000,9550000,11300000,3600000,5800000,500000,280000,0,0,40-49,10980000,3300000,0.392142857,Moderate,2,No Late Payments,Low
CC103679,44,Male,Diploma,Married,Contract,6900000,21000000,57,0,0,0,9150000,9460000,14170000,2500000,1400000,2930000,190000,0,0,40-49,10926666.67,2276666.667,0.52031746,High,3,No Late Payments,Low
CC103680,37,Male,Bachelor,Single,Salaried,11400000,53000000,52,0,0,0,37960000,40390000,36650000,14090000,17830000,18520000,1170000,0,0,30-39,38333333.33,16813333.33,0.72327044,High,3,No Late Payments,Medium
CC103681,41,Female,Bachelor,Married,Salaried,12000000,45000000,88,0,0,0,17740000,14950000,13720000,6760000,10350000,7750000,760000,1,0,40-49,15470000,8286666.667,0.343777778,Moderate,2,Low,Medium
CC103682,31,Male,Bachelor,Married,Self-employed,9800000,74000000,92,1,0,0,52520000,40940000,35030000,830000,38720000,2810000,2190000,1,1,30-39,42830000,14120000,0.578783784,High,3,Low,High
CC103683,44,Male,Diploma,Married,Government,18800000,89000000,143,0,0,1,52010000,45420000,32620000,19260000,11180000,8040000,660000,1,0,40-49,43350000,12826666.67,0.487078652,Moderate,2,Low,High
CC103684,58,Male,Bachelor,Married,Salaried,16300000,67000000,240,2,3,3,39770000,31590000,24830000,1000000,750000,1470000,6160000,3,1,50-59,32063333.33,1073333.333,0.478557214,Moderate,2,Moderate,High
CC103685,29,Male,High School,Married,Government,5200000,27000000,16,0,0,0,12830000,12830000,3360000,13200000,7910000,1060000,950000,0,0,21-29,9673333.333,7390000,0.358271605,Moderate,2,No Late Payments,Low
CC103686,47,Female,Bachelor,Married,Government,18300000,71000000,120,0,0,0,38450000,37720000,22420000,20740000,24270000,6090000,3310000,1,0,40-49,32863333.33,17033333.33,0.46286385,Moderate,2,Low,High
CC103687,22,Male,Bachelor,Married,Salaried,11300000,42000000,21,0,2,3,28820000,29570000,34810000,9170000,650000,890000,4030000,2,0,21-29,31066666.67,3570000,0.73968254,High,3,Low,Medium
CC103688,42,Male,Bachelor,Married,Self-employed,8500000,32000000,152,0,0,0,14740000,17880000,18620000,620000,5980000,6400000,1350000,0,0,40-49,17080000,4333333.333,0.53375,High,3,No Late Payments,Low
CC103689,48,Male,Diploma,Other,Other,6900000,22000000,193,0,0,2,10950000,10310000,10880000,2510000,3140000,1760000,2110000,3,0,40-49,10713333.33,2470000,0.486969697,Moderate,2,Moderate,Low
CC103690,28,Female,High School,Married,Salaried,5200000,20000000,49,0,0,0,5770000,5280000,5510000,6000000,1010000,1150000,330000,1,1,21-29,5520000,2720000,0.276,Moderate,2,Low,Low
CC103691,36,Female,Bachelor,Single,Contract,9700000,31000000,59,0,0,0,6230000,6250000,14130000,3220000,1880000,4920000,890000,1,0,30-39,8870000,3340000,0.286129032,Moderate,2,Low,Low
CC103692,21,Male,Bachelor,Single,Contract,7800000,36000000,23,0,0,0,16030000,22110000,28190000,5150000,1370000,27830000,2310000,0,0,21-29,22110000,11450000,0.614166667,High,3,No Late Payments,Low
CC103693,32,Male,High School,Single,Salaried,6100000,34000000,90,0,0,0,9830000,7250000,4200000,3640000,2840000,2110000,910000,1,0,30-39,7093333.333,2863333.333,0.208627451,Low,1,Low,Low
CC103694,31,Male,Diploma,Married,Government,9600000,41000000,74,3,2,3,30740000,33510000,30690000,4520000,2580000,4420000,2700000,4,1,30-39,31646666.67,3840000,0.771869919,Very High,4,Moderate,Medium
CC103695,46,Female,High School,Married,Contract,12400000,41000000,145,0,0,0,31720000,30240000,34610000,6610000,4900000,13230000,1430000,0,0,40-49,32190000,8246666.667,0.785121951,Very High,4,No Late Payments,Medium
CC103696,30,Male,Diploma,Married,Government,12800000,55000000,59,0,0,0,25220000,21240000,16310000,8170000,11310000,14820000,520000,0,0,30-39,20923333.33,11433333.33,0.380424242,Moderate,2,No Late Payments,Medium
CC103697,43,Male,Postgraduate,Single,Self-employed,30000000,149000000,63,2,2,0,84070000,97790000,89340000,18920000,9590000,32120000,3360000,2,1,40-49,90400000,20210000,0.606711409,High,3,Low,Very High
CC103698,39,Male,Bachelor,Married,Salaried,20800000,71000000,110,0,0,0,13500000,2200000,2070000,8300000,1170000,1350000,2090000,0,0,30-39,5923333.333,3606666.667,0.08342723,Low,1,No Late Payments,High
CC103699,21,Female,High School,Single,Contract,5000000,20000000,30,0,0,1,9320000,9050000,11230000,3810000,1240000,1970000,1870000,2,0,21-29,9866666.667,2340000,0.493333333,Moderate,2,Low,Low
CC103700,47,Female,High School,Married,Self-employed,18900000,89000000,178,0,0,0,52060000,69580000,69630000,28550000,25340000,18340000,5020000,2,0,40-49,63756666.67,24076666.67,0.716367041,High,3,Low,High
CC103701,32,Female,Bachelor,Single,Self-employed,7800000,35000000,55,0,1,0,11220000,11400000,13090000,10740000,2930000,1150000,1190000,1,0,30-39,11903333.33,4940000,0.340095238,Moderate,2,Low,Low
CC103702,30,Female,High School,Single,Other,5300000,38000000,63,0,0,0,13130000,16410000,17650000,2270000,7790000,7670000,2670000,1,0,30-39,15730000,5910000,0.413947368,Moderate,2,Low,Low
CC103703,25,Male,High School,Single,Salaried,6200000,22000000,61,0,0,0,10160000,10750000,10620000,10540000,3840000,3340000,1700000,0,0,21-29,10510000,5906666.667,0.477727273,Moderate,2,No Late Payments,Low
CC103704,58,Female,High School,Single,Government,13400000,75000000,205,0,0,0,26330000,24150000,20630000,8170000,14500000,17280000,4090000,0,0,50-59,23703333.33,13316666.67,0.316044444,Moderate,2,No Late Payments,High
CC103705,35,Female,Bachelor,Married,Contract,11000000,36000000,68,0,0,0,23500000,26380000,21440000,6260000,9830000,4070000,3120000,2,0,30-39,23773333.33,6720000,0.66037037,High,3,Low,Low
CC103706,22,Female,Bachelor,Single,Other,5000000,20000000,16,0,1,2,6960000,4870000,5680000,610000,1340000,360000,840000,2,0,21-29,5836666.667,770000,0.291833333,Moderate,2,Low,Low
CC103707,38,Male,Diploma,Married,Self-employed,7600000,44000000,124,0,0,0,25380000,30510000,27200000,16020000,31980000,13260000,810000,0,0,30-39,27696666.67,20420000,0.629469697,High,3,No Late Payments,Medium
CC103708,26,Male,Bachelor,Married,Salaried,7300000,33000000,42,0,0,0,5740000,6530000,8520000,2480000,2800000,3720000,570000,0,0,21-29,6930000,3000000,0.21,Low,1,No Late Payments,Low
CC103709,50,Male,High School,Married,Contract,8300000,34000000,200,0,0,0,11800000,10100000,15220000,3360000,10330000,15200000,1690000,0,1,50-59,12373333.33,9630000,0.363921569,Moderate,2,No Late Payments,Low
CC103710,38,Male,Postgraduate,Married,Salaried,18000000,59000000,55,0,0,0,19090000,25770000,10400000,8050000,8480000,10620000,1630000,0,0,30-39,18420000,9050000,0.31220339,Moderate,2,No Late Payments,Medium
CC103711,35,Female,High School,Married,Contract,6000000,22000000,32,2,0,0,8710000,13120000,7510000,290000,1320000,1250000,1030000,3,0,30-39,9780000,953333.3333,0.444545455,Moderate,2,Moderate,Low
CC103712,38,Female,High School,Married,Self-employed,10700000,45000000,107,1,0,0,6580000,13040000,14580000,1250000,3500000,4320000,1690000,1,0,30-39,11400000,3023333.333,0.253333333,Moderate,2,Low,Medium
CC103713,43,Female,High School,Single,Government,6900000,49000000,161,3,0,0,30920000,37820000,35460000,4410000,14840000,28760000,4040000,1,1,40-49,34733333.33,16003333.33,0.708843537,High,3,Low,Medium
CC103714,64,Male,High School,Married,Salaried,15100000,50000000,240,0,0,1,8060000,9330000,14270000,3780000,9370000,4830000,510000,1,0,60+,10553333.33,5993333.333,0.211066667,Low,1,Low,Medium
CC103715,41,Male,Diploma,Married,Government,8300000,38000000,120,0,1,0,11100000,14720000,16330000,1580000,6300000,490000,2770000,2,0,40-49,14050000,2790000,0.369736842,Moderate,2,Low,Low
CC103716,29,Male,Bachelor,Married,Self-employed,12900000,45000000,64,0,0,0,28060000,19900000,19930000,9270000,7730000,18680000,1110000,0,0,21-29,22630000,11893333.33,0.502888889,High,3,No Late Payments,Medium
CC103717,26,Male,Bachelor,Single,Other,6800000,20000000,48,2,3,0,10210000,15340000,13640000,290000,1230000,11980000,930000,2,1,21-29,13063333.33,4500000,0.653166667,High,3,Low,Low
CC103718,40,Female,Postgraduate,Other,Salaried,9500000,42000000,129,1,2,2,2020000,5540000,4590000,630000,1040000,680000,1180000,3,0,40-49,4050000,783333.3333,0.096428571,Low,1,Moderate,Medium
CC103719,37,Male,Diploma,Single,Other,6100000,30000000,47,0,1,1,14190000,16180000,12000000,6230000,3340000,2600000,920000,2,0,30-39,14123333.33,4056666.667,0.470777778,Moderate,2,Low,Low
CC103720,25,Female,Postgraduate,Married,Self-employed,10700000,61000000,26,0,0,0,28480000,23370000,20160000,8030000,9620000,9910000,150000,0,0,21-29,24003333.33,9186666.667,0.393497268,Moderate,2,No Late Payments,High
CC103721,44,Male,High School,Single,Salaried,10500000,58000000,71,0,0,0,32950000,29140000,30970000,7310000,12960000,7740000,340000,0,0,40-49,31020000,9336666.667,0.534827586,High,3,No Late Payments,Medium
CC103722,21,Female,High School,Single,Other,5000000,20000000,3,0,0,0,10160000,9030000,6890000,4740000,2970000,2330000,3560000,0,0,21-29,8693333.333,3346666.667,0.434666667,Moderate,2,No Late Payments,Low
CC103723,41,Female,Diploma,Married,Salaried,12100000,56000000,104,3,3,3,46970000,40150000,42830000,1130000,760000,830000,6940000,4,1,40-49,43316666.67,906666.6667,0.773511905,Very High,4,Moderate,Medium
CC103724,48,Male,Postgraduate,Married,Self-employed,22500000,99000000,152,0,2,0,45680000,50470000,44850000,8700000,7920000,9730000,3580000,2,0,40-49,47000000,8783333.333,0.474747475,Moderate,2,Low,High
CC103725,51,Female,Postgraduate,Married,Self-employed,30200000,146000000,151,0,0,0,8270000,11960000,22240000,6660000,4290000,21030000,7190000,1,0,50-59,14156666.67,10660000,0.09696347,Low,1,Low,Very High
CC103726,37,Female,Bachelor,Single,Self-employed,14800000,71000000,144,0,0,0,12470000,6370000,11820000,2970000,5440000,3620000,1040000,0,0,30-39,10220000,4010000,0.143943662,Low,1,No Late Payments,High
CC103727,37,Female,Diploma,Single,Government,7900000,45000000,81,0,0,0,27570000,19450000,24600000,7070000,7810000,5720000,2640000,0,0,30-39,23873333.33,6866666.667,0.530518519,High,3,No Late Payments,Medium
CC103728,45,Male,High School,Single,Self-employed,9600000,49000000,143,0,0,0,26550000,28880000,25140000,6480000,29300000,9960000,2620000,0,0,40-49,26856666.67,15246666.67,0.548095238,High,3,No Late Payments,Medium
CC103729,28,Female,Bachelor,Single,Contract,7200000,42000000,40,0,0,0,22360000,23030000,21290000,23130000,12120000,7190000,1940000,0,0,21-29,22226666.67,14146666.67,0.529206349,High,3,No Late Payments,Medium
CC103730,38,Male,Diploma,Married,Government,12700000,40000000,59,0,0,0,22880000,16640000,10010000,21730000,4310000,5740000,2010000,0,0,30-39,16510000,10593333.33,0.41275,Moderate,2,No Late Payments,Medium
CC103731,28,Male,Diploma,Married,Government,7400000,41000000,52,1,3,3,31350000,33240000,37140000,3520000,910000,9410000,3840000,3,0,21-29,33910000,4613333.333,0.827073171,Very High,4,Moderate,Medium
CC103732,45,Male,Diploma,Married,Contract,7300000,20000000,95,0,0,0,9400000,9230000,10920000,920000,8390000,5320000,1050000,1,0,40-49,9850000,4876666.667,0.4925,Moderate,2,Low,Low
CC103733,36,Female,High School,Other,Other,5300000,28000000,108,0,0,1,14380000,15570000,19180000,6790000,15610000,3890000,0,2,0,30-39,16376666.67,8763333.333,0.584880952,High,3,Low,Low
CC103734,32,Male,Bachelor,Single,Contract,11600000,29000000,52,1,0,0,9800000,9080000,12290000,1690000,3190000,5450000,2380000,1,1,30-39,10390000,3443333.333,0.358275862,Moderate,2,Low,Low
CC103735,36,Female,Bachelor,Married,Self-employed,13900000,61000000,113,0,0,0,25370000,35640000,25350000,11020000,32840000,12080000,2290000,0,0,30-39,28786666.67,18646666.67,0.471912568,Moderate,2,No Late Payments,High
CC103736,32,Male,High School,Married,Salaried,9800000,41000000,59,0,0,0,7850000,6410000,8120000,7090000,3840000,4800000,1470000,0,0,30-39,7460000,5243333.333,0.18195122,Low,1,No Late Payments,Medium
CC103737,32,Male,Bachelor,Single,Government,14000000,87000000,85,0,0,0,53330000,49000000,57700000,17560000,27280000,28470000,2610000,0,0,30-39,53343333.33,24436666.67,0.613141762,High,3,No Late Payments,High
CC103738,36,Male,High School,Married,Government,10100000,39000000,63,0,0,0,4090000,7500000,6640000,1410000,4390000,3140000,1650000,0,0,30-39,6076666.667,2980000,0.155811966,Low,1,No Late Payments,Low
CC103739,42,Male,High School,Married,Contract,8600000,35000000,138,0,0,0,27330000,27810000,20270000,9940000,5220000,8520000,1420000,1,0,40-49,25136666.67,7893333.333,0.718190476,High,3,Low,Low
CC103740,48,Female,High School,Single,Salaried,6900000,43000000,163,0,0,0,20520000,10110000,20160000,7140000,10390000,8110000,930000,0,0,40-49,16930000,8546666.667,0.39372093,Moderate,2,No Late Payments,Medium
CC103741,24,Female,Bachelor,Married,Self-employed,14000000,69000000,54,0,0,1,15090000,31030000,26800000,6790000,13970000,10880000,700000,1,1,21-29,24306666.67,10546666.67,0.352270531,Moderate,2,Low,High
CC103742,27,Female,Bachelor,Married,Self-employed,15100000,29000000,32,3,0,2,24340000,21330000,17970000,1670000,3590000,560000,1470000,3,1,21-29,21213333.33,1940000,0.731494253,High,3,Moderate,Low
CC103743,32,Female,Bachelor,Married,Government,10500000,59000000,86,1,0,0,42160000,41270000,39280000,7130000,7540000,9350000,5790000,1,0,30-39,40903333.33,8006666.667,0.693276836,High,3,Low,Medium
CC103744,38,Male,High School,Married,Self-employed,16600000,84000000,70,0,0,0,13000000,5570000,0,1430000,3310000,0,7020000,0,0,30-39,6190000,1580000,0.073690476,Low,1,No Late Payments,High
CC103745,47,Female,Bachelor,Married,Salaried,17400000,105000000,100,3,2,3,48830000,43400000,57850000,10670000,1820000,2470000,7460000,4,1,40-49,50026666.67,4986666.667,0.476444444,Moderate,2,Moderate,Very High
CC103746,45,Male,Bachelor,Married,Salaried,23900000,107000000,107,2,1,0,3450000,3420000,11790000,1930000,1420000,4380000,5130000,2,1,40-49,6220000,2576666.667,0.058130841,Low,1,Low,Very High
CC103747,32,Male,Bachelor,Married,Government,9900000,45000000,45,0,0,0,10900000,14740000,13390000,1960000,5310000,1150000,2920000,0,0,30-39,13010000,2806666.667,0.289111111,Moderate,2,No Late Payments,Medium
CC103748,40,Female,Postgraduate,Married,Contract,14700000,52000000,83,0,0,0,0,5750000,11600000,0,1610000,10040000,2300000,0,0,40-49,5783333.333,3883333.333,0.111217949,Low,1,No Late Payments,Medium
CC103749,49,Female,Diploma,Married,Salaried,15400000,71000000,115,0,1,2,33970000,46920000,46870000,7940000,14580000,4380000,7360000,4,1,40-49,42586666.67,8966666.667,0.599812207,High,3,Moderate,High
CC103750,21,Female,High School,Single,Other,5700000,20000000,14,0,2,2,17490000,17880000,21580000,2460000,430000,3570000,1590000,3,1,21-29,18983333.33,2153333.333,0.949166667,Very High,4,Moderate,Low
CC103751,35,Female,Bachelor,Married,Other,11100000,76000000,115,0,1,0,4730000,15760000,17990000,1530000,3770000,1600000,7510000,2,0,30-39,12826666.67,2300000,0.16877193,Low,1,Low,High
CC103752,54,Female,Bachelor,Married,Contract,11900000,45000000,92,0,0,0,10900000,13990000,15260000,4880000,4400000,6220000,1440000,0,0,50-59,13383333.33,5166666.667,0.297407407,Moderate,2,No Late Payments,Medium
CC103753,57,Female,High School,Married,Government,8800000,51000000,148,0,0,0,19580000,16000000,18530000,4390000,3780000,7900000,3100000,0,0,50-59,18036666.67,5356666.667,0.353660131,Moderate,2,No Late Payments,Medium
CC103754,25,Female,Postgraduate,Single,Salaried,11800000,36000000,38,0,0,1,16680000,9260000,9050000,4690000,2500000,2750000,7850000,1,0,21-29,11663333.33,3313333.333,0.323981481,Moderate,2,Low,Low
CC103755,43,Female,Bachelor,Married,Salaried,9400000,48000000,80,0,0,0,2340000,760000,3620000,1010000,760000,1760000,790000,0,0,40-49,2240000,1176666.667,0.046666667,Low,1,No Late Payments,Medium
CC103756,32,Female,Bachelor,Married,Salaried,14100000,98000000,96,3,0,3,33770000,40200000,39600000,1400000,7030000,2210000,7230000,2,0,30-39,37856666.67,3546666.667,0.386292517,Moderate,2,Low,High
CC103757,40,Male,Bachelor,Other,Self-employed,9800000,54000000,146,0,0,0,31440000,33460000,30150000,10180000,10390000,8050000,3150000,1,0,40-49,31683333.33,9540000,0.586728395,High,3,Low,Medium
CC103758,37,Male,Postgraduate,Married,Self-employed,14700000,60000000,125,2,0,0,41080000,42990000,39880000,1090000,15330000,12870000,4910000,1,0,30-39,41316666.67,9763333.333,0.688611111,High,3,Low,High
CC103759,51,Female,Bachelor,Single,Contract,12800000,96000000,124,0,0,0,35100000,31100000,46260000,15010000,10070000,14370000,3670000,0,0,50-59,37486666.67,13150000,0.390486111,Moderate,2,No Late Payments,High
CC103760,31,Male,Bachelor,Married,Contract,10600000,51000000,97,0,0,0,13900000,14020000,14240000,4600000,14290000,3760000,4890000,1,0,30-39,14053333.33,7550000,0.275555556,Moderate,2,Low,Medium
CC103761,48,Male,High School,Single,Salaried,9400000,61000000,162,0,2,0,25080000,23210000,22220000,5430000,2920000,8590000,1870000,2,0,40-49,23503333.33,5646666.667,0.385300546,Moderate,2,Low,High
CC103762,37,Male,Diploma,Other,Contract,9900000,20000000,77,0,0,0,11730000,11450000,12220000,2890000,3860000,1680000,1020000,0,0,30-39,11800000,2810000,0.59,High,3,No Late Payments,Low
CC103763,38,Male,Bachelor,Married,Salaried,10000000,44000000,47,0,0,0,680000,5600000,15610000,490000,2250000,3930000,2550000,1,0,30-39,7296666.667,2223333.333,0.165833333,Low,1,Low,Medium
CC103764,43,Male,Bachelor,Other,Salaried,20300000,112000000,122,0,0,0,40750000,40040000,42870000,12680000,14500000,34360000,3310000,0,1,40-49,41220000,20513333.33,0.368035714,Moderate,2,No Late Payments,Very High
CC103765,40,Female,Bachelor,Married,Salaried,17700000,105000000,105,0,0,0,93040000,83140000,68050000,26670000,30250000,23230000,3630000,0,0,40-49,81410000,26716666.67,0.775333333,Very High,4,No Late Payments,Very High
CC103766,40,Female,Bachelor,Married,Government,22500000,127000000,118,1,0,0,75190000,66380000,56850000,27160000,17500000,23430000,2040000,1,0,40-49,66140000,22696666.67,0.520787402,High,3,Low,Very High
CC103767,24,Female,Diploma,Married,Self-employed,8200000,20000000,33,0,0,0,9960000,8500000,5270000,10090000,2570000,5440000,90000,0,0,21-29,7910000,6033333.333,0.3955,Moderate,2,No Late Payments,Low
CC103768,28,Male,Bachelor,Married,Salaried,14900000,46000000,26,0,0,0,31080000,33800000,25930000,12550000,10820000,3360000,4100000,0,0,21-29,30270000,8910000,0.658043478,High,3,No Late Payments,Medium
CC103769,21,Female,High School,Married,Contract,5000000,20000000,3,0,0,0,5440000,5740000,3710000,4440000,2960000,3660000,520000,1,0,21-29,4963333.333,3686666.667,0.248166667,Low,1,Low,Low
CC103770,50,Male,Bachelor,Married,Salaried,12400000,61000000,162,0,0,0,770000,2330000,5030000,770000,1050000,2190000,2540000,0,1,50-59,2710000,1336666.667,0.04442623,Low,1,No Late Payments,High
CC103771,45,Male,Diploma,Single,Self-employed,13500000,57000000,51,0,0,0,23070000,25740000,23780000,9700000,7630000,9390000,580000,0,0,40-49,24196666.67,8906666.667,0.424502924,Moderate,2,No Late Payments,Medium
CC103772,49,Female,Bachelor,Married,Salaried,12000000,57000000,219,0,0,0,30300000,21540000,19270000,8630000,21620000,6950000,2450000,0,0,40-49,23703333.33,12400000,0.415847953,Moderate,2,No Late Payments,Medium
CC103773,21,Female,Bachelor,Single,Other,5900000,30000000,3,2,2,0,11180000,11000000,8300000,2400000,370000,2790000,1960000,2,0,21-29,10160000,1853333.333,0.338666667,Moderate,2,Low,Low
CC103774,49,Male,High School,Other,Government,18100000,105000000,87,0,0,0,33500000,30470000,23000000,13730000,8610000,14050000,280000,0,0,40-49,28990000,12130000,0.276095238,Moderate,2,No Late Payments,Very High
CC103775,49,Female,Bachelor,Single,Government,14300000,82000000,149,0,0,0,26780000,33120000,35630000,3880000,13130000,32540000,7880000,0,1,40-49,31843333.33,16516666.67,0.388333333,Moderate,2,No Late Payments,High
CC103776,58,Male,High School,Single,Self-employed,19000000,93000000,116,0,0,0,62510000,52250000,57860000,60830000,17790000,22270000,5640000,0,0,50-59,57540000,33630000,0.618709677,High,3,No Late Payments,High
CC103777,36,Female,Bachelor,Single,Salaried,20100000,138000000,122,0,0,0,28420000,39970000,47190000,25260000,10710000,15050000,5320000,0,0,30-39,38526666.67,17006666.67,0.279178744,Moderate,2,No Late Payments,Very High
CC103778,54,Male,High School,Single,Salaried,10700000,42000000,240,0,0,0,23570000,23770000,30850000,6040000,8120000,29860000,4740000,0,0,50-59,26063333.33,14673333.33,0.620555556,High,3,No Late Payments,Medium
CC103779,46,Male,High School,Married,Salaried,11400000,52000000,102,0,0,1,13790000,5710000,2770000,3680000,1010000,620000,2160000,2,0,40-49,7423333.333,1770000,0.14275641,Low,1,Low,Medium
CC103780,58,Female,Postgraduate,Married,Salaried,17300000,81000000,127,0,0,0,11040000,19580000,21900000,8880000,7400000,7590000,880000,0,0,50-59,17506666.67,7956666.667,0.216131687,Low,1,No Late Payments,High
CC103781,21,Male,High School,Single,Contract,7600000,33000000,40,3,3,2,11210000,11380000,10350000,390000,1280000,560000,1540000,4,1,21-29,10980000,743333.3333,0.332727273,Moderate,2,Moderate,Low
CC103782,24,Male,Bachelor,Single,Salaried,7500000,24000000,49,0,0,0,5720000,7160000,7260000,1790000,1400000,1890000,280000,2,0,21-29,6713333.333,1693333.333,0.279722222,Moderate,2,Low,Low
CC103783,38,Male,Postgraduate,Married,Self-employed,27500000,117000000,134,0,0,0,54710000,50130000,62600000,57090000,28250000,57310000,2590000,0,0,30-39,55813333.33,47550000,0.477037037,Moderate,2,No Late Payments,Very High
CC103784,48,Male,Diploma,Married,Government,14500000,89000000,149,0,0,0,21670000,16820000,12840000,6920000,2330000,12400000,30000,0,0,40-49,17110000,7216666.667,0.192247191,Low,1,No Late Payments,High
CC103785,41,Male,Diploma,Married,Salaried,8000000,37000000,90,0,1,0,6890000,7820000,9800000,1860000,1590000,1790000,2390000,1,0,40-49,8170000,1746666.667,0.220810811,Low,1,Low,Low
CC103786,30,Male,Bachelor,Single,Government,9700000,39000000,95,3,0,0,22390000,21640000,21180000,860000,10200000,9160000,2810000,1,1,30-39,21736666.67,6740000,0.557350427,High,3,Low,Low
CC103787,38,Male,Bachelor,Single,Salaried,18500000,114000000,137,0,0,0,33750000,49410000,35760000,20270000,22330000,31780000,5820000,0,0,30-39,39640000,24793333.33,0.347719298,Moderate,2,No Late Payments,Very High
CC103788,27,Female,Bachelor,Married,Salaried,9300000,51000000,39,0,0,0,20330000,14490000,28080000,10610000,4200000,12390000,820000,0,0,21-29,20966666.67,9066666.667,0.411111111,Moderate,2,No Late Payments,Medium
CC103789,37,Female,Bachelor,Single,Salaried,19500000,113000000,82,0,0,0,82050000,83510000,40000000,16140000,26010000,19890000,6710000,1,0,30-39,68520000,20680000,0.606371681,High,3,Low,Very High
CC103790,26,Female,Diploma,Married,Self-employed,9000000,46000000,36,0,0,0,31090000,36680000,28160000,9000000,14450000,9090000,2090000,1,0,21-29,31976666.67,10846666.67,0.695144928,High,3,Low,Medium
CC103791,66,Female,High School,Married,Salaried,15800000,86000000,240,0,0,0,28870000,21080000,24590000,7700000,9600000,4030000,5650000,0,0,60+,24846666.67,7110000,0.288914729,Moderate,2,No Late Payments,High
CC103792,37,Female,Diploma,Married,Salaried,7900000,59000000,132,0,0,0,5110000,970000,5890000,5000000,650000,2620000,1430000,0,0,30-39,3990000,2756666.667,0.067627119,Low,1,No Late Payments,Medium
CC103793,27,Male,Bachelor,Married,Salaried,12700000,58000000,27,3,0,0,44690000,35460000,37730000,1240000,8260000,7240000,11060000,1,1,21-29,39293333.33,5580000,0.677471264,High,3,Low,Medium
CC103794,37,Female,Bachelor,Married,Self-employed,14300000,70000000,91,0,0,0,22800000,26550000,29460000,9660000,6240000,11580000,2980000,0,0,30-39,26270000,9160000,0.375285714,Moderate,2,No Late Payments,High
CC103795,44,Female,High School,Married,Contract,8200000,20000000,172,3,3,3,14020000,13890000,14110000,1540000,2980000,330000,3570000,4,1,40-49,14006666.67,1616666.667,0.700333333,High,3,Moderate,Low
CC103796,21,Female,Bachelor,Single,Salaried,8700000,43000000,39,0,0,0,3060000,4610000,9550000,3160000,1720000,3360000,1540000,1,0,21-29,5740000,2746666.667,0.133488372,Low,1,Low,Medium
CC103797,41,Female,Bachelor,Other,Salaried,13000000,46000000,68,0,0,0,6860000,1710000,7250000,1840000,590000,1410000,1040000,0,0,40-49,5273333.333,1280000,0.114637681,Low,1,No Late Payments,Medium
CC103798,54,Male,High School,Married,Salaried,9700000,36000000,201,0,1,0,13130000,14600000,14080000,11780000,3670000,6170000,630000,1,0,50-59,13936666.67,7206666.667,0.38712963,Moderate,2,Low,Low
CC103799,47,Male,Diploma,Single,Government,11600000,63000000,149,0,0,0,19930000,6390000,9430000,6640000,1710000,2110000,140000,0,0,40-49,11916666.67,3486666.667,0.189153439,Low,1,No Late Payments,High
CC103800,60,Male,Bachelor,Married,Salaried,22100000,52000000,240,3,3,3,34920000,35010000,33080000,560000,1080000,730000,4410000,3,1,60+,34336666.67,790000,0.660320513,High,3,Moderate,Medium
CC103801,51,Female,Bachelor,Married,Government,18900000,99000000,160,0,0,0,24090000,28820000,31040000,8020000,8680000,6450000,540000,1,1,50-59,27983333.33,7716666.667,0.282659933,Moderate,2,Low,High
CC103802,52,Female,Bachelor,Married,Government,12500000,53000000,76,2,2,1,18110000,17000000,19180000,2110000,670000,3480000,4580000,3,1,50-59,18096666.67,2086666.667,0.341446541,Moderate,2,Moderate,Medium
CC103803,38,Male,Bachelor,Married,Self-employed,15300000,58000000,77,0,1,0,36300000,28930000,33760000,6840000,11620000,3120000,5550000,1,0,30-39,32996666.67,7193333.333,0.568908046,High,3,Low,Medium
CC103804,32,Female,High School,Married,Government,9700000,33000000,32,0,0,0,14680000,14650000,16180000,3330000,2170000,2300000,2490000,0,0,30-39,15170000,2600000,0.45969697,Moderate,2,No Late Payments,Low
CC103805,44,Female,Bachelor,Married,Self-employed,14700000,64000000,171,0,0,0,39170000,43870000,38310000,11090000,21870000,9670000,6790000,0,0,40-49,40450000,14210000,0.63203125,High,3,No Late Payments,High
CC103806,48,Male,Bachelor,Married,Government,10900000,59000000,95,0,0,0,20480000,17530000,21720000,4330000,2860000,7970000,1480000,0,0,40-49,19910000,5053333.333,0.337457627,Moderate,2,No Late Payments,Medium
CC103807,55,Female,High School,Other,Salaried,15600000,89000000,194,0,0,0,12110000,24580000,39480000,2030000,11590000,15500000,3080000,0,0,50-59,25390000,9706666.667,0.285280899,Moderate,2,No Late Payments,High
CC103808,38,Female,Bachelor,Single,Self-employed,18000000,98000000,142,0,0,0,30280000,15250000,6900000,6740000,3880000,5930000,3760000,1,0,30-39,17476666.67,5516666.667,0.178333333,Low,1,Low,High
CC103809,34,Male,Diploma,Married,Government,8500000,29000000,82,0,0,0,6480000,7620000,5440000,2920000,6770000,2390000,430000,0,0,30-39,6513333.333,4026666.667,0.224597701,Low,1,No Late Payments,Low
CC103810,31,Male,Postgraduate,Married,Salaried,11000000,49000000,67,0,0,0,18510000,10660000,7900000,12490000,4700000,4330000,2130000,0,0,30-39,12356666.67,7173333.333,0.252176871,Moderate,2,No Late Payments,Medium
CC103811,34,Male,Bachelor,Married,Salaried,11400000,47000000,42,0,0,0,18690000,23450000,24510000,15210000,7690000,8050000,3700000,1,0,30-39,22216666.67,10316666.67,0.472695035,Moderate,2,Low,Medium
CC103812,54,Female,High School,Married,Salaried,9500000,53000000,95,0,0,0,35710000,36520000,30430000,7930000,9800000,7850000,5670000,0,0,50-59,34220000,8526666.667,0.645660377,High,3,No Late Payments,Medium
CC103813,21,Male,Bachelor,Married,Salaried,5900000,25000000,3,0,0,0,15610000,14980000,15010000,3360000,4450000,5130000,590000,0,0,21-29,15200000,4313333.333,0.608,High,3,No Late Payments,Low
CC103814,29,Female,Bachelor,Married,Other,10600000,80000000,72,0,0,0,54460000,40910000,41450000,6620000,5660000,14830000,3700000,3,0,21-29,45606666.67,9036666.667,0.570083333,High,3,Moderate,High
CC103815,48,Female,Bachelor,Married,Salaried,19400000,97000000,79,0,0,0,48070000,65860000,50500000,15810000,30900000,20000000,3060000,0,0,40-49,54810000,22236666.67,0.565051546,High,3,No Late Payments,High
CC103816,39,Female,Diploma,Single,Government,7200000,41000000,79,3,3,0,34520000,38370000,28760000,1170000,660000,10690000,3390000,4,1,30-39,33883333.33,4173333.333,0.826422764,Very High,4,Moderate,Medium
CC103817,22,Male,Diploma,Married,Self-employed,8300000,28000000,53,0,0,0,15060000,15300000,15560000,5590000,5200000,13920000,1050000,0,0,21-29,15306666.67,8236666.667,0.546666667,High,3,No Late Payments,Low
CC103818,41,Male,High School,Married,Other,7300000,36000000,134,0,0,0,13670000,20380000,12990000,4910000,4960000,2850000,880000,0,0,40-49,15680000,4240000,0.435555556,Moderate,2,No Late Payments,Low
CC103819,35,Female,Bachelor,Married,Salaried,10900000,51000000,101,3,3,0,25540000,23690000,23950000,870000,1580000,1200000,3440000,2,1,30-39,24393333.33,1216666.667,0.478300654,Moderate,2,Low,Medium
CC103820,21,Female,Bachelor,Married,Government,12900000,41000000,3,0,2,0,6800000,5790000,10260000,2860000,1330000,3930000,1610000,2,0,21-29,7616666.667,2706666.667,0.185772358,Low,1,Low,Medium
CC103821,35,Male,Bachelor,Married,Salaried,11500000,46000000,62,0,0,0,18220000,20390000,11000000,10180000,19280000,1880000,280000,0,0,30-39,16536666.67,10446666.67,0.359492754,Moderate,2,No Late Payments,Medium
CC103822,41,Male,Diploma,Married,Salaried,14800000,66000000,142,0,0,0,1260000,16700000,25110000,1260000,14710000,10600000,160000,0,0,40-49,14356666.67,8856666.667,0.217525253,Low,1,No Late Payments,High
CC103823,42,Female,Bachelor,Single,Salaried,10400000,45000000,118,0,0,0,24640000,21800000,28190000,24630000,9560000,13890000,2490000,0,0,40-49,24876666.67,16026666.67,0.552814815,High,3,No Late Payments,Medium
CC103824,42,Male,Diploma,Married,Contract,8400000,40000000,59,0,0,0,14490000,6970000,7520000,5980000,3410000,1550000,4170000,0,0,40-49,9660000,3646666.667,0.2415,Low,1,No Late Payments,Medium
CC103825,34,Female,High School,Single,Salaried,8300000,40000000,102,0,0,0,13420000,18770000,20070000,4640000,10360000,9330000,470000,0,1,30-39,17420000,8110000,0.4355,Moderate,2,No Late Payments,Medium
CC103826,49,Female,High School,Other,Salaried,14100000,50000000,118,0,0,0,12270000,11020000,14820000,5610000,4950000,1020000,2000000,0,0,40-49,12703333.33,3860000,0.254066667,Moderate,2,No Late Payments,Medium
CC103827,51,Male,High School,Married,Salaried,5200000,20000000,143,1,0,0,7410000,7880000,9140000,1130000,840000,2360000,900000,2,0,50-59,8143333.333,1443333.333,0.407166667,Moderate,2,Low,Low
CC103828,21,Male,High School,Single,Other,5000000,20000000,15,3,0,0,13860000,10370000,6970000,1100000,2670000,2740000,2700000,1,0,21-29,10400000,2170000,0.52,High,3,Low,Low
CC103829,21,Female,Bachelor,Married,Government,8800000,22000000,36,1,1,1,6920000,9220000,8640000,1730000,1670000,1550000,1410000,3,0,21-29,8260000,1650000,0.375454545,Moderate,2,Moderate,Low
CC103830,43,Female,Bachelor,Married,Self-employed,16200000,51000000,124,3,2,2,25040000,29240000,21840000,2380000,820000,1010000,2740000,4,1,40-49,25373333.33,1403333.333,0.49751634,Moderate,2,Moderate,Medium
CC103831,42,Female,Bachelor,Married,Government,19900000,116000000,135,0,0,0,60400000,47200000,35230000,19660000,17850000,12470000,3400000,0,0,40-49,47610000,16660000,0.410431034,Moderate,2,No Late Payments,Very High
CC103832,51,Male,High School,Married,Other,7600000,33000000,193,3,2,3,21150000,21980000,26350000,4770000,600000,350000,2840000,3,1,50-59,23160000,1906666.667,0.701818182,High,3,Moderate,Low
CC103833,37,Male,Bachelor,Single,Other,9400000,43000000,64,0,3,3,21940000,16200000,21170000,3640000,2920000,4530000,2020000,3,0,30-39,19770000,3696666.667,0.459767442,Moderate,2,Moderate,Medium
CC103834,32,Male,Bachelor,Single,Government,17400000,73000000,71,0,0,0,11690000,11230000,10360000,2400000,2820000,9860000,1770000,0,0,30-39,11093333.33,5026666.667,0.15196347,Low,1,No Late Payments,High
CC103835,42,Male,Bachelor,Married,Other,10200000,31000000,128,0,0,0,11390000,12610000,19190000,4840000,4830000,16200000,1340000,0,0,40-49,14396666.67,8623333.333,0.464408602,Moderate,2,No Late Payments,Low
CC103836,37,Female,High School,Single,Salaried,8600000,46000000,92,0,0,0,26270000,18980000,19720000,11730000,7690000,9290000,980000,2,0,30-39,21656666.67,9570000,0.470797101,Moderate,2,Low,Medium
CC103837,38,Male,Bachelor,Married,Contract,13100000,50000000,119,0,0,0,2300000,4190000,13050000,1050000,810000,4060000,2280000,0,0,30-39,6513333.333,1973333.333,0.130266667,Low,1,No Late Payments,Medium
CC103838,40,Male,Bachelor,Married,Contract,12800000,27000000,81,2,3,0,16210000,19520000,21190000,570000,510000,7790000,3270000,3,1,40-49,18973333.33,2956666.667,0.702716049,High,3,Moderate,Low
CC103839,25,Female,Diploma,Single,Salaried,8400000,37000000,16,0,0,0,18980000,17480000,13500000,18960000,5740000,4970000,1280000,0,0,21-29,16653333.33,9890000,0.45009009,Moderate,2,No Late Payments,Low
CC103840,42,Female,High School,Married,Salaried,6800000,33000000,128,0,0,0,25240000,22310000,26900000,8420000,8470000,10130000,550000,0,0,40-49,24816666.67,9006666.667,0.752020202,Very High,4,No Late Payments,Low
CC103841,49,Male,Diploma,Married,Self-employed,13800000,43000000,85,0,0,0,20470000,20040000,17470000,20700000,4710000,7830000,1070000,0,0,40-49,19326666.67,11080000,0.449457364,Moderate,2,No Late Payments,Medium
CC103842,27,Female,Diploma,Married,Contract,6800000,29000000,60,0,0,2,14390000,12170000,12260000,13980000,670000,1820000,490000,1,0,21-29,12940000,5490000,0.446206897,Moderate,2,Low,Low
CC103843,32,Male,Diploma,Married,Salaried,7200000,26000000,87,0,3,0,18910000,18790000,14970000,4220000,290000,7390000,1570000,1,0,30-39,17556666.67,3966666.667,0.67525641,High,3,Low,Low
CC103844,40,Female,Diploma,Other,Contract,11700000,49000000,97,2,1,0,32040000,38100000,37970000,5790000,15840000,8590000,6170000,3,0,40-49,36036666.67,10073333.33,0.735442177,High,3,Moderate,Medium
CC103845,21,Female,Diploma,Single,Other,5700000,20000000,16,0,0,0,9730000,8460000,4170000,3800000,3760000,4360000,1360000,0,0,21-29,7453333.333,3973333.333,0.372666667,Moderate,2,No Late Payments,Low
CC103846,46,Female,Postgraduate,Married,Self-employed,12800000,68000000,93,2,2,3,3590000,6730000,17060000,720000,1190000,1490000,3050000,4,0,40-49,9126666.667,1133333.333,0.134215686,Low,1,Moderate,High
CC103847,52,Female,Bachelor,Married,Government,19100000,75000000,240,0,0,0,47270000,49750000,53960000,14870000,19090000,8110000,4230000,0,0,50-59,50326666.67,14023333.33,0.671022222,High,3,No Late Payments,High
CC103848,34,Male,Bachelor,Single,Contract,8400000,23000000,65,0,0,0,2640000,5230000,5630000,610000,1930000,5030000,1230000,0,0,30-39,4500000,2523333.333,0.195652174,Low,1,No Late Payments,Low
CC103849,42,Female,Bachelor,Single,Salaried,12000000,68000000,116,0,0,0,51750000,52550000,49940000,21320000,13670000,10900000,7470000,0,0,40-49,51413333.33,15296666.67,0.756078431,Very High,4,No Late Payments,High
CC103850,45,Male,Bachelor,Other,Salaried,10500000,42000000,105,0,0,0,7470000,13210000,11610000,6530000,3600000,4530000,820000,0,0,40-49,10763333.33,4886666.667,0.256269841,Moderate,2,No Late Payments,Medium
CC103851,44,Female,Diploma,Other,Government,12100000,76000000,186,1,0,2,35460000,36100000,20790000,10240000,11610000,1660000,4790000,2,0,40-49,30783333.33,7836666.667,0.40504386,Moderate,2,Low,High
CC103852,26,Female,High School,Single,Contract,5000000,20000000,23,3,0,0,6050000,7460000,8590000,280000,2180000,2910000,1000000,1,1,21-29,7366666.667,1790000,0.368333333,Moderate,2,Low,Low
CC103853,29,Male,High School,Single,Salaried,10100000,56000000,108,0,0,0,13570000,5860000,17220000,6360000,2510000,8050000,3730000,1,0,21-29,12216666.67,5640000,0.218154762,Low,1,Low,Medium
CC103854,37,Male,High School,Single,Salaried,8900000,37000000,105,0,1,0,24570000,26050000,25210000,11290000,6620000,16560000,1080000,2,0,30-39,25276666.67,11490000,0.683153153,High,3,Low,Low
CC103855,31,Female,Bachelor,Married,Salaried,9200000,39000000,76,0,0,0,9920000,6440000,10440000,4710000,1750000,2580000,2910000,0,0,30-39,8933333.333,3013333.333,0.229059829,Low,1,No Late Payments,Low
CC103856,50,Female,Bachelor,Married,Government,10800000,49000000,225,1,0,0,23100000,25360000,25460000,3920000,20560000,12130000,2670000,1,0,50-59,24640000,12203333.33,0.502857143,High,3,Low,Medium
CC103857,54,Male,Postgraduate,Married,Salaried,20000000,99000000,218,0,0,0,40150000,44480000,40820000,14640000,19720000,9860000,4160000,0,0,50-59,41816666.67,14740000,0.422390572,Moderate,2,No Late Payments,High
CC103858,45,Male,Diploma,Married,Other,10800000,62000000,192,0,0,0,6890000,12260000,4760000,3630000,4590000,2080000,820000,0,0,40-49,7970000,3433333.333,0.128548387,Low,1,No Late Payments,High
CC103859,33,Female,Bachelor,Single,Government,10400000,43000000,100,0,0,0,10080000,7060000,1150000,3670000,2360000,590000,2550000,0,0,30-39,6096666.667,2206666.667,0.141782946,Low,1,No Late Payments,Medium
CC103860,51,Female,High School,Married,Self-employed,10900000,57000000,92,0,0,0,26730000,29540000,17870000,10120000,12490000,7880000,740000,1,0,50-59,24713333.33,10163333.33,0.433567251,Moderate,2,Low,Medium
CC103861,47,Female,Diploma,Married,Salaried,10400000,45000000,143,3,3,3,22720000,13480000,14300000,800000,660000,940000,2510000,3,1,40-49,16833333.33,800000,0.374074074,Moderate,2,Moderate,Medium
CC103862,21,Female,High School,Single,Salaried,8500000,30000000,31,0,0,0,2440000,3150000,4100000,1200000,2680000,2780000,1060000,0,0,21-29,3230000,2220000,0.107666667,Low,1,No Late Payments,Low
CC103863,48,Male,Postgraduate,Married,Government,18500000,113000000,124,0,1,0,11950000,15120000,19900000,2470000,5390000,4700000,4060000,3,1,40-49,15656666.67,4186666.667,0.138554572,Low,1,Moderate,Very High
CC103864,32,Male,Postgraduate,Married,Salaried,25900000,77000000,44,0,1,0,24770000,34140000,33440000,3150000,2220000,11000000,1280000,1,0,30-39,30783333.33,5456666.667,0.39978355,Moderate,2,Low,High
CC103865,49,Female,Bachelor,Married,Salaried,11800000,76000000,182,0,0,0,35580000,39730000,46720000,14560000,12730000,18800000,4560000,0,1,40-49,40676666.67,15363333.33,0.535219298,High,3,No Late Payments,High
CC103866,40,Male,High School,Married,Salaried,7100000,41000000,133,3,1,0,27660000,33540000,31210000,570000,1560000,31370000,1180000,3,1,40-49,30803333.33,11166666.67,0.751300813,Very High,4,Moderate,Medium
CC103867,25,Female,Bachelor,Married,Salaried,7700000,35000000,46,0,0,0,0,7290000,8140000,0,2660000,2230000,370000,0,0,21-29,5143333.333,1630000,0.146952381,Low,1,No Late Payments,Low
CC103868,38,Female,Bachelor,Single,Contract,16200000,68000000,134,0,0,0,28300000,34530000,32880000,9030000,13940000,14540000,420000,1,0,30-39,31903333.33,12503333.33,0.469166667,Moderate,2,Low,High
CC103869,38,Male,High School,Single,Self-employed,13300000,24000000,71,0,0,0,16010000,12410000,16140000,2850000,2440000,3610000,2010000,1,0,30-39,14853333.33,2966666.667,0.618888889,High,3,Low,Low
CC103870,57,Female,Bachelor,Married,Self-employed,16400000,55000000,118,0,2,1,24680000,25530000,31290000,7600000,6530000,4900000,1440000,2,0,50-59,27166666.67,6343333.333,0.493939394,Moderate,2,Low,Medium
CC103871,36,Female,Bachelor,Married,Self-employed,16600000,81000000,78,0,0,3,43620000,50990000,52720000,10570000,20030000,5350000,5520000,1,0,30-39,49110000,11983333.33,0.606296296,High,3,Low,High
CC103872,43,Female,Diploma,Married,Other,9800000,53000000,92,0,0,0,43800000,43250000,38950000,4780000,16990000,12820000,1450000,0,0,40-49,42000000,11530000,0.79245283,Very High,4,No Late Payments,Medium
CC103873,42,Male,Bachelor,Married,Salaried,14300000,97000000,92,0,1,0,16820000,32870000,44380000,5680000,17860000,19100000,3350000,1,0,40-49,31356666.67,14213333.33,0.323264605,Moderate,2,Low,High
CC103874,32,Male,Bachelor,Married,Salaried,6400000,29000000,39,0,0,0,8120000,8690000,10600000,2080000,4270000,2870000,1520000,0,0,30-39,9136666.667,3073333.333,0.315057471,Moderate,2,No Late Payments,Low
CC103875,34,Male,Diploma,Married,Other,7500000,27000000,39,1,3,0,21660000,21980000,19230000,2800000,490000,1890000,1040000,3,0,30-39,20956666.67,1726666.667,0.77617284,Very High,4,Moderate,Low
CC103876,41,Female,Diploma,Married,Contract,16600000,74000000,147,0,0,0,48580000,56550000,45020000,28050000,15630000,7510000,3160000,0,0,40-49,50050000,17063333.33,0.676351351,High,3,No Late Payments,High
CC103877,35,Female,Bachelor,Single,Contract,14400000,93000000,89,1,0,0,43190000,41080000,23300000,12270000,4640000,10340000,780000,2,0,30-39,35856666.67,9083333.333,0.385555556,Moderate,2,Low,High
CC103878,42,Male,Bachelor,Married,Salaried,13300000,53000000,144,0,0,1,37240000,30790000,36050000,9890000,5230000,12720000,4710000,3,0,40-49,34693333.33,9280000,0.654591195,High,3,Moderate,Medium
CC103879,22,Male,Bachelor,Married,Contract,10400000,28000000,36,0,0,0,15060000,11380000,11840000,14760000,3140000,2890000,2160000,0,0,21-29,12760000,6930000,0.455714286,Moderate,2,No Late Payments,Low
CC103880,39,Female,Bachelor,Married,Self-employed,15900000,50000000,55,0,0,0,2720000,8810000,9350000,1460000,3520000,2300000,650000,1,1,30-39,6960000,2426666.667,0.1392,Low,1,Low,Medium
CC103881,21,Male,Bachelor,Single,Contract,6800000,29000000,44,0,0,0,10700000,13900000,14240000,1930000,11510000,7160000,980000,0,0,21-29,12946666.67,6866666.667,0.446436782,Moderate,2,No Late Payments,Low
CC103882,21,Male,Bachelor,Single,Contract,11800000,38000000,13,0,0,0,3010000,10100000,10790000,940000,3820000,10300000,2660000,0,0,21-29,7966666.667,5020000,0.209649123,Low,1,No Late Payments,Low
CC103883,60,Male,Bachelor,Other,Salaried,15200000,100000000,159,2,3,3,72280000,51760000,48300000,1650000,1800000,1460000,6390000,4,1,60+,57446666.67,1636666.667,0.574466667,High,3,Moderate,Very High
CC103884,35,Male,High School,Married,Other,6600000,26000000,117,0,1,0,10130000,7760000,10590000,2160000,750000,3710000,520000,2,0,30-39,9493333.333,2206666.667,0.365128205,Moderate,2,Low,Low
CC103885,44,Female,High School,Single,Salaried,11500000,35000000,105,0,0,0,10390000,11930000,12330000,4710000,3850000,1110000,1020000,0,0,40-49,11550000,3223333.333,0.33,Moderate,2,No Late Payments,Low
CC103886,42,Female,Bachelor,Married,Salaried,13400000,58000000,107,0,0,3,35440000,34430000,27500000,8860000,11140000,3250000,3860000,1,0,40-49,32456666.67,7750000,0.559597701,High,3,Low,Medium
CC103887,25,Male,Bachelor,Single,Self-employed,10600000,48000000,25,3,0,1,42880000,41920000,38280000,820000,17280000,4030000,3180000,2,1,21-29,41026666.67,7376666.667,0.854722222,Very High,4,Low,Medium
CC103888,36,Female,Bachelor,Single,Salaried,14400000,50000000,63,0,0,0,16200000,13360000,15210000,7830000,2970000,15890000,2690000,0,0,30-39,14923333.33,8896666.667,0.298466667,Moderate,2,No Late Payments,Medium
CC103889,37,Male,High School,Other,Salaried,9500000,49000000,61,0,0,0,15620000,21790000,16700000,14410000,8240000,7830000,2330000,1,0,30-39,18036666.67,10160000,0.368095238,Moderate,2,Low,Medium
CC103890,21,Male,Bachelor,Married,Salaried,5300000,20000000,4,2,3,2,7810000,5940000,8220000,340000,690000,450000,1280000,3,1,21-29,7323333.333,493333.3333,0.366166667,Moderate,2,Moderate,Low
CC103891,41,Female,Bachelor,Married,Salaried,6400000,35000000,114,0,0,0,14900000,13750000,11520000,7280000,12330000,3710000,1680000,0,0,40-49,13390000,7773333.333,0.382571429,Moderate,2,No Late Payments,Low
CC103892,28,Male,High School,Married,Salaried,5200000,22000000,55,3,3,3,15460000,16130000,16400000,1410000,440000,340000,1910000,4,1,21-29,15996666.67,730000,0.727121212,High,3,Moderate,Low
CC103893,40,Female,High School,Married,Salaried,7800000,33000000,142,0,0,0,25410000,25640000,26090000,24800000,5160000,10380000,2050000,0,0,40-49,25713333.33,13446666.67,0.779191919,Very High,4,No Late Payments,Low
CC103894,44,Female,Bachelor,Married,Contract,5000000,24000000,99,0,1,0,9450000,8650000,8740000,9620000,1420000,7170000,1390000,1,0,40-49,8946666.667,6070000,0.372777778,Moderate,2,Low,Low
CC103895,41,Male,High School,Married,Other,6800000,28000000,51,0,0,0,19280000,17810000,15150000,9230000,2600000,3950000,1170000,1,0,40-49,17413333.33,5260000,0.621904762,High,3,Low,Low
CC103896,40,Female,Bachelor,Single,Salaried,15300000,54000000,97,0,0,0,21400000,17970000,23990000,7220000,8160000,6370000,2560000,0,0,40-49,21120000,7250000,0.391111111,Moderate,2,No Late Payments,Medium
CC103897,46,Female,Diploma,Married,Self-employed,7900000,41000000,180,0,0,0,16790000,18370000,14290000,7190000,17840000,6290000,490000,0,0,40-49,16483333.33,10440000,0.40203252,Moderate,2,No Late Payments,Medium
CC103898,31,Female,High School,Married,Salaried,8700000,34000000,89,0,0,0,7790000,7710000,7100000,2280000,6230000,6010000,2950000,0,0,30-39,7533333.333,4840000,0.221568627,Low,1,No Late Payments,Low
CC103899,40,Female,Postgraduate,Married,Salaried,8000000,38000000,84,3,3,3,12870000,16550000,15450000,720000,1260000,850000,2120000,3,1,40-49,14956666.67,943333.3333,0.393596491,Moderate,2,Moderate,Low
CC103900,46,Female,Bachelor,Married,Contract,8600000,42000000,80,0,0,0,19050000,16000000,11900000,18220000,6080000,4370000,1070000,1,0,40-49,15650000,9556666.667,0.372619048,Moderate,2,Low,Medium
CC103901,51,Female,Bachelor,Married,Salaried,16100000,63000000,163,3,3,3,33060000,32720000,31530000,1210000,970000,1300000,2490000,3,1,50-59,32436666.67,1160000,0.514867725,High,3,Moderate,High
CC103902,44,Male,High School,Married,Salaried,7300000,26000000,90,0,0,0,8740000,12050000,11630000,4460000,6050000,4550000,280000,0,0,40-49,10806666.67,5020000,0.415641026,Moderate,2,No Late Payments,Low
CC103903,21,Female,Bachelor,Single,Salaried,5700000,27000000,10,0,0,0,4160000,4720000,6520000,1960000,1670000,1930000,510000,0,0,21-29,5133333.333,1853333.333,0.190123457,Low,1,No Late Payments,Low
CC103904,21,Male,Postgraduate,Single,Salaried,11300000,47000000,20,0,0,0,7760000,4580000,2570000,1780000,1680000,1130000,280000,0,0,21-29,4970000,1530000,0.105744681,Low,1,No Late Payments,Medium
CC103905,50,Female,Bachelor,Married,Government,24400000,126000000,208,3,0,0,100710000,81120000,92810000,7070000,25490000,31430000,17190000,3,1,50-59,91546666.67,21330000,0.726560847,High,3,Moderate,Very High
CC103906,21,Female,Diploma,Married,Contract,6800000,20000000,19,0,0,0,40000,0,1800000,40000,0,770000,840000,0,0,21-29,613333.3333,270000,0.030666667,Low,1,No Late Payments,Low
CC103907,28,Female,Bachelor,Single,Salaried,10500000,29000000,31,0,0,0,140000,230000,540000,140000,230000,310000,400000,0,0,21-29,303333.3333,226666.6667,0.01045977,Low,1,No Late Payments,Low
CC103908,35,Male,Diploma,Married,Government,10200000,57000000,89,0,0,0,21330000,29990000,34560000,9770000,1120000,7680000,2100000,1,0,30-39,28626666.67,6190000,0.502222222,High,3,Low,Medium
CC103909,33,Male,High School,Single,Salaried,6200000,20000000,64,0,0,0,10490000,11010000,14030000,2020000,2600000,2610000,370000,0,0,30-39,11843333.33,2410000,0.592166667,High,3,No Late Payments,Low
CC103910,32,Female,Bachelor,Married,Salaried,12600000,87000000,92,0,0,0,46930000,44640000,41280000,10880000,22750000,24740000,980000,2,0,30-39,44283333.33,19456666.67,0.509003831,High,3,Low,High
CC103911,34,Male,Bachelor,Single,Salaried,13000000,71000000,50,0,1,0,52640000,45810000,49360000,15310000,17230000,47060000,4840000,1,0,30-39,49270000,26533333.33,0.693943662,High,3,Low,High
CC103912,49,Female,Bachelor,Single,Salaried,10400000,36000000,66,0,0,0,26150000,24170000,25530000,7970000,6680000,13490000,2470000,0,0,40-49,25283333.33,9380000,0.702314815,High,3,No Late Payments,Low
CC103913,21,Female,Bachelor,Single,Other,6100000,37000000,3,3,0,0,29820000,24970000,28290000,6760000,24290000,7450000,2130000,1,0,21-29,27693333.33,12833333.33,0.748468468,High,3,Low,Low
CC103914,44,Male,Bachelor,Married,Government,18500000,105000000,187,0,0,0,40660000,49920000,39940000,20070000,26780000,19540000,3630000,0,0,40-49,43506666.67,22130000,0.414349206,Moderate,2,No Late Payments,Very High
CC103915,21,Male,Bachelor,Single,Other,6300000,28000000,8,3,3,3,14830000,10490000,9000000,380000,360000,300000,3270000,3,1,21-29,11440000,346666.6667,0.408571429,Moderate,2,Moderate,Low
CC103916,21,Male,Bachelor,Married,Salaried,9000000,38000000,23,0,0,0,24330000,26010000,30700000,10510000,10480000,4680000,3420000,1,0,21-29,27013333.33,8556666.667,0.710877193,High,3,Low,Low
CC103917,58,Female,High School,Married,Salaried,12500000,75000000,240,0,0,0,49450000,39660000,48950000,50880000,7550000,10530000,5590000,2,0,50-59,46020000,22986666.67,0.6136,High,3,Low,High
CC103918,56,Male,Bachelor,Married,Salaried,21000000,123000000,210,0,0,0,21190000,45750000,15550000,9210000,39110000,7360000,2160000,0,0,50-59,27496666.67,18560000,0.223550136,Low,1,No Late Payments,Very High
CC103919,35,Female,Bachelor,Single,Salaried,16000000,81000000,76,3,3,3,25250000,44580000,25740000,890000,1290000,1230000,11000000,3,1,30-39,31856666.67,1136666.667,0.393292181,Moderate,2,Moderate,High
CC103920,21,Female,High School,Married,Salaried,5100000,28000000,20,0,0,0,1360000,6020000,2210000,460000,4920000,980000,1580000,0,0,21-29,3196666.667,2120000,0.114166667,Low,1,No Late Payments,Low
CC103921,44,Male,High School,Married,Salaried,10400000,47000000,115,0,0,0,17510000,14720000,13470000,6800000,4850000,3450000,350000,0,1,40-49,15233333.33,5033333.333,0.324113475,Moderate,2,No Late Payments,Medium
CC103922,29,Male,Bachelor,Married,Salaried,13200000,59000000,44,0,0,0,30600000,19600000,18820000,15270000,7650000,7760000,1040000,1,0,21-29,23006666.67,10226666.67,0.389943503,Moderate,2,Low,Medium
CC103923,22,Female,Postgraduate,Single,Self-employed,14000000,84000000,22,3,2,2,36560000,35740000,38280000,1370000,6120000,6820000,9420000,3,1,21-29,36860000,4770000,0.438809524,Moderate,2,Moderate,High
CC103924,40,Female,Diploma,Married,Salaried,13000000,68000000,155,3,0,0,45370000,40680000,44600000,890000,4740000,21460000,6270000,2,1,40-49,43550000,9030000,0.640441176,High,3,Low,High
CC103925,23,Female,Postgraduate,Other,Salaried,11900000,46000000,29,0,0,0,30700000,23940000,24760000,11350000,9190000,5520000,3180000,0,0,21-29,26466666.67,8686666.667,0.575362319,High,3,No Late Payments,Medium
CC103926,38,Female,Bachelor,Single,Salaried,11800000,56000000,57,3,0,3,27120000,15340000,20440000,600000,3030000,930000,3610000,2,1,30-39,20966666.67,1520000,0.374404762,Moderate,2,Low,Medium
CC103927,40,Male,Bachelor,Married,Salaried,14700000,102000000,171,0,0,0,15620000,14690000,20150000,4630000,13580000,8520000,540000,0,0,40-49,16820000,8910000,0.164901961,Low,1,No Late Payments,Very High
CC103928,39,Female,Bachelor,Married,Salaried,11100000,61000000,132,0,0,0,27220000,28040000,17630000,13470000,26650000,10160000,820000,0,0,30-39,24296666.67,16760000,0.398306011,Moderate,2,No Late Payments,High
CC103929,28,Male,Bachelor,Married,Salaried,13500000,79000000,25,0,0,0,17860000,12110000,19320000,2950000,3090000,4070000,1600000,0,0,21-29,16430000,3370000,0.207974684,Low,1,No Late Payments,High
CC103930,32,Male,Postgraduate,Single,Self-employed,19200000,113000000,66,0,0,1,63530000,38340000,36390000,17970000,13920000,7760000,7570000,1,0,30-39,46086666.67,13216666.67,0.407846608,Moderate,2,Low,Very High
CC103931,57,Male,Diploma,Married,Salaried,14400000,100000000,133,0,0,0,3630000,3290000,14640000,2190000,1670000,6830000,4210000,1,0,50-59,7186666.667,3563333.333,0.071866667,Low,1,Low,Very High
CC103932,31,Male,Diploma,Single,Other,7600000,39000000,51,0,2,1,16420000,13370000,11800000,5800000,1580000,3510000,2700000,3,1,30-39,13863333.33,3630000,0.355470085,Moderate,2,Moderate,Low
CC103933,21,Female,Bachelor,Single,Salaried,8700000,48000000,48,0,0,0,43490000,36340000,43480000,44650000,16060000,18240000,900000,0,0,21-29,41103333.33,26316666.67,0.856319444,Very High,4,No Late Payments,Medium
CC103934,31,Female,Bachelor,Married,Self-employed,27000000,123000000,46,0,0,0,20930000,39800000,33030000,8670000,16460000,31100000,1950000,1,0,30-39,31253333.33,18743333.33,0.254092141,Moderate,2,Low,Very High
CC103935,42,Male,Postgraduate,Other,Government,14700000,71000000,77,0,1,2,38760000,31150000,26340000,23680000,3860000,1000000,4570000,2,1,40-49,32083333.33,9513333.333,0.451877934,Moderate,2,Low,High
CC103936,29,Female,High School,Married,Salaried,7200000,35000000,36,0,0,0,13610000,14280000,11670000,2110000,4490000,4280000,2400000,1,0,21-29,13186666.67,3626666.667,0.376761905,Moderate,2,Low,Low
CC103937,46,Male,Bachelor,Married,Other,9300000,59000000,138,0,0,0,44290000,45430000,34130000,21670000,21890000,9980000,1960000,0,0,40-49,41283333.33,17846666.67,0.699717514,High,3,No Late Payments,Medium
CC103938,24,Female,High School,Married,Self-employed,9600000,20000000,53,0,0,0,20210000,15460000,15200000,310000,15910000,1320000,1340000,2,0,21-29,16956666.67,5846666.667,0.847833333,Very High,4,Low,Low
CC103939,21,Male,Diploma,Single,Contract,5000000,20000000,11,0,0,0,2840000,1930000,3580000,2710000,1140000,3160000,470000,0,0,21-29,2783333.333,2336666.667,0.139166667,Low,1,No Late Payments,Low
CC103940,23,Female,High School,Single,Self-employed,10100000,60000000,43,0,0,0,25680000,26090000,31410000,8310000,11860000,13720000,730000,2,0,21-29,27726666.67,11296666.67,0.462111111,Moderate,2,Low,High
CC103941,21,Female,Bachelor,Single,Other,8600000,46000000,18,0,0,0,4250000,10450000,16640000,1500000,3720000,8080000,290000,0,0,21-29,10446666.67,4433333.333,0.227101449,Low,1,No Late Payments,Medium
CC103942,35,Male,Bachelor,Married,Salaried,11000000,40000000,67,0,0,0,17160000,20810000,20780000,11760000,20740000,8120000,780000,0,0,30-39,19583333.33,13540000,0.489583333,Moderate,2,No Late Payments,Medium
CC103943,46,Female,Postgraduate,Other,Salaried,22300000,131000000,133,0,2,0,34330000,49730000,35480000,10760000,3720000,12610000,17400000,1,0,40-49,39846666.67,9030000,0.304173028,Moderate,2,Low,Very High
CC103944,41,Male,Bachelor,Single,Salaried,15500000,67000000,89,0,0,0,44930000,43830000,50850000,15120000,19190000,24010000,2430000,0,0,40-49,46536666.67,19440000,0.694577114,High,3,No Late Payments,High
CC103945,21,Female,Postgraduate,Single,Salaried,5000000,31000000,6,0,0,0,14390000,13170000,15380000,10700000,5370000,12560000,970000,1,0,21-29,14313333.33,9543333.333,0.46172043,Moderate,2,Low,Low
CC103946,36,Female,Bachelor,Married,Self-employed,10700000,47000000,122,0,0,0,19650000,23420000,21090000,4660000,7350000,4810000,1830000,0,0,30-39,21386666.67,5606666.667,0.455035461,Moderate,2,No Late Payments,Medium
CC103947,45,Male,Bachelor,Married,Contract,11200000,39000000,110,0,0,0,17410000,23810000,20780000,4640000,9850000,8370000,1190000,1,0,40-49,20666666.67,7620000,0.52991453,High,3,Low,Low
CC103948,38,Female,Bachelor,Single,Salaried,12900000,49000000,107,0,0,0,22700000,21020000,14260000,21090000,12710000,4970000,650000,0,0,30-39,19326666.67,12923333.33,0.394421769,Moderate,2,No Late Payments,Medium
CC103949,27,Male,Diploma,Married,Salaried,8200000,34000000,58,2,2,3,27700000,29850000,30170000,1120000,2280000,560000,2570000,4,1,21-29,29240000,1320000,0.86,Very High,4,Moderate,Low
CC103950,35,Female,Diploma,Married,Salaried,14000000,79000000,123,0,0,0,17090000,14510000,20130000,16550000,5590000,8160000,1810000,0,0,30-39,17243333.33,10100000,0.218270042,Low,1,No Late Payments,High
CC103951,43,Female,Diploma,Other,Salaried,8600000,24000000,71,0,0,0,13070000,15030000,15300000,10810000,6280000,13910000,1710000,0,0,40-49,14466666.67,10333333.33,0.602777778,High,3,No Late Payments,Low
CC103952,45,Female,Postgraduate,Married,Salaried,18700000,123000000,190,3,3,2,29330000,36320000,57230000,2130000,4270000,5500000,14640000,4,1,40-49,40960000,3966666.667,0.33300813,Moderate,2,Moderate,Very High
CC103953,39,Male,Bachelor,Single,Salaried,10400000,27000000,148,0,0,0,15020000,15240000,20290000,4230000,6970000,19600000,510000,0,0,30-39,16850000,10266666.67,0.624074074,High,3,No Late Payments,Low
CC103954,21,Male,High School,Single,Salaried,5800000,22000000,37,0,0,0,16310000,10810000,12220000,4460000,4000000,6530000,1950000,1,0,21-29,13113333.33,4996666.667,0.596060606,High,3,Low,Low
CC103955,40,Female,Diploma,Married,Salaried,11800000,35000000,67,0,0,0,6110000,2110000,8480000,2010000,950000,3550000,1160000,1,0,40-49,5566666.667,2170000,0.159047619,Low,1,Low,Low
CC103956,21,Female,Bachelor,Single,Other,5000000,20000000,3,0,0,0,12540000,11210000,10440000,3050000,370000,4740000,1710000,0,0,21-29,11396666.67,2720000,0.569833333,High,3,No Late Payments,Low
CC103957,24,Male,Diploma,Married,Government,7900000,29000000,43,0,0,0,27150000,24900000,23080000,5360000,8900000,7980000,1680000,1,0,21-29,25043333.33,7413333.333,0.863563218,Very High,4,Low,Low
CC103958,40,Female,High School,Married,Salaried,5100000,37000000,122,3,2,1,24600000,25530000,30860000,1290000,3330000,6120000,2150000,3,1,40-49,26996666.67,3580000,0.72963964,High,3,Moderate,Low
CC103959,36,Female,High School,Other,Salaried,11900000,54000000,114,0,0,0,32780000,22470000,21250000,11790000,8070000,6220000,1380000,0,0,30-39,25500000,8693333.333,0.472222222,Moderate,2,No Late Payments,Medium
CC103960,48,Female,High School,Married,Contract,9700000,51000000,75,0,0,2,8480000,6860000,7850000,2660000,1110000,2270000,2130000,2,1,40-49,7730000,2013333.333,0.151568627,Low,1,Low,Medium
CC103961,38,Male,Bachelor,Married,Self-employed,23200000,153000000,48,3,2,2,163140000,150900000,146190000,2830000,38610000,7480000,10540000,3,1,30-39,153410000,16306666.67,1.002679739,Over Limit,5,Moderate,Very High
CC103962,44,Female,Bachelor,Married,Self-employed,14200000,74000000,139,0,0,0,8690000,7480000,11840000,3780000,3190000,4840000,2150000,0,0,40-49,9336666.667,3936666.667,0.126171171,Low,1,No Late Payments,High
CC103963,45,Female,Postgraduate,Married,Self-employed,10800000,45000000,79,0,0,0,9540000,7500000,4960000,4310000,2320000,4560000,3090000,0,0,40-49,7333333.333,3730000,0.162962963,Low,1,No Late Payments,Medium
CC103964,47,Male,High School,Single,Salaried,20500000,74000000,91,0,0,0,30190000,39970000,38130000,26110000,14500000,37320000,990000,0,0,40-49,36096666.67,25976666.67,0.487792793,Moderate,2,No Late Payments,High
CC103965,34,Female,Bachelor,Single,Salaried,14200000,92000000,74,3,3,3,16940000,27440000,33510000,1510000,1810000,4660000,2830000,4,1,30-39,25963333.33,2660000,0.282210145,Moderate,2,Moderate,High
CC103966,32,Male,Bachelor,Married,Contract,6900000,33000000,40,0,0,0,21150000,22000000,16640000,11680000,11040000,4140000,1330000,0,0,30-39,19930000,8953333.333,0.603939394,High,3,No Late Payments,Low
CC103967,44,Male,Diploma,Single,Salaried,9600000,39000000,192,0,0,0,23060000,25350000,23660000,5310000,13310000,11080000,3160000,1,0,40-49,24023333.33,9900000,0.615982906,High,3,Low,Low
CC103968,44,Male,Bachelor,Married,Salaried,19800000,84000000,104,0,0,0,35720000,31850000,39370000,13350000,7390000,17300000,970000,0,0,40-49,35646666.67,12680000,0.424365079,Moderate,2,No Late Payments,High
CC103969,39,Male,Bachelor,Single,Self-employed,9600000,41000000,65,0,0,0,7450000,17620000,19670000,2050000,8490000,8480000,1850000,0,0,30-39,14913333.33,6340000,0.363739837,Moderate,2,No Late Payments,Medium
CC103970,27,Male,Bachelor,Married,Other,5000000,24000000,45,3,2,1,19580000,16730000,15410000,1270000,6430000,3140000,3570000,4,1,21-29,17240000,3613333.333,0.718333333,High,3,Moderate,Low
CC103971,38,Male,Postgraduate,Single,Government,17600000,80000000,107,0,0,0,0,17440000,26620000,0,8230000,12180000,1770000,0,0,30-39,14686666.67,6803333.333,0.183583333,Low,1,No Late Payments,High
CC103972,63,Male,High School,Married,Contract,5300000,26000000,166,0,0,0,4490000,5770000,6430000,3790000,2470000,1930000,420000,0,0,60+,5563333.333,2730000,0.213974359,Low,1,No Late Payments,Low
CC103973,56,Male,Diploma,Other,Salaried,16200000,70000000,161,0,0,0,40780000,43680000,54820000,11910000,3390000,5120000,5180000,1,0,50-59,46426666.67,6806666.667,0.663238095,High,3,Low,High
CC103974,37,Female,Bachelor,Married,Self-employed,11900000,46000000,97,0,1,0,25490000,27490000,28020000,5670000,5540000,4560000,2370000,1,0,30-39,27000000,5256666.667,0.586956522,High,3,Low,Medium
CC103975,49,Male,Bachelor,Married,Government,16900000,91000000,76,0,0,0,24380000,26080000,28850000,3670000,17060000,10900000,1490000,0,0,40-49,26436666.67,10543333.33,0.290512821,Moderate,2,No Late Payments,High
CC103976,39,Male,Bachelor,Married,Self-employed,14000000,36000000,66,0,0,0,20270000,23950000,18380000,5990000,23810000,9600000,390000,3,0,30-39,20866666.67,13133333.33,0.57962963,High,3,Moderate,Low
CC103977,29,Female,Bachelor,Single,Government,5800000,34000000,86,3,2,0,15400000,15820000,14880000,4090000,950000,5090000,1610000,3,1,21-29,15366666.67,3376666.667,0.451960784,Moderate,2,Moderate,Low
CC103978,30,Female,Postgraduate,Single,Salaried,17700000,66000000,65,0,0,0,41000000,51620000,38230000,41280000,29570000,14140000,6570000,0,0,30-39,43616666.67,28330000,0.660858586,High,3,No Late Payments,High
CC103979,54,Female,Bachelor,Other,Salaried,17800000,122000000,174,0,0,0,64860000,61800000,38000000,39750000,61020000,15890000,1230000,1,0,50-59,54886666.67,38886666.67,0.44989071,Moderate,2,Low,Very High
CC103980,42,Male,Bachelor,Married,Salaried,15100000,97000000,177,0,0,0,59720000,42810000,61150000,6260000,17640000,55170000,2020000,0,0,40-49,54560000,26356666.67,0.562474227,High,3,No Late Payments,High
CC103981,44,Male,High School,Married,Contract,9600000,54000000,148,0,0,0,24220000,32170000,28110000,5730000,12300000,8430000,2100000,1,0,40-49,28166666.67,8820000,0.521604938,High,3,Low,Medium
CC103982,59,Female,High School,Married,Salaried,6400000,33000000,131,0,0,0,12740000,18760000,16570000,3300000,7710000,3650000,250000,1,0,50-59,16023333.33,4886666.667,0.485555556,Moderate,2,Low,Low
CC103983,41,Male,Postgraduate,Married,Salaried,14900000,48000000,125,0,1,0,23260000,28070000,17550000,20120000,8700000,16890000,3940000,1,0,40-49,22960000,15236666.67,0.478333333,Moderate,2,Low,Medium
CC103984,41,Female,Postgraduate,Married,Salaried,11500000,47000000,142,0,0,0,2500000,9920000,17370000,760000,9520000,16640000,480000,2,0,40-49,9930000,8973333.333,0.211276596,Low,1,Low,Medium
CC103985,32,Female,Diploma,Married,Salaried,9100000,48000000,70,0,0,0,15660000,9200000,10370000,5490000,9230000,3680000,2790000,0,0,30-39,11743333.33,6133333.333,0.244652778,Low,1,No Late Payments,Medium
CC103986,36,Female,Diploma,Single,Self-employed,18200000,136000000,83,0,0,0,73530000,76410000,49020000,30510000,22980000,15790000,1610000,1,0,30-39,66320000,23093333.33,0.487647059,Moderate,2,Low,Very High
CC103987,43,Male,Bachelor,Married,Government,13000000,70000000,112,0,0,0,16650000,25180000,8990000,6790000,23990000,3550000,820000,0,1,40-49,16940000,11443333.33,0.242,Low,1,No Late Payments,High
CC103988,48,Female,Bachelor,Married,Contract,11100000,65000000,224,0,1,0,17290000,32610000,32900000,4120000,10060000,4950000,280000,1,0,40-49,27600000,6376666.667,0.424615385,Moderate,2,Low,High
CC103989,41,Female,High School,Married,Self-employed,8000000,44000000,104,2,1,0,35550000,38480000,36780000,1010000,5350000,13160000,1330000,2,1,40-49,36936666.67,6506666.667,0.839469697,Very High,4,Low,Medium
CC103990,49,Female,Bachelor,Single,Self-employed,15500000,57000000,119,0,0,0,21290000,16770000,11990000,11310000,15660000,2520000,3290000,0,0,40-49,16683333.33,9830000,0.292690058,Moderate,2,No Late Payments,Medium
CC103991,52,Female,Bachelor,Single,Salaried,13800000,66000000,219,0,0,2,27450000,23240000,25890000,6560000,7110000,5790000,670000,1,0,50-59,25526666.67,6486666.667,0.386767677,Moderate,2,Low,High
CC103992,34,Male,Postgraduate,Married,Self-employed,17300000,113000000,64,0,0,0,26480000,14530000,16180000,7630000,5490000,3960000,1020000,0,0,30-39,19063333.33,5693333.333,0.168702065,Low,1,No Late Payments,Very High
CC103993,31,Male,High School,Other,Government,6100000,26000000,77,0,0,0,10280000,1690000,6580000,3910000,470000,6780000,150000,0,0,30-39,6183333.333,3720000,0.237820513,Low,1,No Late Payments,Low
CC103994,24,Female,Bachelor,Single,Salaried,9000000,42000000,4,0,3,0,16510000,20790000,25300000,3720000,2910000,6350000,3380000,1,1,21-29,20866666.67,4326666.667,0.496825397,Moderate,2,Low,Medium
CC103995,51,Female,Diploma,Married,Salaried,7900000,35000000,181,0,0,0,0,400000,2910000,0,400000,1810000,1750000,1,1,50-59,1103333.333,736666.6667,0.03152381,Low,1,Low,Low
CC103996,39,Female,Bachelor,Single,Salaried,11700000,66000000,92,1,1,0,16910000,17790000,9780000,6110000,4690000,4830000,3700000,2,0,30-39,14826666.67,5210000,0.224646465,Low,1,Low,High
CC103997,44,Female,Diploma,Married,Salaried,9600000,49000000,85,0,0,0,18680000,26490000,27600000,3520000,22230000,7660000,2600000,0,0,40-49,24256666.67,11136666.67,0.495034014,Moderate,2,No Late Payments,Medium
CC103998,25,Female,Bachelor,Single,Salaried,13900000,56000000,51,0,0,0,9880000,16040000,12160000,2840000,5690000,10410000,2530000,0,0,21-29,12693333.33,6313333.333,0.226666667,Low,1,No Late Payments,Medium
CC103999,42,Female,Postgraduate,Married,Salaried,23500000,125000000,96,0,1,0,26790000,19940000,33010000,10030000,6260000,17390000,1050000,1,0,40-49,26580000,11226666.67,0.21264,Low,1,Low,Very High
CC104000,43,Male,Bachelor,Married,Self-employed,23400000,114000000,76,0,0,0,10540000,1310000,2710000,4980000,1310000,1590000,3000000,0,0,40-49,4853333.333,2626666.667,0.042573099,Low,1,No Late Payments,Very High
CC104001,38,Male,Bachelor,Single,Government,9700000,39000000,64,2,0,0,29990000,28190000,29200000,630000,6730000,17200000,2170000,2,0,30-39,29126666.67,8186666.667,0.746837607,High,3,Low,Low
CC104002,45,Male,Bachelor,Married,Salaried,15300000,48000000,70,0,0,0,27720000,21400000,25220000,11130000,8400000,2420000,570000,0,0,40-49,24780000,7316666.667,0.51625,High,3,No Late Payments,Medium
CC104003,21,Female,Bachelor,Single,Contract,9000000,40000000,34,0,0,0,23810000,22670000,18480000,22400000,8090000,5710000,1280000,0,1,21-29,21653333.33,12066666.67,0.541333333,High,3,No Late Payments,Medium
CC104004,34,Female,Diploma,Married,Salaried,6500000,36000000,129,0,0,0,160000,0,5210000,160000,0,2050000,490000,0,0,30-39,1790000,736666.6667,0.049722222,Low,1,No Late Payments,Low
CC104005,49,Male,Bachelor,Married,Salaried,15700000,87000000,175,3,2,0,26330000,50830000,41770000,1220000,1850000,15060000,6380000,4,1,40-49,39643333.33,6043333.333,0.455670498,Moderate,2,Moderate,High
CC104006,35,Male,High School,Married,Government,8800000,42000000,105,2,2,1,23840000,34520000,28110000,5810000,680000,6210000,1990000,4,1,30-39,28823333.33,4233333.333,0.686269841,High,3,Moderate,Medium
CC104007,26,Male,Bachelor,Single,Government,10600000,31000000,58,0,0,0,9760000,5720000,11290000,4570000,1980000,11120000,2210000,0,0,21-29,8923333.333,5890000,0.287849462,Moderate,2,No Late Payments,Low
CC104008,31,Male,High School,Married,Salaried,5300000,22000000,53,0,0,0,18790000,17000000,14030000,8140000,8120000,4890000,660000,0,0,30-39,16606666.67,7050000,0.754848485,Very High,4,No Late Payments,Low
CC104009,36,Female,Bachelor,Single,Self-employed,18100000,89000000,136,0,0,0,24220000,23130000,0,23690000,10790000,0,6050000,0,0,30-39,15783333.33,11493333.33,0.177340824,Low,1,No Late Payments,High
CC104010,33,Male,Diploma,Married,Salaried,9300000,37000000,52,0,0,0,21680000,19450000,18580000,19100000,8370000,7360000,880000,0,1,30-39,19903333.33,11610000,0.537927928,High,3,No Late Payments,Low
CC104011,24,Female,Postgraduate,Single,Salaried,12200000,51000000,17,0,0,0,13790000,10940000,10830000,2920000,4470000,5830000,190000,0,0,21-29,11853333.33,4406666.667,0.232418301,Low,1,No Late Payments,Medium
CC104012,34,Female,Bachelor,Married,Salaried,8600000,34000000,61,1,1,0,8390000,11910000,10580000,1170000,2330000,2780000,340000,2,1,30-39,10293333.33,2093333.333,0.302745098,Moderate,2,Low,Low
CC104013,21,Male,Diploma,Single,Self-employed,8500000,27000000,32,0,0,0,22280000,22900000,22630000,4800000,20660000,3890000,2150000,1,0,21-29,22603333.33,9783333.333,0.837160494,Very High,4,Low,Low
CC104014,35,Male,Diploma,Married,Other,6600000,20000000,22,0,0,0,6370000,7600000,2400000,3490000,3260000,610000,1000000,0,0,30-39,5456666.667,2453333.333,0.272833333,Moderate,2,No Late Payments,Low
CC104015,40,Female,Bachelor,Married,Contract,8600000,36000000,92,0,0,1,22830000,21050000,19890000,3100000,3320000,5220000,2670000,1,0,40-49,21256666.67,3880000,0.590462963,High,3,Low,Low
CC104016,41,Male,High School,Married,Salaried,12000000,56000000,123,0,1,2,35310000,22470000,21820000,6290000,3220000,960000,470000,2,0,40-49,26533333.33,3490000,0.473809524,Moderate,2,Low,Medium
CC104017,34,Male,Postgraduate,Other,Government,13600000,97000000,56,3,0,0,67140000,62170000,73490000,1770000,12560000,14780000,8490000,2,0,30-39,67600000,9703333.333,0.696907216,High,3,Low,High
CC104018,54,Male,High School,Married,Contract,9500000,33000000,216,1,2,3,18380000,26860000,17880000,1370000,1490000,1740000,2140000,3,1,50-59,21040000,1533333.333,0.637575758,High,3,Moderate,Low
CC104019,37,Female,Bachelor,Married,Salaried,17700000,49000000,35,0,0,0,19210000,15630000,22260000,5490000,5870000,9580000,3000000,0,0,30-39,19033333.33,6980000,0.388435374,Moderate,2,No Late Payments,Medium
CC104020,23,Male,Bachelor,Single,Contract,6500000,25000000,3,3,3,3,26450000,25090000,23720000,460000,710000,270000,3210000,3,1,21-29,25086666.67,480000,1.003466667,Over Limit,5,Moderate,Low
CC104021,32,Male,Diploma,Single,Self-employed,9200000,64000000,71,0,0,0,41060000,37370000,26260000,9960000,15140000,9550000,1450000,0,0,30-39,34896666.67,11550000,0.545260417,High,3,No Late Payments,High
CC104022,21,Female,Postgraduate,Married,Other,10800000,25000000,36,0,0,0,1050000,880000,1080000,360000,560000,510000,690000,0,0,21-29,1003333.333,476666.6667,0.040133333,Low,1,No Late Payments,Low
CC104023,35,Male,Bachelor,Married,Self-employed,14300000,87000000,66,2,3,1,57810000,67540000,54810000,3840000,1900000,4310000,7080000,3,1,30-39,60053333.33,3350000,0.690268199,High,3,Moderate,High
CC104024,52,Female,Bachelor,Married,Salaried,16800000,57000000,178,1,0,0,47650000,40190000,35720000,10960000,10810000,10500000,3100000,2,0,50-59,41186666.67,10756666.67,0.722573099,High,3,Low,Medium
CC104025,40,Female,Bachelor,Married,Government,10600000,55000000,104,0,0,0,36390000,37690000,33790000,30460000,7160000,30410000,180000,0,0,40-49,35956666.67,22676666.67,0.653757576,High,3,No Late Payments,Medium
CC104026,34,Female,Diploma,Single,Salaried,10000000,42000000,74,3,1,0,9870000,5770000,18580000,1840000,2540000,14900000,4450000,3,1,30-39,11406666.67,6426666.667,0.271587302,Moderate,2,Moderate,Medium
CC104027,51,Male,High School,Married,Salaried,7400000,51000000,71,3,3,3,32390000,39040000,30330000,650000,7290000,860000,5590000,3,1,50-59,33920000,2933333.333,0.665098039,High,3,Moderate,Medium
CC104028,40,Male,Bachelor,Married,Salaried,12900000,34000000,89,3,3,0,12590000,15350000,15270000,370000,500000,15460000,3370000,2,1,40-49,14403333.33,5443333.333,0.423627451,Moderate,2,Low,Low
CC104029,39,Female,Postgraduate,Married,Self-employed,15700000,82000000,70,1,0,1,29250000,31590000,31140000,8110000,26670000,10950000,700000,2,0,30-39,30660000,15243333.33,0.373902439,Moderate,2,Low,High
CC104030,63,Female,Bachelor,Married,Salaried,16800000,84000000,124,0,0,0,32270000,13150000,9810000,31200000,5150000,9120000,1690000,0,0,60+,18410000,15156666.67,0.219166667,Low,1,No Late Payments,High
CC104031,45,Female,Bachelor,Married,Other,9000000,30000000,98,2,1,2,14870000,13420000,11790000,2250000,2980000,3520000,3350000,3,0,40-49,13360000,2916666.667,0.445333333,Moderate,2,Moderate,Low
CC104032,41,Male,High School,Single,Salaried,10800000,59000000,117,0,0,0,21310000,28920000,21110000,9580000,29580000,9220000,2510000,0,0,40-49,23780000,16126666.67,0.403050847,Moderate,2,No Late Payments,Medium
CC104033,31,Male,High School,Other,Government,9400000,43000000,52,0,0,0,3730000,8320000,9880000,900000,3180000,5000000,1510000,0,0,30-39,7310000,3026666.667,0.17,Low,1,No Late Payments,Medium
CC104034,43,Female,Bachelor,Other,Contract,8600000,49000000,129,0,0,0,16910000,20090000,18670000,14660000,6340000,5450000,1830000,0,0,40-49,18556666.67,8816666.667,0.378707483,Moderate,2,No Late Payments,Medium
CC104035,32,Male,Postgraduate,Married,Salaried,8000000,37000000,46,0,0,0,5660000,11290000,16470000,1750000,5040000,6090000,1260000,1,0,30-39,11140000,4293333.333,0.301081081,Moderate,2,Low,Low
CC104036,40,Female,High School,Married,Other,9700000,54000000,166,2,3,1,26210000,29450000,22310000,3830000,990000,7440000,2260000,3,1,40-49,25990000,4086666.667,0.481296296,Moderate,2,Moderate,Medium
CC104037,33,Female,Bachelor,Married,Salaried,17600000,88000000,57,0,0,0,48850000,35190000,47600000,9270000,10310000,23270000,4090000,0,0,30-39,43880000,14283333.33,0.498636364,Moderate,2,No Late Payments,High
CC104038,50,Female,Diploma,Other,Salaried,7200000,23000000,166,0,0,0,9770000,13210000,12800000,2300000,2620000,720000,1590000,1,0,50-59,11926666.67,1880000,0.518550725,High,3,Low,Low
CC104039,44,Male,Bachelor,Married,Salaried,14200000,68000000,86,0,0,3,18280000,2630000,8050000,19130000,920000,1000000,3000000,1,0,40-49,9653333.333,7016666.667,0.141960784,Low,1,Low,High
CC104040,39,Female,Diploma,Married,Self-employed,12000000,46000000,119,1,0,0,16950000,22050000,14910000,4050000,8000000,1520000,1070000,2,1,30-39,17970000,4523333.333,0.390652174,Moderate,2,Low,Medium
CC104041,44,Male,Diploma,Married,Self-employed,13900000,74000000,109,0,0,0,35520000,38150000,37090000,17340000,8090000,8350000,3670000,0,0,40-49,36920000,11260000,0.498918919,Moderate,2,No Late Payments,High
CC104042,30,Male,Bachelor,Single,Salaried,12400000,44000000,53,0,0,0,17270000,17880000,17350000,6030000,15870000,7780000,780000,1,0,30-39,17500000,9893333.333,0.397727273,Moderate,2,Low,Medium
CC104043,21,Female,Bachelor,Married,Contract,8000000,34000000,3,3,3,3,14200000,13840000,14430000,1220000,420000,460000,6280000,4,1,21-29,14156666.67,700000,0.416372549,Moderate,2,Moderate,Low
CC104044,37,Female,Bachelor,Single,Salaried,9100000,25000000,34,0,0,0,15940000,16690000,12820000,15220000,5570000,4910000,330000,0,0,30-39,15150000,8566666.667,0.606,High,3,No Late Payments,Low
CC104045,42,Male,High School,Single,Salaried,10400000,48000000,115,1,0,0,17940000,20850000,16560000,4200000,5560000,8090000,2530000,1,0,40-49,18450000,5950000,0.384375,Moderate,2,Low,Medium
CC104046,40,Female,Bachelor,Other,Self-employed,21500000,73000000,118,0,0,1,20110000,26010000,25530000,6610000,10550000,8780000,1140000,1,0,40-49,23883333.33,8646666.667,0.32716895,Moderate,2,Low,High
CC104047,50,Male,High School,Married,Government,13300000,51000000,162,2,3,0,30510000,33750000,26310000,1970000,810000,5770000,5440000,2,1,50-59,30190000,2850000,0.591960784,High,3,Low,Medium
CC104048,29,Male,Bachelor,Married,Contract,13900000,79000000,68,3,2,0,38680000,35770000,44960000,1760000,5800000,12980000,3160000,2,1,21-29,39803333.33,6846666.667,0.503839662,High,3,Low,High
CC104049,27,Male,High School,Married,Government,9900000,36000000,50,0,0,0,8650000,4600000,4140000,2280000,1300000,3600000,320000,0,0,21-29,5796666.667,2393333.333,0.161018519,Low,1,No Late Payments,Low
CC104050,35,Female,Bachelor,Married,Salaried,12600000,68000000,86,1,0,0,550000,0,3330000,550000,0,1130000,3947640,2,0,30-39,1293333.333,560000,0.019019608,Low,1,Low,High
CC104051,52,Male,Postgraduate,Married,Self-employed,32400000,186000000,146,0,1,0,54880000,30470000,19970000,4120000,5160000,16590000,10930000,1,0,50-59,35106666.67,8623333.333,0.18874552,Low,1,Low,Very High
CC104052,39,Male,High School,Single,Contract,9200000,46000000,145,0,0,0,25860000,10950000,18100000,7440000,5310000,5840000,510000,1,0,30-39,18303333.33,6196666.667,0.397898551,Moderate,2,Low,Medium
CC104053,51,Male,Bachelor,Married,Salaried,16400000,89000000,240,0,0,3,44810000,50390000,57500000,13510000,14510000,3390000,7280000,1,0,50-59,50900000,10470000,0.571910112,High,3,Low,High
CC104054,37,Male,High School,Married,Salaried,11100000,50000000,77,0,0,0,22080000,21310000,12940000,22510000,12500000,6120000,1580000,0,0,30-39,18776666.67,13710000,0.375533333,Moderate,2,No Late Payments,Medium
CC104055,40,Female,Bachelor,Married,Other,9900000,25000000,117,0,0,0,4280000,11200000,11970000,780000,3090000,4370000,140000,0,0,40-49,9150000,2746666.667,0.366,Moderate,2,No Late Payments,Low
CC104056,48,Male,High School,Married,Other,5300000,20000000,119,3,3,3,6330000,7880000,5060000,380000,350000,320000,2520000,3,1,40-49,6423333.333,350000,0.321166667,Moderate,2,Moderate,Low
CC104057,40,Female,High School,Single,Other,6900000,37000000,138,3,2,2,30130000,31410000,27390000,4890000,710000,650000,1890000,3,1,40-49,29643333.33,2083333.333,0.801171171,Very High,4,Moderate,Low
CC104058,46,Female,Diploma,Single,Other,8600000,44000000,180,0,0,0,16060000,15800000,16290000,6850000,12860000,2500000,1740000,1,0,40-49,16050000,7403333.333,0.364772727,Moderate,2,Low,Medium
CC104059,37,Female,High School,Married,Government,7000000,52000000,73,0,0,1,29280000,25030000,17500000,14050000,10210000,3600000,2850000,2,0,30-39,23936666.67,9286666.667,0.460320513,Moderate,2,Low,Medium
CC104060,47,Female,High School,Single,Salaried,15000000,54000000,147,0,3,3,39200000,39500000,41560000,33530000,900000,720000,2740000,3,1,40-49,40086666.67,11716666.67,0.742345679,High,3,Moderate,Medium
CC104061,47,Male,High School,Married,Self-employed,10400000,50000000,95,0,0,0,9930000,9790000,5100000,9710000,3410000,2470000,480000,0,0,40-49,8273333.333,5196666.667,0.165466667,Low,1,No Late Payments,Medium
CC104062,50,Male,Bachelor,Married,Self-employed,21300000,160000000,127,0,0,0,59140000,72530000,73120000,2210000,2260000,29910000,12090000,0,0,50-59,68263333.33,11460000,0.426645833,Moderate,2,No Late Payments,Very High
CC104063,39,Female,Diploma,Married,Government,16300000,86000000,138,2,0,0,58600000,46080000,50960000,3080000,3560000,10630000,5800000,1,0,30-39,51880000,5756666.667,0.603255814,High,3,Low,High
CC104064,44,Male,Bachelor,Married,Salaried,7500000,39000000,105,1,0,0,13160000,15380000,10160000,2280000,4450000,3330000,1540000,1,0,40-49,12900000,3353333.333,0.330769231,Moderate,2,Low,Low
CC104065,38,Male,Bachelor,Married,Salaried,6200000,32000000,118,0,0,0,12020000,14570000,14040000,2770000,4980000,8500000,1260000,1,0,30-39,13543333.33,5416666.667,0.423229167,Moderate,2,Low,Low
CC104066,40,Male,Bachelor,Single,Salaried,16100000,66000000,167,0,0,0,24700000,24270000,29880000,6660000,14980000,11390000,1680000,0,0,40-49,26283333.33,11010000,0.398232323,Moderate,2,No Late Payments,High
CC104067,46,Male,Diploma,Other,Government,15300000,89000000,113,0,0,0,24050000,28590000,26520000,5940000,13740000,21500000,2730000,0,0,40-49,26386666.67,13726666.67,0.296479401,Moderate,2,No Late Payments,High
CC104068,34,Female,Diploma,Married,Salaried,17100000,50000000,67,0,0,0,35810000,27070000,21000000,14970000,14440000,8110000,1700000,0,0,30-39,27960000,12506666.67,0.5592,High,3,No Late Payments,Medium
CC104069,32,Male,Postgraduate,Married,Salaried,11700000,27000000,58,0,0,0,18060000,16350000,14910000,5030000,3530000,6880000,1140000,0,0,30-39,16440000,5146666.667,0.608888889,High,3,No Late Payments,Low
CC104070,39,Male,Diploma,Single,Self-employed,11500000,38000000,71,0,0,0,9060000,10150000,15140000,2910000,9250000,12970000,1450000,0,0,30-39,11450000,8376666.667,0.301315789,Moderate,2,No Late Payments,Low
CC104071,23,Female,Postgraduate,Single,Salaried,11800000,55000000,12,0,0,0,23730000,27650000,14530000,9750000,9090000,3910000,1520000,0,0,21-29,21970000,7583333.333,0.399454545,Moderate,2,No Late Payments,Medium
CC104072,41,Male,Diploma,Married,Contract,8300000,40000000,124,0,0,0,21370000,15430000,11660000,8380000,13600000,3630000,490000,0,0,40-49,16153333.33,8536666.667,0.403833333,Moderate,2,No Late Payments,Medium
CC104073,21,Female,Bachelor,Single,Self-employed,10900000,59000000,40,0,0,0,0,4810000,3100000,0,1280000,1180000,1490000,0,0,21-29,2636666.667,820000,0.044689266,Low,1,No Late Payments,Medium
CC104074,34,Female,Bachelor,Married,Salaried,10200000,53000000,115,0,0,0,25060000,26950000,20760000,14950000,8920000,18040000,3060000,1,1,30-39,24256666.67,13970000,0.457672956,Moderate,2,Low,Medium
CC104075,32,Female,Bachelor,Married,Salaried,12000000,28000000,73,3,2,3,21450000,21610000,18390000,1940000,3400000,440000,2670000,3,1,30-39,20483333.33,1926666.667,0.731547619,High,3,Moderate,Low
CC104076,60,Male,Diploma,Single,Government,12000000,62000000,240,0,0,0,50780000,42970000,38490000,11090000,35380000,19650000,1040000,0,0,60+,44080000,22040000,0.710967742,High,3,No Late Payments,High
CC104077,43,Male,Bachelor,Married,Government,15900000,86000000,166,0,0,0,40830000,27520000,34590000,16460000,14300000,14620000,1000000,0,0,40-49,34313333.33,15126666.67,0.398992248,Moderate,2,No Late Payments,High
CC104078,36,Female,Bachelor,Married,Government,13000000,75000000,107,1,0,1,39720000,25690000,18600000,10840000,6710000,6680000,1660000,2,1,30-39,28003333.33,8076666.667,0.373377778,Moderate,2,Low,High
CC104079,41,Female,High School,Married,Government,5000000,22000000,134,3,0,0,7350000,4490000,3530000,290000,1840000,740000,2270000,2,1,40-49,5123333.333,956666.6667,0.232878788,Low,1,Low,Low
CC104080,46,Female,Diploma,Single,Self-employed,10100000,29000000,73,0,0,0,24300000,26180000,15960000,3690000,7840000,15440000,1480000,0,0,40-49,22146666.67,8990000,0.763678161,Very High,4,No Late Payments,Low
CC104081,26,Male,Bachelor,Single,Self-employed,13300000,57000000,36,0,0,0,25690000,22020000,31080000,6170000,4260000,6080000,630000,0,0,21-29,26263333.33,5503333.333,0.460760234,Moderate,2,No Late Payments,Medium
CC104082,28,Female,Diploma,Married,Self-employed,9900000,35000000,62,1,0,0,160000,9410000,16280000,160000,3350000,14430000,1820000,1,0,21-29,8616666.667,5980000,0.246190476,Low,1,Low,Low
CC104083,32,Male,Bachelor,Married,Salaried,13500000,81000000,80,1,0,0,42650000,41790000,37780000,13950000,15630000,14890000,2070000,1,0,30-39,40740000,14823333.33,0.502962963,High,3,Low,High
CC104084,21,Male,Bachelor,Single,Self-employed,7400000,29000000,5,3,3,0,7040000,8580000,9920000,390000,410000,2940000,2330000,4,1,21-29,8513333.333,1246666.667,0.293563218,Moderate,2,Moderate,Low
CC104085,35,Male,Bachelor,Married,Government,13600000,59000000,98,0,0,0,28580000,22230000,16970000,28740000,8010000,5310000,100000,0,0,30-39,22593333.33,14020000,0.382937853,Moderate,2,No Late Payments,Medium
CC104086,41,Male,High School,Married,Self-employed,16600000,92000000,158,0,0,0,36210000,34330000,22870000,10100000,9920000,15910000,1040000,0,0,40-49,31136666.67,11976666.67,0.338442029,Moderate,2,No Late Payments,High
CC104087,31,Female,Bachelor,Married,Self-employed,22100000,125000000,64,1,0,0,87960000,76240000,57190000,20380000,18100000,32560000,12530000,1,0,30-39,73796666.67,23680000,0.590373333,High,3,Low,Very High
CC104088,30,Female,Bachelor,Single,Salaried,8700000,49000000,53,0,0,0,16960000,12250000,4110000,3390000,11220000,800000,3360000,0,0,30-39,11106666.67,5136666.667,0.226666667,Low,1,No Late Payments,Medium
CC104089,48,Female,High School,Married,Other,11700000,33000000,115,0,0,0,21290000,23450000,18610000,9700000,13550000,4260000,2610000,1,0,40-49,21116666.67,9170000,0.63989899,High,3,Low,Low
CC104090,38,Male,Bachelor,Married,Government,16800000,107000000,127,0,0,0,36950000,39630000,17400000,13210000,13760000,6310000,3630000,0,0,30-39,31326666.67,11093333.33,0.292772586,Moderate,2,No Late Payments,Very High
CC104091,52,Female,Bachelor,Single,Self-employed,12800000,50000000,90,0,0,0,20600000,24140000,17530000,10890000,14050000,6440000,1180000,0,0,50-59,20756666.67,10460000,0.415133333,Moderate,2,No Late Payments,Medium
CC104092,41,Male,Bachelor,Married,Salaried,12300000,45000000,99,1,0,0,14320000,21300000,22500000,4990000,1730000,11680000,710000,1,0,40-49,19373333.33,6133333.333,0.430518519,Moderate,2,Low,Medium
CC104093,35,Male,Bachelor,Married,Contract,7400000,30000000,76,0,0,0,7200000,5950000,5980000,1600000,2090000,1350000,390000,0,0,30-39,6376666.667,1680000,0.212555556,Low,1,No Late Payments,Low
CC104094,33,Female,Diploma,Single,Contract,9800000,46000000,56,0,0,0,26620000,23340000,23710000,19650000,12170000,13080000,3750000,0,0,30-39,24556666.67,14966666.67,0.53384058,High,3,No Late Payments,Medium
CC104095,32,Female,Bachelor,Married,Self-employed,15700000,52000000,78,0,0,0,19750000,7190000,26520000,7900000,1140000,8230000,1360000,1,0,30-39,17820000,5756666.667,0.342692308,Moderate,2,Low,Medium
CC104096,47,Male,Bachelor,Married,Salaried,17700000,89000000,88,0,0,0,69650000,58080000,58400000,22000000,8300000,25970000,1140000,0,0,40-49,62043333.33,18756666.67,0.697116105,High,3,No Late Payments,High
CC104097,51,Male,High School,Married,Government,11700000,42000000,95,0,1,0,22030000,21850000,18400000,4900000,8140000,6180000,1050000,2,0,50-59,20760000,6406666.667,0.494285714,Moderate,2,Low,Medium
CC104098,56,Male,Diploma,Married,Government,20500000,77000000,240,0,0,0,7700000,7110000,16270000,2890000,3700000,7610000,3960000,0,0,50-59,10360000,4733333.333,0.134545455,Low,1,No Late Payments,High
CC104099,21,Male,High School,Married,Salaried,6100000,22000000,12,3,3,3,4260000,3460000,9480000,320000,270000,320000,2040000,4,1,21-29,5733333.333,303333.3333,0.260606061,Moderate,2,Moderate,Low
CC104100,53,Female,Bachelor,Married,Salaried,33000000,141000000,201,1,1,0,130500000,108390000,97560000,44760000,8370000,26640000,10930000,2,1,50-59,112150000,26590000,0.795390071,Very High,4,Low,Very High
CC104101,68,Male,High School,Married,Government,11600000,65000000,119,0,0,0,33050000,25780000,29080000,13410000,10850000,9700000,300000,0,0,60+,29303333.33,11320000,0.450820513,Moderate,2,No Late Payments,High
CC104102,39,Male,Bachelor,Married,Salaried,11700000,39000000,138,3,3,3,26860000,24420000,19550000,3490000,510000,740000,3490000,3,1,30-39,23610000,1580000,0.605384615,High,3,Moderate,Low
CC104103,22,Male,Diploma,Married,Salaried,5000000,20000000,42,0,0,2,80000,2380000,6360000,80000,280000,500000,1082533,1,0,21-29,2940000,286666.6667,0.147,Low,1,Low,Low
CC104104,21,Male,Diploma,Married,Salaried,8300000,36000000,27,0,0,0,4970000,5610000,3690000,2100000,1150000,1200000,1390000,0,0,21-29,4756666.667,1483333.333,0.13212963,Low,1,No Late Payments,Low
CC104105,21,Female,Bachelor,Single,Contract,7600000,29000000,9,2,1,0,22370000,23840000,23540000,1400000,6470000,5560000,1930000,4,0,21-29,23250000,4476666.667,0.801724138,Very High,4,Moderate,Low
CC104106,21,Female,High School,Single,Salaried,5000000,23000000,21,3,2,3,7330000,8170000,9030000,410000,320000,290000,640000,3,1,21-29,8176666.667,340000,0.355507246,Moderate,2,Moderate,Low
CC104107,27,Male,Bachelor,Married,Contract,12900000,48000000,64,0,1,0,16820000,17300000,14310000,6700000,2140000,6040000,260000,2,0,21-29,16143333.33,4960000,0.336319444,Moderate,2,Low,Medium
CC104108,33,Female,Postgraduate,Single,Salaried,12400000,51000000,57,0,0,0,7710000,6270000,9390000,3960000,1820000,4130000,3850000,0,0,30-39,7790000,3303333.333,0.152745098,Low,1,No Late Payments,Medium
CC104109,31,Female,Bachelor,Single,Other,6500000,20000000,93,1,3,3,9200000,9560000,9510000,310000,270000,370000,1330000,3,1,30-39,9423333.333,316666.6667,0.471166667,Moderate,2,Moderate,Low
CC104110,36,Female,Diploma,Married,Contract,14300000,49000000,126,0,0,0,12650000,13480000,10940000,3080000,4850000,2000000,1130000,0,0,30-39,12356666.67,3310000,0.252176871,Moderate,2,No Late Payments,Medium
CC104111,38,Female,Bachelor,Single,Self-employed,12100000,64000000,134,0,3,0,55480000,48690000,52620000,20200000,13910000,20520000,3260000,1,0,30-39,52263333.33,18210000,0.816614583,Very High,4,Low,High
CC104112,40,Female,Bachelor,Single,Salaried,18400000,116000000,90,0,0,1,60890000,44980000,33720000,22180000,17870000,14730000,7740000,1,0,40-49,46530000,18260000,0.40112069,Moderate,2,Low,Very High
CC104113,36,Female,Postgraduate,Married,Salaried,19500000,99000000,120,0,0,0,2620000,5510000,18660000,2420000,3410000,7910000,4560000,0,0,30-39,8930000,4580000,0.09020202,Low,1,No Late Payments,High
CC104114,42,Female,Bachelor,Married,Self-employed,13800000,60000000,68,0,0,1,28870000,28220000,33270000,8610000,12980000,6280000,1490000,1,0,40-49,30120000,9290000,0.502,High,3,Low,High
CC104115,39,Female,Diploma,Single,Salaried,9800000,56000000,134,0,0,0,2640000,4560000,4930000,1430000,4780000,2180000,5440658,0,0,30-39,4043333.333,2796666.667,0.072202381,Low,1,No Late Payments,Medium
CC104116,41,Male,High School,Married,Other,11200000,48000000,99,0,0,0,15290000,17890000,19050000,6850000,16260000,3550000,320000,0,0,40-49,17410000,8886666.667,0.362708333,Moderate,2,No Late Payments,Medium
CC104117,49,Male,Bachelor,Married,Self-employed,13600000,57000000,121,0,0,0,30040000,30110000,27190000,12140000,15850000,8980000,350000,0,1,40-49,29113333.33,12323333.33,0.510760234,High,3,No Late Payments,Medium
CC104118,33,Female,Bachelor,Married,Contract,10000000,53000000,56,3,3,3,45480000,43680000,39920000,7190000,4780000,6270000,2960000,4,1,30-39,43026666.67,6080000,0.811823899,Very High,4,Moderate,Medium
CC104119,36,Female,High School,Married,Other,5900000,31000000,117,3,3,3,11660000,19130000,17120000,560000,1500000,370000,5770000,4,1,30-39,15970000,810000,0.51516129,High,3,Moderate,Low
CC104120,52,Male,High School,Married,Salaried,13500000,59000000,197,3,0,0,32970000,29090000,37140000,1010000,13730000,4220000,4450000,2,0,50-59,33066666.67,6320000,0.560451977,High,3,Low,Medium
CC104121,41,Male,Diploma,Single,Salaried,11600000,46000000,147,3,0,0,40230000,31390000,31190000,1020000,16870000,3990000,3340000,1,0,40-49,34270000,7293333.333,0.745,High,3,Low,Medium
CC104122,33,Male,High School,Married,Self-employed,5400000,24000000,73,0,1,0,11290000,5420000,6580000,5080000,2230000,790000,110000,2,1,30-39,7763333.333,2700000,0.323472222,Moderate,2,Low,Low
CC104123,48,Female,Postgraduate,Other,Contract,20700000,108000000,189,0,0,0,15980000,8880000,4020000,14170000,3320000,2780000,8040000,0,0,40-49,9626666.667,6756666.667,0.089135802,Low,1,No Late Payments,Very High
CC104124,38,Female,Bachelor,Married,Self-employed,17200000,89000000,71,0,0,1,69270000,62480000,58530000,18480000,6380000,1560000,9930000,1,0,30-39,63426666.67,8806666.667,0.712659176,High,3,Low,High
CC104125,38,Female,Diploma,Married,Other,6300000,23000000,93,0,0,0,7180000,2460000,6320000,6970000,800000,1900000,960000,0,0,30-39,5320000,3223333.333,0.231304348,Low,1,No Late Payments,Low
CC104126,37,Female,Bachelor,Other,Salaried,13600000,30000000,95,0,0,0,21460000,19620000,18090000,9010000,11130000,6250000,1640000,0,0,30-39,19723333.33,8796666.667,0.657444444,High,3,No Late Payments,Low
CC104127,34,Male,High School,Single,Other,6700000,28000000,81,1,0,1,19580000,16690000,13260000,2590000,7040000,2060000,1300000,2,0,30-39,16510000,3896666.667,0.589642857,High,3,Low,Low
CC104128,33,Female,Bachelor,Married,Salaried,14800000,49000000,24,0,2,0,20780000,11150000,24420000,6350000,850000,6740000,3570000,1,0,30-39,18783333.33,4646666.667,0.383333333,Moderate,2,Low,Medium
CC104129,41,Female,Diploma,Other,Government,13700000,75000000,133,0,0,0,25400000,30660000,28170000,7410000,12070000,4640000,1180000,1,0,40-49,28076666.67,8040000,0.374355556,Moderate,2,Low,High
CC104130,38,Female,Diploma,Married,Salaried,9900000,35000000,62,0,0,0,26840000,20840000,21540000,2610000,6050000,3850000,2970000,0,0,30-39,23073333.33,4170000,0.659238095,High,3,No Late Payments,Low
CC104131,48,Female,Diploma,Married,Government,12000000,73000000,100,0,0,0,51060000,46070000,41910000,51540000,25780000,18700000,2730000,0,0,40-49,46346666.67,32006666.67,0.634885845,High,3,No Late Payments,High
CC104132,46,Female,Diploma,Married,Government,14100000,99000000,137,0,0,0,42520000,40480000,29590000,20730000,38430000,10930000,2520000,0,0,40-49,37530000,23363333.33,0.379090909,Moderate,2,No Late Payments,High
CC104133,50,Male,Diploma,Married,Salaried,13200000,53000000,164,0,1,2,39550000,33170000,25280000,20470000,2670000,1160000,3170000,2,0,50-59,32666666.67,8100000,0.616352201,High,3,Low,Medium
CC104134,41,Female,Diploma,Married,Salaried,12600000,55000000,50,2,0,0,21740000,17810000,18900000,5980000,16060000,2730000,920000,1,0,40-49,19483333.33,8256666.667,0.354242424,Moderate,2,Low,Medium
CC104135,40,Female,High School,Married,Salaried,7000000,28000000,54,0,0,0,12750000,9420000,7570000,5680000,4150000,1950000,730000,0,0,40-49,9913333.333,3926666.667,0.354047619,Moderate,2,No Late Payments,Low
CC104136,42,Male,Bachelor,Single,Salaried,14600000,65000000,108,0,0,0,13030000,10400000,2010000,5050000,4980000,2100000,960000,0,0,40-49,8480000,4043333.333,0.130461538,Low,1,No Late Payments,High
CC104137,21,Female,High School,Single,Government,5300000,20000000,6,3,3,2,16530000,15860000,14790000,370000,3390000,1840000,1570000,5,1,21-29,15726666.67,1866666.667,0.786333333,Very High,4,High,Low
CC104138,50,Male,Bachelor,Married,Self-employed,13600000,41000000,173,3,3,2,26300000,33600000,33940000,1030000,720000,500000,2740000,3,1,50-59,31280000,750000,0.762926829,Very High,4,Moderate,Medium
CC104139,40,Female,High School,Married,Other,6700000,22000000,108,3,3,3,13670000,12190000,14810000,360000,460000,350000,2840000,3,1,40-49,13556666.67,390000,0.616212121,High,3,Moderate,Low
CC104140,48,Female,Bachelor,Other,Salaried,10300000,29000000,69,0,0,0,20920000,19390000,20570000,10330000,5780000,21160000,730000,1,0,40-49,20293333.33,12423333.33,0.699770115,High,3,Low,Low
CC104141,40,Male,Bachelor,Married,Government,11300000,44000000,143,0,0,0,3220000,10610000,5130000,1050000,6110000,4690000,1510000,0,0,40-49,6320000,3950000,0.143636364,Low,1,No Late Payments,Medium
CC104142,29,Male,Bachelor,Single,Salaried,5000000,21000000,70,0,0,0,6770000,2360000,6090000,6580000,590000,2440000,770000,0,0,21-29,5073333.333,3203333.333,0.241587302,Low,1,No Late Payments,Low
CC104143,30,Male,Diploma,Married,Salaried,8200000,39000000,57,0,0,0,24800000,21350000,15500000,9180000,18750000,8190000,330000,0,0,30-39,20550000,12040000,0.526923077,High,3,No Late Payments,Low
CC104144,31,Female,Diploma,Married,Salaried,7300000,23000000,57,3,0,0,16700000,17220000,13020000,350000,2740000,1140000,910000,1,1,30-39,15646666.67,1410000,0.680289855,High,3,Low,Low
CC104145,32,Female,Bachelor,Married,Salaried,17500000,117000000,74,2,0,1,105360000,121010000,120250000,32460000,39950000,17500000,9810000,2,1,30-39,115540000,29970000,0.987521368,Very High,4,Low,Very High
CC104146,33,Female,Diploma,Married,Other,6400000,32000000,73,0,0,0,16490000,16870000,16940000,3370000,1410000,3610000,1220000,1,0,30-39,16766666.67,2796666.667,0.523958333,High,3,Low,Low
CC104147,54,Female,Bachelor,Married,Contract,12200000,43000000,161,0,0,2,19740000,20640000,20330000,870000,10030000,770000,3250000,2,0,50-59,20236666.67,3890000,0.470620155,Moderate,2,Low,Medium
CC104148,31,Female,Diploma,Married,Self-employed,11500000,44000000,89,0,0,0,22830000,13400000,9150000,8950000,11530000,2650000,1360000,0,0,30-39,15126666.67,7710000,0.343787879,Moderate,2,No Late Payments,Medium
CC104149,24,Female,Diploma,Married,Government,9000000,46000000,16,2,1,0,7870000,14040000,10970000,1570000,4020000,2070000,490000,2,1,21-29,10960000,2553333.333,0.23826087,Low,1,Low,Medium
CC104150,47,Female,High School,Married,Contract,9700000,60000000,126,0,0,0,1540000,8620000,5020000,880000,7530000,2100000,2930000,0,0,40-49,5060000,3503333.333,0.084333333,Low,1,No Late Payments,High
CC104151,34,Female,Bachelor,Single,Self-employed,10300000,47000000,119,0,0,0,16340000,22480000,12490000,15280000,5770000,3340000,1290000,0,0,30-39,17103333.33,8130000,0.363900709,Moderate,2,No Late Payments,Medium
CC104152,42,Female,Postgraduate,Married,Salaried,20100000,76000000,145,0,0,0,58600000,47020000,42060000,50170000,27580000,18950000,1460000,0,0,40-49,49226666.67,32233333.33,0.647719298,High,3,No Late Payments,High
CC104153,34,Female,Diploma,Single,Salaried,7700000,29000000,35,0,0,0,9190000,15120000,13830000,8130000,6600000,11970000,810000,1,0,30-39,12713333.33,8900000,0.438390805,Moderate,2,Low,Low
CC104154,28,Male,Bachelor,Married,Government,8900000,51000000,68,0,0,0,15120000,14300000,15120000,12170000,8590000,6100000,510000,0,0,21-29,14846666.67,8953333.333,0.291111111,Moderate,2,No Late Payments,Medium
CC104155,40,Female,Bachelor,Married,Government,13200000,30000000,114,0,0,0,11570000,1780000,1910000,3640000,1140000,910000,870000,1,0,40-49,5086666.667,1896666.667,0.169555556,Low,1,Low,Low
CC104156,44,Male,Bachelor,Single,Salaried,13300000,55000000,116,2,2,2,34020000,25540000,24370000,1400000,990000,2290000,4170000,3,1,40-49,27976666.67,1560000,0.508666667,High,3,Moderate,Medium
CC104157,38,Male,Bachelor,Single,Salaried,12400000,65000000,130,0,1,2,5240000,3710000,10790000,5050000,2060000,2380000,3660000,2,0,30-39,6580000,3163333.333,0.101230769,Low,1,Low,High
CC104158,25,Male,Bachelor,Single,Contract,6700000,20000000,3,1,0,0,8260000,8260000,9360000,1880000,2420000,1990000,2930000,1,0,21-29,8626666.667,2096666.667,0.431333333,Moderate,2,Low,Low
CC104159,43,Male,High School,Married,Salaried,13600000,63000000,119,2,0,0,38850000,37560000,40210000,10130000,13170000,13140000,930000,1,1,40-49,38873333.33,12146666.67,0.617037037,High,3,Low,High
CC104160,26,Male,Bachelor,Single,Salaried,12600000,43000000,27,0,0,1,28220000,32600000,34830000,8640000,17430000,5470000,310000,1,0,21-29,31883333.33,10513333.33,0.741472868,High,3,Low,Medium
CC104161,32,Male,Bachelor,Married,Salaried,13700000,72000000,97,2,2,2,52000000,42900000,39630000,1990000,1450000,7690000,3280000,3,0,30-39,44843333.33,3710000,0.622824074,High,3,Moderate,High
CC104162,39,Male,Postgraduate,Married,Self-employed,24300000,119000000,125,0,1,0,31030000,26480000,33380000,10300000,6310000,14570000,4130000,2,0,30-39,30296666.67,10393333.33,0.254593838,Moderate,2,Low,Very High
CC104163,44,Male,Bachelor,Married,Salaried,19600000,108000000,175,0,0,0,47870000,50450000,56330000,23040000,12320000,13700000,8500000,1,0,40-49,51550000,16353333.33,0.477314815,Moderate,2,Low,Very High
CC104164,48,Male,Bachelor,Married,Salaried,8600000,54000000,134,0,0,0,5330000,15460000,21580000,2160000,7260000,21850000,770000,1,0,40-49,14123333.33,10423333.33,0.26154321,Moderate,2,Low,Medium
CC104165,37,Female,High School,Married,Salaried,6400000,31000000,110,2,3,0,22860000,24500000,20520000,2900000,330000,5910000,2490000,2,1,30-39,22626666.67,3046666.667,0.729892473,High,3,Low,Low
CC104166,29,Female,Diploma,Married,Contract,5400000,26000000,79,0,0,0,5340000,3230000,1080000,2350000,1310000,570000,960000,0,0,21-29,3216666.667,1410000,0.123717949,Low,1,No Late Payments,Low
CC104167,49,Female,Postgraduate,Other,Contract,11800000,25000000,83,3,3,3,12600000,13320000,10410000,2020000,440000,1090000,1930000,3,1,40-49,12110000,1183333.333,0.4844,Moderate,2,Moderate,Low
CC104168,68,Male,Postgraduate,Married,Government,25900000,97000000,157,0,0,0,17420000,34760000,46470000,6170000,8260000,13980000,6280000,0,0,60+,32883333.33,9470000,0.339003436,Moderate,2,No Late Payments,High
CC104169,29,Male,Postgraduate,Married,Salaried,15400000,61000000,25,0,0,0,21040000,24470000,16480000,4990000,11700000,5330000,780000,0,0,21-29,20663333.33,7340000,0.338743169,Moderate,2,No Late Payments,High
CC104170,45,Female,Diploma,Other,Government,17800000,89000000,125,0,0,0,3110000,16000000,24000000,940000,6590000,11160000,1530000,0,0,40-49,14370000,6230000,0.161460674,Low,1,No Late Payments,High
CC104171,55,Male,High School,Other,Salaried,10400000,42000000,107,1,0,0,15660000,18130000,16260000,6470000,6370000,5210000,2310000,1,0,50-59,16683333.33,6016666.667,0.397222222,Moderate,2,Low,Medium
CC104172,37,Female,High School,Single,Salaried,8600000,57000000,122,0,0,0,12750000,2360000,0,12300000,1240000,0,2560000,0,0,30-39,5036666.667,4513333.333,0.088362573,Low,1,No Late Payments,Medium
CC104173,41,Female,Bachelor,Married,Contract,10400000,45000000,100,0,0,2,25570000,27710000,27490000,4580000,10580000,5220000,2220000,2,0,40-49,26923333.33,6793333.333,0.598296296,High,3,Low,Medium
CC104174,28,Female,Diploma,Married,Government,6400000,30000000,69,0,0,1,22140000,17680000,19770000,8570000,4630000,4670000,1000000,1,0,21-29,19863333.33,5956666.667,0.662111111,High,3,Low,Low
CC104175,43,Female,Postgraduate,Married,Salaried,21500000,88000000,56,0,0,0,55620000,61430000,46950000,22680000,19320000,22410000,470000,0,0,40-49,54666666.67,21470000,0.621212121,High,3,No Late Payments,High
CC104176,31,Male,Bachelor,Single,Other,13100000,66000000,90,0,0,0,22140000,19360000,10610000,2970000,11610000,1270000,790000,2,0,30-39,17370000,5283333.333,0.263181818,Moderate,2,Low,High
CC104177,56,Female,Bachelor,Married,Salaried,13800000,81000000,156,3,0,0,38230000,35380000,32020000,1420000,8310000,10360000,5020000,1,0,50-59,35210000,6696666.667,0.434691358,Moderate,2,Low,High
CC104178,36,Female,Bachelor,Single,Self-employed,15100000,75000000,101,3,2,3,48040000,60490000,45620000,1210000,11190000,1580000,7050000,3,1,30-39,51383333.33,4660000,0.685111111,High,3,Moderate,High
CC104179,21,Male,High School,Single,Contract,5000000,20000000,25,0,0,0,1490000,4130000,2270000,390000,1160000,1030000,570000,0,0,21-29,2630000,860000,0.1315,Low,1,No Late Payments,Low
CC104180,38,Male,Diploma,Other,Other,5800000,31000000,140,0,0,0,10150000,10740000,11430000,4280000,3100000,5880000,1920000,2,0,30-39,10773333.33,4420000,0.347526882,Moderate,2,Low,Low
CC104181,41,Female,High School,Married,Self-employed,9700000,42000000,82,0,0,0,17310000,19550000,15910000,7130000,2910000,13800000,5600000,0,0,40-49,17590000,7946666.667,0.418809524,Moderate,2,No Late Payments,Medium
CC104182,44,Female,High School,Married,Salaried,11500000,73000000,161,3,3,3,63090000,70550000,69660000,1890000,1310000,1430000,8280000,4,1,40-49,67766666.67,1543333.333,0.928310502,Very High,4,Moderate,High
CC104183,29,Female,Bachelor,Married,Self-employed,14600000,72000000,34,0,0,2,23800000,25540000,28480000,3760000,10300000,1610000,1870000,1,0,21-29,25940000,5223333.333,0.360277778,Moderate,2,Low,High
CC104184,37,Female,High School,Married,Other,5000000,28000000,135,1,0,0,10500000,9620000,11190000,3200000,4770000,5650000,1060000,2,0,30-39,10436666.67,4540000,0.372738095,Moderate,2,Low,Low
CC104185,40,Male,Bachelor,Married,Salaried,7300000,37000000,114,0,0,0,17670000,20020000,23210000,3650000,5420000,4220000,2070000,1,0,40-49,20300000,4430000,0.548648649,High,3,Low,Low
CC104186,31,Male,Bachelor,Married,Salaried,17200000,83000000,54,0,0,0,35880000,35770000,29850000,13940000,8870000,9250000,3300000,0,0,30-39,33833333.33,10686666.67,0.407630522,Moderate,2,No Late Payments,High
CC104187,38,Female,Bachelor,Single,Government,18100000,125000000,122,0,0,0,36560000,5230000,14840000,16110000,2200000,5220000,6070000,1,0,30-39,18876666.67,7843333.333,0.151013333,Low,1,Low,Very High
CC104188,46,Male,Diploma,Single,Salaried,15300000,56000000,110,0,0,0,2770000,16640000,18840000,2450000,8420000,8240000,860000,1,0,40-49,12750000,6370000,0.227678571,Low,1,Low,Medium
CC104189,26,Female,High School,Single,Salaried,7400000,41000000,37,0,3,0,26060000,27520000,32050000,9060000,4750000,7420000,1400000,1,0,21-29,28543333.33,7076666.667,0.696178862,High,3,Low,Medium
CC104190,37,Male,Bachelor,Married,Self-employed,15400000,79000000,91,0,0,0,20500000,41070000,25510000,8970000,14030000,21660000,170000,0,0,30-39,29026666.67,14886666.67,0.36742616,Moderate,2,No Late Payments,High
CC104191,42,Male,Diploma,Married,Self-employed,9600000,68000000,117,0,0,0,9650000,12670000,9090000,3450000,10520000,3940000,2310000,0,0,40-49,10470000,5970000,0.153970588,Low,1,No Late Payments,High
CC104192,43,Female,Bachelor,Married,Salaried,14900000,59000000,105,0,0,0,11290000,20280000,24810000,3580000,6360000,10550000,1470000,0,0,40-49,18793333.33,6830000,0.318531073,Moderate,2,No Late Payments,Medium
CC104193,45,Female,High School,Married,Salaried,9300000,45000000,137,0,0,0,11550000,16590000,6900000,3720000,7830000,3480000,2440000,0,0,40-49,11680000,5010000,0.259555556,Moderate,2,No Late Payments,Medium
CC104194,38,Male,Postgraduate,Married,Salaried,12800000,62000000,29,0,0,0,18260000,20100000,20770000,18360000,6690000,20190000,2090000,0,0,30-39,19710000,15080000,0.317903226,Moderate,2,No Late Payments,High
CC104195,50,Female,Postgraduate,Married,Government,24300000,94000000,168,0,0,0,12070000,17230000,8070000,3850000,4850000,2060000,1980000,0,0,50-59,12456666.67,3586666.667,0.13251773,Low,1,No Late Payments,High
CC104196,32,Male,High School,Married,Salaried,7300000,35000000,75,0,0,0,11160000,9550000,8020000,2890000,510000,3380000,1930000,1,0,30-39,9576666.667,2260000,0.273619048,Moderate,2,Low,Low
CC104197,21,Male,Diploma,Single,Self-employed,8500000,31000000,8,3,0,2,14490000,16710000,18440000,680000,1090000,2820000,1210000,2,1,21-29,16546666.67,1530000,0.533763441,High,3,Low,Low
CC104198,40,Male,Diploma,Other,Other,8300000,33000000,102,3,0,0,22500000,17260000,19340000,2080000,4680000,9530000,1640000,2,1,40-49,19700000,5430000,0.596969697,High,3,Low,Low
CC104199,42,Female,Postgraduate,Married,Salaried,17300000,69000000,181,0,0,0,6900000,15680000,20520000,4170000,6260000,7320000,950000,0,0,40-49,14366666.67,5916666.667,0.20821256,Low,1,No Late Payments,High
CC104200,42,Male,High School,Other,Self-employed,10200000,50000000,96,1,0,0,27630000,24600000,20650000,6920000,7780000,1900000,3660000,2,0,40-49,24293333.33,5533333.333,0.485866667,Moderate,2,Low,Medium
CC104201,45,Female,Diploma,Other,Self-employed,14900000,101000000,171,1,2,3,55140000,54630000,43370000,9560000,5890000,1530000,9790000,4,0,40-49,51046666.67,5660000,0.505412541,High,3,Moderate,Very High
CC104202,40,Female,Diploma,Married,Salaried,9400000,49000000,32,0,0,0,22660000,13520000,17110000,3750000,1690000,4630000,2530000,0,0,40-49,17763333.33,3356666.667,0.362517007,Moderate,2,No Late Payments,Medium
CC104203,37,Female,Postgraduate,Single,Salaried,16400000,80000000,80,0,0,0,56320000,35750000,30320000,22270000,19570000,13940000,560000,0,0,30-39,40796666.67,18593333.33,0.509958333,High,3,No Late Payments,High
CC104204,34,Male,Diploma,Married,Government,8900000,36000000,65,3,0,0,17610000,12250000,8610000,4420000,770000,1030000,3290000,1,1,30-39,12823333.33,2073333.333,0.356203704,Moderate,2,Low,Low
CC104205,34,Female,Diploma,Single,Other,7500000,20000000,92,3,3,3,10750000,7870000,8600000,270000,1880000,330000,1210000,4,1,30-39,9073333.333,826666.6667,0.453666667,Moderate,2,Moderate,Low
CC104206,41,Female,Bachelor,Married,Salaried,20500000,138000000,121,0,0,0,39060000,33240000,21320000,13860000,15220000,6560000,890000,0,0,40-49,31206666.67,11880000,0.226135266,Low,1,No Late Payments,Very High
CC104207,48,Female,Postgraduate,Other,Government,28000000,158000000,179,0,0,0,29210000,25830000,50090000,10420000,9650000,10390000,6350000,0,0,40-49,35043333.33,10153333.33,0.221793249,Low,1,No Late Payments,Very High
CC104208,40,Male,Bachelor,Married,Salaried,8300000,29000000,97,0,0,0,21150000,21390000,21150000,8580000,21230000,19340000,1060000,0,0,40-49,21230000,16383333.33,0.732068966,High,3,No Late Payments,Low
CC104209,28,Male,Bachelor,Married,Self-employed,23400000,87000000,13,0,0,0,10410000,15180000,18380000,3680000,5580000,6060000,20000,0,0,21-29,14656666.67,5106666.667,0.168467433,Low,1,No Late Payments,High
CC104210,39,Male,Bachelor,Married,Salaried,18100000,83000000,22,0,0,0,4290000,7810000,360000,1320000,3650000,360000,1240000,0,1,30-39,4153333.333,1776666.667,0.050040161,Low,1,No Late Payments,High
CC104211,36,Male,Postgraduate,Married,Salaried,11000000,53000000,120,0,0,0,26700000,27140000,33800000,14460000,22230000,12950000,1980000,1,0,30-39,29213333.33,16546666.67,0.551194969,High,3,Low,Medium
CC104212,33,Female,Bachelor,Married,Self-employed,20800000,58000000,61,0,0,0,34010000,32290000,29380000,12720000,12750000,9970000,920000,1,0,30-39,31893333.33,11813333.33,0.549885057,High,3,Low,Medium
CC104213,40,Male,Diploma,Married,Salaried,7300000,33000000,139,3,3,3,26560000,24720000,23640000,670000,2400000,2850000,3400000,3,1,40-49,24973333.33,1973333.333,0.756767677,Very High,4,Moderate,Low
CC104214,41,Male,Postgraduate,Married,Salaried,16400000,78000000,128,0,0,0,3650000,11910000,17680000,1190000,6610000,6180000,7548278,0,0,40-49,11080000,4660000,0.142051282,Low,1,No Late Payments,High
CC104215,38,Male,Bachelor,Married,Self-employed,16100000,84000000,105,0,0,0,1050000,6100000,11330000,1050000,3130000,1700000,4780000,1,0,30-39,6160000,1960000,0.073333333,Low,1,Low,High
CC104216,36,Female,Bachelor,Single,Salaried,9900000,40000000,96,0,2,0,6020000,6600000,8940000,1080000,900000,4100000,4200000,2,0,30-39,7186666.667,2026666.667,0.179666667,Low,1,Low,Medium
CC104217,38,Male,High School,Married,Salaried,13400000,67000000,67,3,3,3,42850000,43430000,44730000,2390000,3070000,1430000,6430000,3,1,30-39,43670000,2296666.667,0.651791045,High,3,Moderate,High
CC104218,39,Female,Bachelor,Married,Government,7600000,25000000,126,0,0,0,1930000,1340000,4580000,1600000,660000,1010000,730000,0,0,30-39,2616666.667,1090000,0.104666667,Low,1,No Late Payments,Low
CC104219,39,Male,Diploma,Single,Salaried,9900000,58000000,127,3,3,3,34970000,32120000,31880000,1150000,900000,1220000,4380000,3,1,30-39,32990000,1090000,0.568793103,High,3,Moderate,Medium
CC104220,38,Female,Bachelor,Married,Government,14900000,80000000,59,0,0,0,23240000,10920000,27100000,5420000,9990000,8660000,2860000,0,0,30-39,20420000,8023333.333,0.25525,Moderate,2,No Late Payments,High
